ISO-10303-21;
HEADER;
FILE_DESCRIPTION(('Open CASCADE Model'),'2;1');
FILE_NAME('Open CASCADE Shape Model','2026-09-27T21:55:36',('Author'),(
    'Open CASCADE'),'Open CASCADE STEP processor 7.9','Open CASCADE 7.9'
  ,'Unknown');
FILE_SCHEMA(('AUTOMOTIVE_DESIGN { 1 0 10303 214 1 1 1 1 }'));
ENDSEC;
DATA;
#1 = APPLICATION_PROTOCOL_DEFINITION('international standard',
  'automotive_design',2000,#2);
#2 = APPLICATION_CONTEXT(
  'core data for automotive mechanical design processes');
#3 = SHAPE_DEFINITION_REPRESENTATION(#4,#10);
#4 = PRODUCT_DEFINITION_SHAPE('','',#5);
#5 = PRODUCT_DEFINITION('design','',#6,#9);
#6 = PRODUCT_DEFINITION_FORMATION('','',#7);
#7 = PRODUCT('Open CASCADE STEP translator 7.9 6',
  'Open CASCADE STEP translator 7.9 6','',(#8));
#8 = PRODUCT_CONTEXT('',#2,'mechanical');
#9 = PRODUCT_DEFINITION_CONTEXT('part definition',#2,'design');
#10 = ADVANCED_BREP_SHAPE_REPRESENTATION('',(#11,#15),#9978);
#11 = AXIS2_PLACEMENT_3D('',#12,#13,#14);
#12 = CARTESIAN_POINT('',(0.,0.,0.));
#13 = DIRECTION('',(0.,0.,1.));
#14 = DIRECTION('',(1.,0.,-0.));
#15 = MANIFOLD_SOLID_BREP('',#16);
#16 = CLOSED_SHELL('',(#17,#456,#511,#546,#601,#967,#1022,#1076,#1150,
    #1361,#1406,#1483,#1537,#1562,#1635,#1959,#2040,#2340,#2432,#2660,
    #2756,#2836,#2944,#3024,#3120,#3315,#3361,#3644,#5145,#5400,#5715,
    #5770,#5805,#5855,#5990,#6062,#6213,#6267,#6334,#6467,#6587,#6641,
    #6686,#6711,#6831,#6874,#6917,#6990,#7047,#7097,#7162,#7209,#7237,
    #7516,#7572,#7847,#7883,#7929,#8502,#8557,#8561,#8616,#8651,#8706,
    #8710,#8765,#8769,#8812,#8871,#8925,#8955,#9721,#9750,#9793,#9836,
    #9879,#9922,#9969));
#17 = ADVANCED_FACE('',(#18,#386,#421),#32,.T.);
#18 = FACE_BOUND('',#19,.T.);
#19 = EDGE_LOOP('',(#20,#63,#89,#122,#155,#183,#216,#244,#277,#305,#331)
  );
#20 = ORIENTED_EDGE('',*,*,#21,.F.);
#21 = EDGE_CURVE('',#22,#24,#26,.T.);
#22 = VERTEX_POINT('',#23);
#23 = CARTESIAN_POINT('',(19.,23.95,-8.943062259362));
#24 = VERTEX_POINT('',#25);
#25 = CARTESIAN_POINT('',(19.,23.95,12.955660196211));
#26 = SURFACE_CURVE('',#27,(#31,#43),.PCURVE_S1.);
#27 = LINE('',#28,#29);
#28 = CARTESIAN_POINT('',(19.,23.95,-20.));
#29 = VECTOR('',#30,1.);
#30 = DIRECTION('',(0.,0.,1.));
#31 = PCURVE('',#32,#37);
#32 = PLANE('',#33);
#33 = AXIS2_PLACEMENT_3D('',#34,#35,#36);
#34 = CARTESIAN_POINT('',(47.664806985459,23.95,-5.539144741464));
#35 = DIRECTION('',(-0.,1.,-1.110223024625E-16));
#36 = DIRECTION('',(-1.,0.,0.));
#37 = DEFINITIONAL_REPRESENTATION('',(#38),#42);
#38 = LINE('',#39,#40);
#39 = CARTESIAN_POINT('',(28.664806985459,-14.46085525853));
#40 = VECTOR('',#41,1.);
#41 = DIRECTION('',(0.,1.));
#42 = ( GEOMETRIC_REPRESENTATION_CONTEXT(2) 
PARAMETRIC_REPRESENTATION_CONTEXT() REPRESENTATION_CONTEXT('2D SPACE',''
  ) );
#43 = PCURVE('',#44,#57);
#44 = SURFACE_OF_LINEAR_EXTRUSION('',#45,#55);
#45 = B_SPLINE_CURVE_WITH_KNOTS('',3,(#46,#47,#48,#49,#50,#51,#52,#53,
    #54),.UNSPECIFIED.,.F.,.F.,(4,1,1,1,1,1,4),(0.,5.099019513593,
    14.947877315389,35.00404843552,59.114004885087,82.858688500583,
    106.45026538726),.UNSPECIFIED.);
#46 = CARTESIAN_POINT('',(119.,0.,-20.));
#47 = CARTESIAN_POINT('',(119.25015575846,2.100943677804,-20.));
#48 = CARTESIAN_POINT('',(118.20933796476,6.928521426885,-20.));
#49 = CARTESIAN_POINT('',(104.90342489931,10.294149351434,-20.));
#50 = CARTESIAN_POINT('',(87.976646104408,10.280023869237,-20.));
#51 = CARTESIAN_POINT('',(64.853647963417,11.894601160459,-20.));
#52 = CARTESIAN_POINT('',(42.119222411164,18.867530168312,-20.));
#53 = CARTESIAN_POINT('',(26.776467914441,22.762209409529,-20.));
#54 = CARTESIAN_POINT('',(19.,23.95,-20.));
#55 = VECTOR('',#56,1.);
#56 = DIRECTION('',(-0.,-0.,-1.));
#57 = DEFINITIONAL_REPRESENTATION('',(#58),#62);
#58 = LINE('',#59,#60);
#59 = CARTESIAN_POINT('',(106.45026538726,0.));
#60 = VECTOR('',#61,1.);
#61 = DIRECTION('',(0.,-1.));
#62 = ( GEOMETRIC_REPRESENTATION_CONTEXT(2) 
PARAMETRIC_REPRESENTATION_CONTEXT() REPRESENTATION_CONTEXT('2D SPACE',''
  ) );
#63 = ORIENTED_EDGE('',*,*,#64,.F.);
#64 = EDGE_CURVE('',#65,#22,#67,.T.);
#65 = VERTEX_POINT('',#66);
#66 = CARTESIAN_POINT('',(9.093080219111,23.95,-4.279999080468));
#67 = SURFACE_CURVE('',#68,(#72,#78),.PCURVE_S1.);
#68 = LINE('',#69,#70);
#69 = CARTESIAN_POINT('',(47.720719421135,23.95,-22.46154551814));
#70 = VECTOR('',#71,1.);
#71 = DIRECTION('',(0.904784101404,-4.728112959711E-17,-0.42587055527));
#72 = PCURVE('',#32,#73);
#73 = DEFINITIONAL_REPRESENTATION('',(#74),#77);
#74 = B_SPLINE_CURVE_WITH_KNOTS('',1,(#75,#76),.UNSPECIFIED.,.F.,.F.,(2,
    2),(-42.69265910185,-31.74317428496),.PIECEWISE_BEZIER_KNOTS.);
#75 = CARTESIAN_POINT('',(38.571726766347,1.259145660996));
#76 = CARTESIAN_POINT('',(28.664806985459,-3.403917517899));
#77 = ( GEOMETRIC_REPRESENTATION_CONTEXT(2) 
PARAMETRIC_REPRESENTATION_CONTEXT() REPRESENTATION_CONTEXT('2D SPACE',''
  ) );
#78 = PCURVE('',#79,#84);
#79 = PLANE('',#80);
#80 = AXIS2_PLACEMENT_3D('',#81,#82,#83);
#81 = CARTESIAN_POINT('',(54.287046084247,16.05,-25.55223331622));
#82 = DIRECTION('',(-0.42587055527,1.004512141694E-16,-0.904784101404));
#83 = DIRECTION('',(0.904784101404,4.728112959711E-17,-0.42587055527));
#84 = DEFINITIONAL_REPRESENTATION('',(#85),#88);
#85 = B_SPLINE_CURVE_WITH_KNOTS('',1,(#86,#87),.UNSPECIFIED.,.F.,.F.,(2,
    2),(-42.69265910185,-31.74317428496),.PIECEWISE_BEZIER_KNOTS.);
#86 = CARTESIAN_POINT('',(-49.95,-7.9));
#87 = CARTESIAN_POINT('',(-39.0005151831,-7.9));
#88 = ( GEOMETRIC_REPRESENTATION_CONTEXT(2) 
PARAMETRIC_REPRESENTATION_CONTEXT() REPRESENTATION_CONTEXT('2D SPACE',''
  ) );
#89 = ORIENTED_EDGE('',*,*,#90,.F.);
#90 = EDGE_CURVE('',#91,#65,#93,.T.);
#91 = VERTEX_POINT('',#92);
#92 = CARTESIAN_POINT('',(7.741509814844,23.95,-6.408707029243));
#93 = SURFACE_CURVE('',#94,(#99,#110),.PCURVE_S1.);
#94 = CIRCLE('',#95,10.05);
#95 = AXIS2_PLACEMENT_3D('',#96,#97,#98);
#96 = CARTESIAN_POINT('',(-5.834698879568E-16,23.95,9.306945646363E-16)
  );
#97 = DIRECTION('',(-2.157543153397E-33,-1.,-1.110223024625E-16));
#98 = DIRECTION('',(0.904784101404,4.728112959711E-17,-0.42587055527));
#99 = PCURVE('',#32,#100);
#100 = DEFINITIONAL_REPRESENTATION('',(#101),#109);
#101 = ( BOUNDED_CURVE() B_SPLINE_CURVE(2,(#102,#103,#104,#105,#106,#107
,#108),.UNSPECIFIED.,.T.,.F.) B_SPLINE_CURVE_WITH_KNOTS((1,2,2,2,2,1),(
    -2.094395102393,0.,2.094395102393,4.188790204786,6.28318530718,
8.377580409573),.UNSPECIFIED.) CURVE() GEOMETRIC_REPRESENTATION_ITEM() 
RATIONAL_B_SPLINE_CURVE((1.,0.5,1.,0.5,1.,0.5,1.)) REPRESENTATION_ITEM(
  '') );
#102 = CARTESIAN_POINT('',(38.571726766347,1.259145660996));
#103 = CARTESIAN_POINT('',(31.158550902629,17.008822597796));
#104 = CARTESIAN_POINT('',(48.504759163155,15.553982750098));
#105 = CARTESIAN_POINT('',(65.850967423681,14.099142902399));
#106 = CARTESIAN_POINT('',(55.917935026873,-0.195694186703));
#107 = CARTESIAN_POINT('',(45.984902630065,-14.4905312758));
#108 = CARTESIAN_POINT('',(38.571726766347,1.259145660996));
#109 = ( GEOMETRIC_REPRESENTATION_CONTEXT(2) 
PARAMETRIC_REPRESENTATION_CONTEXT() REPRESENTATION_CONTEXT('2D SPACE',''
  ) );
#110 = PCURVE('',#111,#116);
#111 = CYLINDRICAL_SURFACE('',#112,10.05);
#112 = AXIS2_PLACEMENT_3D('',#113,#114,#115);
#113 = CARTESIAN_POINT('',(-5.834698879568E-16,16.05,5.361837518247E-17)
  );
#114 = DIRECTION('',(-0.,-1.,-1.110223024625E-16));
#115 = DIRECTION('',(0.904784101404,4.728112959711E-17,-0.42587055527));
#116 = DEFINITIONAL_REPRESENTATION('',(#117),#121);
#117 = LINE('',#118,#119);
#118 = CARTESIAN_POINT('',(-6.28318530718,-7.9));
#119 = VECTOR('',#120,1.);
#120 = DIRECTION('',(1.,-0.));
#121 = ( GEOMETRIC_REPRESENTATION_CONTEXT(2) 
PARAMETRIC_REPRESENTATION_CONTEXT() REPRESENTATION_CONTEXT('2D SPACE',''
  ) );
#122 = ORIENTED_EDGE('',*,*,#123,.T.);
#123 = EDGE_CURVE('',#91,#124,#126,.T.);
#124 = VERTEX_POINT('',#125);
#125 = CARTESIAN_POINT('',(6.408707029243,23.95,-7.741509814844));
#126 = SURFACE_CURVE('',#127,(#132,#143),.PCURVE_S1.);
#127 = CIRCLE('',#128,3.15);
#128 = AXIS2_PLACEMENT_3D('',#129,#130,#131);
#129 = CARTESIAN_POINT('',(4.949747468306,23.95,-4.949747468306));
#130 = DIRECTION('',(0.,-1.,0.));
#131 = DIRECTION('',(0.886273760806,0.,-0.463161765377));
#132 = PCURVE('',#32,#133);
#133 = DEFINITIONAL_REPRESENTATION('',(#134),#142);
#134 = ( BOUNDED_CURVE() B_SPLINE_CURVE(2,(#135,#136,#137,#138,#139,#140
,#141),.UNSPECIFIED.,.T.,.F.) B_SPLINE_CURVE_WITH_KNOTS((1,2,2,2,2,1),(
    -2.094395102393,0.,2.094395102393,4.188790204786,6.28318530718,
8.377580409573),.UNSPECIFIED.) CURVE() GEOMETRIC_REPRESENTATION_ITEM() 
RATIONAL_B_SPLINE_CURVE((1.,0.5,1.,0.5,1.,0.5,1.)) REPRESENTATION_ITEM(
  '') );
#135 = CARTESIAN_POINT('',(39.923297170614,-0.86956228778));
#136 = CARTESIAN_POINT('',(37.396305084883,3.965911939083));
#137 = CARTESIAN_POINT('',(42.847444647556,3.736614167057));
#138 = CARTESIAN_POINT('',(48.29858421023,3.507316395032));
#139 = CARTESIAN_POINT('',(45.374436733288,-1.098860059805));
#140 = CARTESIAN_POINT('',(42.450289256346,-5.705036514642));
#141 = CARTESIAN_POINT('',(39.923297170614,-0.86956228778));
#142 = ( GEOMETRIC_REPRESENTATION_CONTEXT(2) 
PARAMETRIC_REPRESENTATION_CONTEXT() REPRESENTATION_CONTEXT('2D SPACE',''
  ) );
#143 = PCURVE('',#144,#149);
#144 = CYLINDRICAL_SURFACE('',#145,3.15);
#145 = AXIS2_PLACEMENT_3D('',#146,#147,#148);
#146 = CARTESIAN_POINT('',(4.949747468306,24.05,-4.949747468306));
#147 = DIRECTION('',(0.,-1.,0.));
#148 = DIRECTION('',(0.,-0.,-1.));
#149 = DEFINITIONAL_REPRESENTATION('',(#150),#154);
#150 = LINE('',#151,#152);
#151 = CARTESIAN_POINT('',(1.089236958417,0.1));
#152 = VECTOR('',#153,1.);
#153 = DIRECTION('',(1.,0.));
#154 = ( GEOMETRIC_REPRESENTATION_CONTEXT(2) 
PARAMETRIC_REPRESENTATION_CONTEXT() REPRESENTATION_CONTEXT('2D SPACE',''
  ) );
#155 = ORIENTED_EDGE('',*,*,#156,.F.);
#156 = EDGE_CURVE('',#157,#124,#159,.T.);
#157 = VERTEX_POINT('',#158);
#158 = CARTESIAN_POINT('',(-6.408707029243,23.95,-7.741509814844));
#159 = SURFACE_CURVE('',#160,(#165,#176),.PCURVE_S1.);
#160 = CIRCLE('',#161,10.05);
#161 = AXIS2_PLACEMENT_3D('',#162,#163,#164);
#162 = CARTESIAN_POINT('',(-5.834698879568E-16,23.95,9.306945646363E-16)
  );
#163 = DIRECTION('',(-2.157543153397E-33,-1.,-1.110223024625E-16));
#164 = DIRECTION('',(0.904784101404,4.728112959711E-17,-0.42587055527));
#165 = PCURVE('',#32,#166);
#166 = DEFINITIONAL_REPRESENTATION('',(#167),#175);
#167 = ( BOUNDED_CURVE() B_SPLINE_CURVE(2,(#168,#169,#170,#171,#172,#173
,#174),.UNSPECIFIED.,.T.,.F.) B_SPLINE_CURVE_WITH_KNOTS((1,2,2,2,2,1),(
    -2.094395102393,0.,2.094395102393,4.188790204786,6.28318530718,
8.377580409573),.UNSPECIFIED.) CURVE() GEOMETRIC_REPRESENTATION_ITEM() 
RATIONAL_B_SPLINE_CURVE((1.,0.5,1.,0.5,1.,0.5,1.)) REPRESENTATION_ITEM(
  '') );
#168 = CARTESIAN_POINT('',(38.571726766347,1.259145660996));
#169 = CARTESIAN_POINT('',(31.158550902629,17.008822597796));
#170 = CARTESIAN_POINT('',(48.504759163155,15.553982750098));
#171 = CARTESIAN_POINT('',(65.850967423681,14.099142902399));
#172 = CARTESIAN_POINT('',(55.917935026873,-0.195694186703));
#173 = CARTESIAN_POINT('',(45.984902630065,-14.4905312758));
#174 = CARTESIAN_POINT('',(38.571726766347,1.259145660996));
#175 = ( GEOMETRIC_REPRESENTATION_CONTEXT(2) 
PARAMETRIC_REPRESENTATION_CONTEXT() REPRESENTATION_CONTEXT('2D SPACE',''
  ) );
#176 = PCURVE('',#111,#177);
#177 = DEFINITIONAL_REPRESENTATION('',(#178),#182);
#178 = LINE('',#179,#180);
#179 = CARTESIAN_POINT('',(-6.28318530718,-7.9));
#180 = VECTOR('',#181,1.);
#181 = DIRECTION('',(1.,-0.));
#182 = ( GEOMETRIC_REPRESENTATION_CONTEXT(2) 
PARAMETRIC_REPRESENTATION_CONTEXT() REPRESENTATION_CONTEXT('2D SPACE',''
  ) );
#183 = ORIENTED_EDGE('',*,*,#184,.T.);
#184 = EDGE_CURVE('',#157,#185,#187,.T.);
#185 = VERTEX_POINT('',#186);
#186 = CARTESIAN_POINT('',(-7.741509814844,23.95,-6.408707029243));
#187 = SURFACE_CURVE('',#188,(#193,#204),.PCURVE_S1.);
#188 = CIRCLE('',#189,3.15);
#189 = AXIS2_PLACEMENT_3D('',#190,#191,#192);
#190 = CARTESIAN_POINT('',(-4.949747468306,23.95,-4.949747468306));
#191 = DIRECTION('',(0.,-1.,0.));
#192 = DIRECTION('',(-0.463161765377,-0.,-0.886273760806));
#193 = PCURVE('',#32,#194);
#194 = DEFINITIONAL_REPRESENTATION('',(#195),#203);
#195 = ( BOUNDED_CURVE() B_SPLINE_CURVE(2,(#196,#197,#198,#199,#200,#201
,#202),.UNSPECIFIED.,.T.,.F.) B_SPLINE_CURVE_WITH_KNOTS((1,2,2,2,2,1),(
    -2.094395102393,0.,2.094395102393,4.188790204786,6.28318530718,
8.377580409573),.UNSPECIFIED.) CURVE() GEOMETRIC_REPRESENTATION_ITEM() 
RATIONAL_B_SPLINE_CURVE((1.,0.5,1.,0.5,1.,0.5,1.)) REPRESENTATION_ITEM(
  '') );
#196 = CARTESIAN_POINT('',(54.073514014702,-2.202365073381));
#197 = CARTESIAN_POINT('',(49.238039787839,-4.729357159112));
#198 = CARTESIAN_POINT('',(49.467337559865,0.721782403561));
#199 = CARTESIAN_POINT('',(49.69663533189,6.172921966235));
#200 = CARTESIAN_POINT('',(54.302811786727,3.248774489293));
#201 = CARTESIAN_POINT('',(58.908988241564,0.324627012351));
#202 = CARTESIAN_POINT('',(54.073514014702,-2.202365073381));
#203 = ( GEOMETRIC_REPRESENTATION_CONTEXT(2) 
PARAMETRIC_REPRESENTATION_CONTEXT() REPRESENTATION_CONTEXT('2D SPACE',''
  ) );
#204 = PCURVE('',#205,#210);
#205 = CYLINDRICAL_SURFACE('',#206,3.15);
#206 = AXIS2_PLACEMENT_3D('',#207,#208,#209);
#207 = CARTESIAN_POINT('',(-4.949747468306,24.05,-4.949747468306));
#208 = DIRECTION('',(0.,-1.,0.));
#209 = DIRECTION('',(0.,-0.,-1.));
#210 = DEFINITIONAL_REPRESENTATION('',(#211),#215);
#211 = LINE('',#212,#213);
#212 = CARTESIAN_POINT('',(5.801625938802,0.1));
#213 = VECTOR('',#214,1.);
#214 = DIRECTION('',(1.,0.));
#215 = ( GEOMETRIC_REPRESENTATION_CONTEXT(2) 
PARAMETRIC_REPRESENTATION_CONTEXT() REPRESENTATION_CONTEXT('2D SPACE',''
  ) );
#216 = ORIENTED_EDGE('',*,*,#217,.F.);
#217 = EDGE_CURVE('',#218,#185,#220,.T.);
#218 = VERTEX_POINT('',#219);
#219 = CARTESIAN_POINT('',(-7.741509814844,23.95,6.408707029243));
#220 = SURFACE_CURVE('',#221,(#226,#237),.PCURVE_S1.);
#221 = CIRCLE('',#222,10.05);
#222 = AXIS2_PLACEMENT_3D('',#223,#224,#225);
#223 = CARTESIAN_POINT('',(-5.834698879568E-16,23.95,9.306945646363E-16)
  );
#224 = DIRECTION('',(-2.157543153397E-33,-1.,-1.110223024625E-16));
#225 = DIRECTION('',(0.904784101404,4.728112959711E-17,-0.42587055527));
#226 = PCURVE('',#32,#227);
#227 = DEFINITIONAL_REPRESENTATION('',(#228),#236);
#228 = ( BOUNDED_CURVE() B_SPLINE_CURVE(2,(#229,#230,#231,#232,#233,#234
,#235),.UNSPECIFIED.,.T.,.F.) B_SPLINE_CURVE_WITH_KNOTS((1,2,2,2,2,1),(
    -2.094395102393,0.,2.094395102393,4.188790204786,6.28318530718,
8.377580409573),.UNSPECIFIED.) CURVE() GEOMETRIC_REPRESENTATION_ITEM() 
RATIONAL_B_SPLINE_CURVE((1.,0.5,1.,0.5,1.,0.5,1.)) REPRESENTATION_ITEM(
  '') );
#229 = CARTESIAN_POINT('',(38.571726766347,1.259145660996));
#230 = CARTESIAN_POINT('',(31.158550902629,17.008822597796));
#231 = CARTESIAN_POINT('',(48.504759163155,15.553982750098));
#232 = CARTESIAN_POINT('',(65.850967423681,14.099142902399));
#233 = CARTESIAN_POINT('',(55.917935026873,-0.195694186703));
#234 = CARTESIAN_POINT('',(45.984902630065,-14.4905312758));
#235 = CARTESIAN_POINT('',(38.571726766347,1.259145660996));
#236 = ( GEOMETRIC_REPRESENTATION_CONTEXT(2) 
PARAMETRIC_REPRESENTATION_CONTEXT() REPRESENTATION_CONTEXT('2D SPACE',''
  ) );
#237 = PCURVE('',#111,#238);
#238 = DEFINITIONAL_REPRESENTATION('',(#239),#243);
#239 = LINE('',#240,#241);
#240 = CARTESIAN_POINT('',(-6.28318530718,-7.9));
#241 = VECTOR('',#242,1.);
#242 = DIRECTION('',(1.,-0.));
#243 = ( GEOMETRIC_REPRESENTATION_CONTEXT(2) 
PARAMETRIC_REPRESENTATION_CONTEXT() REPRESENTATION_CONTEXT('2D SPACE',''
  ) );
#244 = ORIENTED_EDGE('',*,*,#245,.T.);
#245 = EDGE_CURVE('',#218,#246,#248,.T.);
#246 = VERTEX_POINT('',#247);
#247 = CARTESIAN_POINT('',(-6.408707029243,23.95,7.741509814844));
#248 = SURFACE_CURVE('',#249,(#254,#265),.PCURVE_S1.);
#249 = CIRCLE('',#250,3.15);
#250 = AXIS2_PLACEMENT_3D('',#251,#252,#253);
#251 = CARTESIAN_POINT('',(-4.949747468306,23.95,4.949747468306));
#252 = DIRECTION('',(-0.,-1.,0.));
#253 = DIRECTION('',(-0.886273760806,0.,0.463161765377));
#254 = PCURVE('',#32,#255);
#255 = DEFINITIONAL_REPRESENTATION('',(#256),#264);
#256 = ( BOUNDED_CURVE() B_SPLINE_CURVE(2,(#257,#258,#259,#260,#261,#262
,#263),.UNSPECIFIED.,.T.,.F.) B_SPLINE_CURVE_WITH_KNOTS((1,2,2,2,2,1),(
    -2.094395102393,0.,2.094395102393,4.188790204786,6.28318530718,
8.377580409573),.UNSPECIFIED.) CURVE() GEOMETRIC_REPRESENTATION_ITEM() 
RATIONAL_B_SPLINE_CURVE((1.,0.5,1.,0.5,1.,0.5,1.)) REPRESENTATION_ITEM(
  '') );
#257 = CARTESIAN_POINT('',(55.406316800303,11.947851770707));
#258 = CARTESIAN_POINT('',(57.933308886035,7.112377543844));
#259 = CARTESIAN_POINT('',(52.482169323361,7.34167531587));
#260 = CARTESIAN_POINT('',(47.031029760688,7.570973087895));
#261 = CARTESIAN_POINT('',(49.955177237629,12.177149542732));
#262 = CARTESIAN_POINT('',(52.879324714571,16.783325997569));
#263 = CARTESIAN_POINT('',(55.406316800303,11.947851770707));
#264 = ( GEOMETRIC_REPRESENTATION_CONTEXT(2) 
PARAMETRIC_REPRESENTATION_CONTEXT() REPRESENTATION_CONTEXT('2D SPACE',''
  ) );
#265 = PCURVE('',#266,#271);
#266 = CYLINDRICAL_SURFACE('',#267,3.15);
#267 = AXIS2_PLACEMENT_3D('',#268,#269,#270);
#268 = CARTESIAN_POINT('',(-4.949747468306,24.05,4.949747468306));
#269 = DIRECTION('',(0.,-1.,0.));
#270 = DIRECTION('',(0.,-0.,-1.));
#271 = DEFINITIONAL_REPRESENTATION('',(#272),#276);
#272 = LINE('',#273,#274);
#273 = CARTESIAN_POINT('',(4.230829612007,0.1));
#274 = VECTOR('',#275,1.);
#275 = DIRECTION('',(1.,0.));
#276 = ( GEOMETRIC_REPRESENTATION_CONTEXT(2) 
PARAMETRIC_REPRESENTATION_CONTEXT() REPRESENTATION_CONTEXT('2D SPACE',''
  ) );
#277 = ORIENTED_EDGE('',*,*,#278,.F.);
#278 = EDGE_CURVE('',#279,#246,#281,.T.);
#279 = VERTEX_POINT('',#280);
#280 = CARTESIAN_POINT('',(-4.279999080468,23.95,9.093080219111));
#281 = SURFACE_CURVE('',#282,(#287,#298),.PCURVE_S1.);
#282 = CIRCLE('',#283,10.05);
#283 = AXIS2_PLACEMENT_3D('',#284,#285,#286);
#284 = CARTESIAN_POINT('',(-5.834698879568E-16,23.95,9.306945646363E-16)
  );
#285 = DIRECTION('',(-2.157543153397E-33,-1.,-1.110223024625E-16));
#286 = DIRECTION('',(0.904784101404,4.728112959711E-17,-0.42587055527));
#287 = PCURVE('',#32,#288);
#288 = DEFINITIONAL_REPRESENTATION('',(#289),#297);
#289 = ( BOUNDED_CURVE() B_SPLINE_CURVE(2,(#290,#291,#292,#293,#294,#295
,#296),.UNSPECIFIED.,.T.,.F.) B_SPLINE_CURVE_WITH_KNOTS((1,2,2,2,2,1),(
    -2.094395102393,0.,2.094395102393,4.188790204786,6.28318530718,
8.377580409573),.UNSPECIFIED.) CURVE() GEOMETRIC_REPRESENTATION_ITEM() 
RATIONAL_B_SPLINE_CURVE((1.,0.5,1.,0.5,1.,0.5,1.)) REPRESENTATION_ITEM(
  '') );
#290 = CARTESIAN_POINT('',(38.571726766347,1.259145660996));
#291 = CARTESIAN_POINT('',(31.158550902629,17.008822597796));
#292 = CARTESIAN_POINT('',(48.504759163155,15.553982750098));
#293 = CARTESIAN_POINT('',(65.850967423681,14.099142902399));
#294 = CARTESIAN_POINT('',(55.917935026873,-0.195694186703));
#295 = CARTESIAN_POINT('',(45.984902630065,-14.4905312758));
#296 = CARTESIAN_POINT('',(38.571726766347,1.259145660996));
#297 = ( GEOMETRIC_REPRESENTATION_CONTEXT(2) 
PARAMETRIC_REPRESENTATION_CONTEXT() REPRESENTATION_CONTEXT('2D SPACE',''
  ) );
#298 = PCURVE('',#111,#299);
#299 = DEFINITIONAL_REPRESENTATION('',(#300),#304);
#300 = LINE('',#301,#302);
#301 = CARTESIAN_POINT('',(-6.28318530718,-7.9));
#302 = VECTOR('',#303,1.);
#303 = DIRECTION('',(1.,-0.));
#304 = ( GEOMETRIC_REPRESENTATION_CONTEXT(2) 
PARAMETRIC_REPRESENTATION_CONTEXT() REPRESENTATION_CONTEXT('2D SPACE',''
  ) );
#305 = ORIENTED_EDGE('',*,*,#306,.F.);
#306 = EDGE_CURVE('',#307,#279,#309,.T.);
#307 = VERTEX_POINT('',#308);
#308 = CARTESIAN_POINT('',(-6.712146854652,23.95,14.260304416966));
#309 = SURFACE_CURVE('',#310,(#314,#320),.PCURVE_S1.);
#310 = LINE('',#311,#312);
#311 = CARTESIAN_POINT('',(3.249555852951,23.95,-6.903850092449));
#312 = VECTOR('',#313,1.);
#313 = DIRECTION('',(0.42587055527,-1.004512141694E-16,-0.904784101404)
  );
#314 = PCURVE('',#32,#315);
#315 = DEFINITIONAL_REPRESENTATION('',(#316),#319);
#316 = B_SPLINE_CURVE_WITH_KNOTS('',1,(#317,#318),.UNSPECIFIED.,.F.,.F.,
  (2,2),(-25.59775590128,-17.6803839576),.PIECEWISE_BEZIER_KNOTS.);
#317 = CARTESIAN_POINT('',(55.316581651863,21.795737220119));
#318 = CARTESIAN_POINT('',(51.944806065926,14.632224960575));
#319 = ( GEOMETRIC_REPRESENTATION_CONTEXT(2) 
PARAMETRIC_REPRESENTATION_CONTEXT() REPRESENTATION_CONTEXT('2D SPACE',''
  ) );
#320 = PCURVE('',#321,#326);
#321 = PLANE('',#322);
#322 = AXIS2_PLACEMENT_3D('',#323,#324,#325);
#323 = CARTESIAN_POINT('',(-4.279999080468,16.05,9.093080219111));
#324 = DIRECTION('',(-0.904784101404,4.728112959711E-17,-0.42587055527)
  );
#325 = DIRECTION('',(0.42587055527,1.004512141694E-16,-0.904784101404));
#326 = DEFINITIONAL_REPRESENTATION('',(#327),#330);
#327 = B_SPLINE_CURVE_WITH_KNOTS('',1,(#328,#329),.UNSPECIFIED.,.F.,.F.,
  (2,2),(-25.59775590128,-17.6803839576),.PIECEWISE_BEZIER_KNOTS.);
#328 = CARTESIAN_POINT('',(-7.917371943679,-7.9));
#329 = CARTESIAN_POINT('',(0.,-7.9));
#330 = ( GEOMETRIC_REPRESENTATION_CONTEXT(2) 
PARAMETRIC_REPRESENTATION_CONTEXT() REPRESENTATION_CONTEXT('2D SPACE',''
  ) );
#331 = ORIENTED_EDGE('',*,*,#332,.T.);
#332 = EDGE_CURVE('',#307,#24,#333,.T.);
#333 = SURFACE_CURVE('',#334,(#347,#363),.PCURVE_S1.);
#334 = B_SPLINE_CURVE_WITH_KNOTS('',3,(#335,#336,#337,#338,#339,#340,
    #341,#342,#343,#344,#345,#346),.UNSPECIFIED.,.F.,.F.,(4,1,1,1,1,1,1,
    1,1,4),(0.,12.747548783982,25.747548783982,44.911316680719,
    68.256551740576,96.149203102539,121.6443006705,134.98596473462,
    142.05703254649,147.88798444134),.UNSPECIFIED.);
#335 = CARTESIAN_POINT('',(-14.5,23.95,5.));
#336 = CARTESIAN_POINT('',(-12.77777335017,23.95,10.50734489801));
#337 = CARTESIAN_POINT('',(-6.725555850754,23.95,16.256592478655));
#338 = CARTESIAN_POINT('',(9.41665366166,23.95,14.186130362434));
#339 = CARTESIAN_POINT('',(27.241879669264,23.95,11.941002356747));
#340 = CARTESIAN_POINT('',(50.671598427996,23.95,8.196104824948));
#341 = CARTESIAN_POINT('',(75.067022087384,23.95,0.954707874414));
#342 = CARTESIAN_POINT('',(97.063849933052,23.95,-4.09917432805));
#343 = CARTESIAN_POINT('',(112.00463258081,23.95,-4.779285919526));
#344 = CARTESIAN_POINT('',(120.40902292121,23.95,-11.5719145646));
#345 = CARTESIAN_POINT('',(118.5276671711,23.95,-15.26791888834));
#346 = CARTESIAN_POINT('',(116.,23.95,-17.));
#347 = PCURVE('',#32,#348);
#348 = DEFINITIONAL_REPRESENTATION('',(#349),#362);
#349 = B_SPLINE_CURVE_WITH_KNOTS('',3,(#350,#351,#352,#353,#354,#355,
    #356,#357,#358,#359,#360,#361),.UNSPECIFIED.,.F.,.F.,(4,1,1,1,1,1,1,
    1,1,4),(0.,12.747548783982,25.747548783982,44.911316680719,
    68.256551740576,96.149203102539,121.6443006705,134.98596473462,
    142.05703254649,147.88798444134),.UNSPECIFIED.);
#350 = CARTESIAN_POINT('',(62.164806985459,10.539144741464));
#351 = CARTESIAN_POINT('',(60.442580335632,16.046489639474));
#352 = CARTESIAN_POINT('',(54.390362836213,21.795737220119));
#353 = CARTESIAN_POINT('',(38.248153323798,19.725275103898));
#354 = CARTESIAN_POINT('',(20.422927316194,17.480147098211));
#355 = CARTESIAN_POINT('',(-3.006791442537,13.735249566411));
#356 = CARTESIAN_POINT('',(-27.40221510192,6.493852615878));
#357 = CARTESIAN_POINT('',(-49.39904294759,1.439970413413));
#358 = CARTESIAN_POINT('',(-64.33982559535,0.759858821938));
#359 = CARTESIAN_POINT('',(-72.74421593575,-6.032769823139));
#360 = CARTESIAN_POINT('',(-70.86286018565,-9.72877414688));
#361 = CARTESIAN_POINT('',(-68.33519301454,-11.46085525853));
#362 = ( GEOMETRIC_REPRESENTATION_CONTEXT(2) 
PARAMETRIC_REPRESENTATION_CONTEXT() REPRESENTATION_CONTEXT('2D SPACE',''
  ) );
#363 = PCURVE('',#364,#380);
#364 = SURFACE_OF_LINEAR_EXTRUSION('',#365,#378);
#365 = B_SPLINE_CURVE_WITH_KNOTS('',3,(#366,#367,#368,#369,#370,#371,
    #372,#373,#374,#375,#376,#377),.UNSPECIFIED.,.F.,.F.,(4,1,1,1,1,1,1,
    1,1,4),(0.,12.747548783982,25.747548783982,44.911316680719,
    68.256551740576,96.149203102539,121.6443006705,134.98596473462,
    142.05703254649,147.88798444134),.UNSPECIFIED.);
#366 = CARTESIAN_POINT('',(-14.5,23.95,5.));
#367 = CARTESIAN_POINT('',(-12.77777335017,23.95,10.50734489801));
#368 = CARTESIAN_POINT('',(-6.725555850754,23.95,16.256592478655));
#369 = CARTESIAN_POINT('',(9.41665366166,23.95,14.186130362434));
#370 = CARTESIAN_POINT('',(27.241879669264,23.95,11.941002356747));
#371 = CARTESIAN_POINT('',(50.671598427996,23.95,8.196104824948));
#372 = CARTESIAN_POINT('',(75.067022087384,23.95,0.954707874414));
#373 = CARTESIAN_POINT('',(97.063849933052,23.95,-4.09917432805));
#374 = CARTESIAN_POINT('',(112.00463258081,23.95,-4.779285919526));
#375 = CARTESIAN_POINT('',(120.40902292121,23.95,-11.5719145646));
#376 = CARTESIAN_POINT('',(118.5276671711,23.95,-15.26791888834));
#377 = CARTESIAN_POINT('',(116.,23.95,-17.));
#378 = VECTOR('',#379,1.);
#379 = DIRECTION('',(-0.,1.,-1.110223024625E-16));
#380 = DEFINITIONAL_REPRESENTATION('',(#381),#385);
#381 = LINE('',#382,#383);
#382 = CARTESIAN_POINT('',(0.,0.));
#383 = VECTOR('',#384,1.);
#384 = DIRECTION('',(1.,0.));
#385 = ( GEOMETRIC_REPRESENTATION_CONTEXT(2) 
PARAMETRIC_REPRESENTATION_CONTEXT() REPRESENTATION_CONTEXT('2D SPACE',''
  ) );
#386 = FACE_BOUND('',#387,.T.);
#387 = EDGE_LOOP('',(#388));
#388 = ORIENTED_EDGE('',*,*,#389,.T.);
#389 = EDGE_CURVE('',#390,#390,#392,.T.);
#390 = VERTEX_POINT('',#391);
#391 = CARTESIAN_POINT('',(-8.939921633776E-16,23.95,-3.65));
#392 = SURFACE_CURVE('',#393,(#398,#409),.PCURVE_S1.);
#393 = CIRCLE('',#394,3.65);
#394 = AXIS2_PLACEMENT_3D('',#395,#396,#397);
#395 = CARTESIAN_POINT('',(0.,23.95,0.));
#396 = DIRECTION('',(0.,-1.,0.));
#397 = DIRECTION('',(0.,-0.,-1.));
#398 = PCURVE('',#32,#399);
#399 = DEFINITIONAL_REPRESENTATION('',(#400),#408);
#400 = ( BOUNDED_CURVE() B_SPLINE_CURVE(2,(#401,#402,#403,#404,#405,#406
,#407),.UNSPECIFIED.,.T.,.F.) B_SPLINE_CURVE_WITH_KNOTS((1,2,2,2,2,1),(
    -2.094395102393,0.,2.094395102393,4.188790204786,6.28318530718,
8.377580409573),.UNSPECIFIED.) CURVE() GEOMETRIC_REPRESENTATION_ITEM() 
RATIONAL_B_SPLINE_CURVE((1.,0.5,1.,0.5,1.,0.5,1.)) REPRESENTATION_ITEM(
  '') );
#401 = CARTESIAN_POINT('',(47.664806985459,1.889144741464));
#402 = CARTESIAN_POINT('',(41.342821537832,1.889144741464));
#403 = CARTESIAN_POINT('',(44.503814261645,7.364144741464));
#404 = CARTESIAN_POINT('',(47.664806985459,12.839144741464));
#405 = CARTESIAN_POINT('',(50.825799709272,7.364144741464));
#406 = CARTESIAN_POINT('',(53.986792433085,1.889144741464));
#407 = CARTESIAN_POINT('',(47.664806985459,1.889144741464));
#408 = ( GEOMETRIC_REPRESENTATION_CONTEXT(2) 
PARAMETRIC_REPRESENTATION_CONTEXT() REPRESENTATION_CONTEXT('2D SPACE',''
  ) );
#409 = PCURVE('',#410,#415);
#410 = CYLINDRICAL_SURFACE('',#411,3.65);
#411 = AXIS2_PLACEMENT_3D('',#412,#413,#414);
#412 = CARTESIAN_POINT('',(0.,24.05,0.));
#413 = DIRECTION('',(0.,-1.,0.));
#414 = DIRECTION('',(0.,-0.,-1.));
#415 = DEFINITIONAL_REPRESENTATION('',(#416),#420);
#416 = LINE('',#417,#418);
#417 = CARTESIAN_POINT('',(0.,0.1));
#418 = VECTOR('',#419,1.);
#419 = DIRECTION('',(1.,0.));
#420 = ( GEOMETRIC_REPRESENTATION_CONTEXT(2) 
PARAMETRIC_REPRESENTATION_CONTEXT() REPRESENTATION_CONTEXT('2D SPACE',''
  ) );
#421 = FACE_BOUND('',#422,.T.);
#422 = EDGE_LOOP('',(#423));
#423 = ORIENTED_EDGE('',*,*,#424,.T.);
#424 = EDGE_CURVE('',#425,#425,#427,.T.);
#425 = VERTEX_POINT('',#426);
#426 = CARTESIAN_POINT('',(4.949747468306,23.95,1.799747468306));
#427 = SURFACE_CURVE('',#428,(#433,#444),.PCURVE_S1.);
#428 = CIRCLE('',#429,3.15);
#429 = AXIS2_PLACEMENT_3D('',#430,#431,#432);
#430 = CARTESIAN_POINT('',(4.949747468306,23.95,4.949747468306));
#431 = DIRECTION('',(0.,-1.,0.));
#432 = DIRECTION('',(0.,-0.,-1.));
#433 = PCURVE('',#32,#434);
#434 = DEFINITIONAL_REPRESENTATION('',(#435),#443);
#435 = ( BOUNDED_CURVE() B_SPLINE_CURVE(2,(#436,#437,#438,#439,#440,#441
,#442),.UNSPECIFIED.,.T.,.F.) B_SPLINE_CURVE_WITH_KNOTS((1,2,2,2,2,1),(
    -2.094395102393,0.,2.094395102393,4.188790204786,6.28318530718,
8.377580409573),.UNSPECIFIED.) CURVE() GEOMETRIC_REPRESENTATION_ITEM() 
RATIONAL_B_SPLINE_CURVE((1.,0.5,1.,0.5,1.,0.5,1.)) REPRESENTATION_ITEM(
  '') );
#436 = CARTESIAN_POINT('',(42.715059517153,7.338892209769));
#437 = CARTESIAN_POINT('',(37.259099473311,7.338892209769));
#438 = CARTESIAN_POINT('',(39.987079495232,12.063892209769));
#439 = CARTESIAN_POINT('',(42.715059517153,16.788892209769));
#440 = CARTESIAN_POINT('',(45.443039539074,12.063892209769));
#441 = CARTESIAN_POINT('',(48.171019560995,7.338892209769));
#442 = CARTESIAN_POINT('',(42.715059517153,7.338892209769));
#443 = ( GEOMETRIC_REPRESENTATION_CONTEXT(2) 
PARAMETRIC_REPRESENTATION_CONTEXT() REPRESENTATION_CONTEXT('2D SPACE',''
  ) );
#444 = PCURVE('',#445,#450);
#445 = CYLINDRICAL_SURFACE('',#446,3.15);
#446 = AXIS2_PLACEMENT_3D('',#447,#448,#449);
#447 = CARTESIAN_POINT('',(4.949747468306,24.05,4.949747468306));
#448 = DIRECTION('',(0.,-1.,0.));
#449 = DIRECTION('',(0.,-0.,-1.));
#450 = DEFINITIONAL_REPRESENTATION('',(#451),#455);
#451 = LINE('',#452,#453);
#452 = CARTESIAN_POINT('',(0.,0.1));
#453 = VECTOR('',#454,1.);
#454 = DIRECTION('',(1.,0.));
#455 = ( GEOMETRIC_REPRESENTATION_CONTEXT(2) 
PARAMETRIC_REPRESENTATION_CONTEXT() REPRESENTATION_CONTEXT('2D SPACE',''
  ) );
#456 = ADVANCED_FACE('',(#457),#445,.F.);
#457 = FACE_BOUND('',#458,.F.);
#458 = EDGE_LOOP('',(#459,#482,#509,#510));
#459 = ORIENTED_EDGE('',*,*,#460,.T.);
#460 = EDGE_CURVE('',#425,#461,#463,.T.);
#461 = VERTEX_POINT('',#462);
#462 = CARTESIAN_POINT('',(4.949747468306,22.45,1.799747468306));
#463 = SEAM_CURVE('',#464,(#468,#475),.PCURVE_S1.);
#464 = LINE('',#465,#466);
#465 = CARTESIAN_POINT('',(4.949747468306,24.05,1.799747468306));
#466 = VECTOR('',#467,1.);
#467 = DIRECTION('',(0.,-1.,0.));
#468 = PCURVE('',#445,#469);
#469 = DEFINITIONAL_REPRESENTATION('',(#470),#474);
#470 = LINE('',#471,#472);
#471 = CARTESIAN_POINT('',(6.28318530718,-0.));
#472 = VECTOR('',#473,1.);
#473 = DIRECTION('',(0.,1.));
#474 = ( GEOMETRIC_REPRESENTATION_CONTEXT(2) 
PARAMETRIC_REPRESENTATION_CONTEXT() REPRESENTATION_CONTEXT('2D SPACE',''
  ) );
#475 = PCURVE('',#445,#476);
#476 = DEFINITIONAL_REPRESENTATION('',(#477),#481);
#477 = LINE('',#478,#479);
#478 = CARTESIAN_POINT('',(0.,-0.));
#479 = VECTOR('',#480,1.);
#480 = DIRECTION('',(0.,1.));
#481 = ( GEOMETRIC_REPRESENTATION_CONTEXT(2) 
PARAMETRIC_REPRESENTATION_CONTEXT() REPRESENTATION_CONTEXT('2D SPACE',''
  ) );
#482 = ORIENTED_EDGE('',*,*,#483,.F.);
#483 = EDGE_CURVE('',#461,#461,#484,.T.);
#484 = SURFACE_CURVE('',#485,(#490,#497),.PCURVE_S1.);
#485 = CIRCLE('',#486,3.15);
#486 = AXIS2_PLACEMENT_3D('',#487,#488,#489);
#487 = CARTESIAN_POINT('',(4.949747468306,22.45,4.949747468306));
#488 = DIRECTION('',(0.,-1.,0.));
#489 = DIRECTION('',(0.,-0.,-1.));
#490 = PCURVE('',#445,#491);
#491 = DEFINITIONAL_REPRESENTATION('',(#492),#496);
#492 = LINE('',#493,#494);
#493 = CARTESIAN_POINT('',(0.,1.6));
#494 = VECTOR('',#495,1.);
#495 = DIRECTION('',(1.,0.));
#496 = ( GEOMETRIC_REPRESENTATION_CONTEXT(2) 
PARAMETRIC_REPRESENTATION_CONTEXT() REPRESENTATION_CONTEXT('2D SPACE',''
  ) );
#497 = PCURVE('',#498,#503);
#498 = PLANE('',#499);
#499 = AXIS2_PLACEMENT_3D('',#500,#501,#502);
#500 = CARTESIAN_POINT('',(4.949747468306,22.45,4.949747468306));
#501 = DIRECTION('',(0.,-1.,0.));
#502 = DIRECTION('',(0.,-0.,-1.));
#503 = DEFINITIONAL_REPRESENTATION('',(#504),#508);
#504 = CIRCLE('',#505,3.15);
#505 = AXIS2_PLACEMENT_2D('',#506,#507);
#506 = CARTESIAN_POINT('',(0.,0.));
#507 = DIRECTION('',(1.,0.));
#508 = ( GEOMETRIC_REPRESENTATION_CONTEXT(2) 
PARAMETRIC_REPRESENTATION_CONTEXT() REPRESENTATION_CONTEXT('2D SPACE',''
  ) );
#509 = ORIENTED_EDGE('',*,*,#460,.F.);
#510 = ORIENTED_EDGE('',*,*,#424,.T.);
#511 = ADVANCED_FACE('',(#512,#515),#498,.F.);
#512 = FACE_BOUND('',#513,.F.);
#513 = EDGE_LOOP('',(#514));
#514 = ORIENTED_EDGE('',*,*,#483,.T.);
#515 = FACE_BOUND('',#516,.F.);
#516 = EDGE_LOOP('',(#517));
#517 = ORIENTED_EDGE('',*,*,#518,.F.);
#518 = EDGE_CURVE('',#519,#519,#521,.T.);
#519 = VERTEX_POINT('',#520);
#520 = CARTESIAN_POINT('',(4.949747468306,22.45,3.249747468306));
#521 = SURFACE_CURVE('',#522,(#527,#534),.PCURVE_S1.);
#522 = CIRCLE('',#523,1.7);
#523 = AXIS2_PLACEMENT_3D('',#524,#525,#526);
#524 = CARTESIAN_POINT('',(4.949747468306,22.45,4.949747468306));
#525 = DIRECTION('',(0.,-1.,0.));
#526 = DIRECTION('',(0.,-0.,-1.));
#527 = PCURVE('',#498,#528);
#528 = DEFINITIONAL_REPRESENTATION('',(#529),#533);
#529 = CIRCLE('',#530,1.7);
#530 = AXIS2_PLACEMENT_2D('',#531,#532);
#531 = CARTESIAN_POINT('',(0.,0.));
#532 = DIRECTION('',(1.,0.));
#533 = ( GEOMETRIC_REPRESENTATION_CONTEXT(2) 
PARAMETRIC_REPRESENTATION_CONTEXT() REPRESENTATION_CONTEXT('2D SPACE',''
  ) );
#534 = PCURVE('',#535,#540);
#535 = CYLINDRICAL_SURFACE('',#536,1.7);
#536 = AXIS2_PLACEMENT_3D('',#537,#538,#539);
#537 = CARTESIAN_POINT('',(4.949747468306,24.05,4.949747468306));
#538 = DIRECTION('',(0.,-1.,0.));
#539 = DIRECTION('',(0.,-0.,-1.));
#540 = DEFINITIONAL_REPRESENTATION('',(#541),#545);
#541 = LINE('',#542,#543);
#542 = CARTESIAN_POINT('',(0.,1.6));
#543 = VECTOR('',#544,1.);
#544 = DIRECTION('',(1.,0.));
#545 = ( GEOMETRIC_REPRESENTATION_CONTEXT(2) 
PARAMETRIC_REPRESENTATION_CONTEXT() REPRESENTATION_CONTEXT('2D SPACE',''
  ) );
#546 = ADVANCED_FACE('',(#547),#535,.F.);
#547 = FACE_BOUND('',#548,.F.);
#548 = EDGE_LOOP('',(#549,#578,#599,#600));
#549 = ORIENTED_EDGE('',*,*,#550,.F.);
#550 = EDGE_CURVE('',#551,#551,#553,.T.);
#551 = VERTEX_POINT('',#552);
#552 = CARTESIAN_POINT('',(4.949747468306,18.45,3.249747468306));
#553 = SURFACE_CURVE('',#554,(#559,#566),.PCURVE_S1.);
#554 = CIRCLE('',#555,1.7);
#555 = AXIS2_PLACEMENT_3D('',#556,#557,#558);
#556 = CARTESIAN_POINT('',(4.949747468306,18.45,4.949747468306));
#557 = DIRECTION('',(0.,-1.,0.));
#558 = DIRECTION('',(0.,-0.,-1.));
#559 = PCURVE('',#535,#560);
#560 = DEFINITIONAL_REPRESENTATION('',(#561),#565);
#561 = LINE('',#562,#563);
#562 = CARTESIAN_POINT('',(0.,5.6));
#563 = VECTOR('',#564,1.);
#564 = DIRECTION('',(1.,0.));
#565 = ( GEOMETRIC_REPRESENTATION_CONTEXT(2) 
PARAMETRIC_REPRESENTATION_CONTEXT() REPRESENTATION_CONTEXT('2D SPACE',''
  ) );
#566 = PCURVE('',#567,#572);
#567 = PLANE('',#568);
#568 = AXIS2_PLACEMENT_3D('',#569,#570,#571);
#569 = CARTESIAN_POINT('',(19.,18.45,-25.));
#570 = DIRECTION('',(0.,-1.,0.));
#571 = DIRECTION('',(-1.,0.,0.));
#572 = DEFINITIONAL_REPRESENTATION('',(#573),#577);
#573 = CIRCLE('',#574,1.7);
#574 = AXIS2_PLACEMENT_2D('',#575,#576);
#575 = CARTESIAN_POINT('',(14.050252531694,-29.9497474683));
#576 = DIRECTION('',(-0.,1.));
#577 = ( GEOMETRIC_REPRESENTATION_CONTEXT(2) 
PARAMETRIC_REPRESENTATION_CONTEXT() REPRESENTATION_CONTEXT('2D SPACE',''
  ) );
#578 = ORIENTED_EDGE('',*,*,#579,.F.);
#579 = EDGE_CURVE('',#519,#551,#580,.T.);
#580 = SEAM_CURVE('',#581,(#585,#592),.PCURVE_S1.);
#581 = LINE('',#582,#583);
#582 = CARTESIAN_POINT('',(4.949747468306,24.05,3.249747468306));
#583 = VECTOR('',#584,1.);
#584 = DIRECTION('',(0.,-1.,0.));
#585 = PCURVE('',#535,#586);
#586 = DEFINITIONAL_REPRESENTATION('',(#587),#591);
#587 = LINE('',#588,#589);
#588 = CARTESIAN_POINT('',(6.28318530718,-0.));
#589 = VECTOR('',#590,1.);
#590 = DIRECTION('',(0.,1.));
#591 = ( GEOMETRIC_REPRESENTATION_CONTEXT(2) 
PARAMETRIC_REPRESENTATION_CONTEXT() REPRESENTATION_CONTEXT('2D SPACE',''
  ) );
#592 = PCURVE('',#535,#593);
#593 = DEFINITIONAL_REPRESENTATION('',(#594),#598);
#594 = LINE('',#595,#596);
#595 = CARTESIAN_POINT('',(0.,-0.));
#596 = VECTOR('',#597,1.);
#597 = DIRECTION('',(0.,1.));
#598 = ( GEOMETRIC_REPRESENTATION_CONTEXT(2) 
PARAMETRIC_REPRESENTATION_CONTEXT() REPRESENTATION_CONTEXT('2D SPACE',''
  ) );
#599 = ORIENTED_EDGE('',*,*,#518,.T.);
#600 = ORIENTED_EDGE('',*,*,#579,.T.);
#601 = ADVANCED_FACE('',(#602,#933,#936),#567,.T.);
#602 = FACE_BOUND('',#603,.T.);
#603 = EDGE_LOOP('',(#604,#635,#661,#685,#706,#735,#756,#780,#806,#835,
    #861,#885,#911));
#604 = ORIENTED_EDGE('',*,*,#605,.F.);
#605 = EDGE_CURVE('',#606,#608,#610,.T.);
#606 = VERTEX_POINT('',#607);
#607 = CARTESIAN_POINT('',(-6.045492200729,18.45,-3.65));
#608 = VERTEX_POINT('',#609);
#609 = CARTESIAN_POINT('',(-4.949747468306,18.45,-6.649747468306));
#610 = SURFACE_CURVE('',#611,(#616,#623),.PCURVE_S1.);
#611 = CIRCLE('',#612,1.7);
#612 = AXIS2_PLACEMENT_3D('',#613,#614,#615);
#613 = CARTESIAN_POINT('',(-4.949747468306,18.45,-4.949747468306));
#614 = DIRECTION('',(0.,-1.,0.));
#615 = DIRECTION('',(0.,-0.,-1.));
#616 = PCURVE('',#567,#617);
#617 = DEFINITIONAL_REPRESENTATION('',(#618),#622);
#618 = CIRCLE('',#619,1.7);
#619 = AXIS2_PLACEMENT_2D('',#620,#621);
#620 = CARTESIAN_POINT('',(23.949747468306,-20.05025253169));
#621 = DIRECTION('',(-0.,1.));
#622 = ( GEOMETRIC_REPRESENTATION_CONTEXT(2) 
PARAMETRIC_REPRESENTATION_CONTEXT() REPRESENTATION_CONTEXT('2D SPACE',''
  ) );
#623 = PCURVE('',#624,#629);
#624 = CYLINDRICAL_SURFACE('',#625,1.7);
#625 = AXIS2_PLACEMENT_3D('',#626,#627,#628);
#626 = CARTESIAN_POINT('',(-4.949747468306,24.05,-4.949747468306));
#627 = DIRECTION('',(0.,-1.,0.));
#628 = DIRECTION('',(0.,-0.,-1.));
#629 = DEFINITIONAL_REPRESENTATION('',(#630),#634);
#630 = LINE('',#631,#632);
#631 = CARTESIAN_POINT('',(0.,5.6));
#632 = VECTOR('',#633,1.);
#633 = DIRECTION('',(1.,0.));
#634 = ( GEOMETRIC_REPRESENTATION_CONTEXT(2) 
PARAMETRIC_REPRESENTATION_CONTEXT() REPRESENTATION_CONTEXT('2D SPACE',''
  ) );
#635 = ORIENTED_EDGE('',*,*,#636,.T.);
#636 = EDGE_CURVE('',#606,#637,#639,.T.);
#637 = VERTEX_POINT('',#638);
#638 = CARTESIAN_POINT('',(-9.363759928576,18.45,-3.65));
#639 = SURFACE_CURVE('',#640,(#644,#650),.PCURVE_S1.);
#640 = LINE('',#641,#642);
#641 = CARTESIAN_POINT('',(0.5,18.45,-3.65));
#642 = VECTOR('',#643,1.);
#643 = DIRECTION('',(-1.,0.,0.));
#644 = PCURVE('',#567,#645);
#645 = DEFINITIONAL_REPRESENTATION('',(#646),#649);
#646 = B_SPLINE_CURVE_WITH_KNOTS('',1,(#647,#648),.UNSPECIFIED.,.F.,.F.,
  (2,2),(0.5,15.),.PIECEWISE_BEZIER_KNOTS.);
#647 = CARTESIAN_POINT('',(19.,-21.35));
#648 = CARTESIAN_POINT('',(33.5,-21.35));
#649 = ( GEOMETRIC_REPRESENTATION_CONTEXT(2) 
PARAMETRIC_REPRESENTATION_CONTEXT() REPRESENTATION_CONTEXT('2D SPACE',''
  ) );
#650 = PCURVE('',#651,#656);
#651 = PLANE('',#652);
#652 = AXIS2_PLACEMENT_3D('',#653,#654,#655);
#653 = CARTESIAN_POINT('',(-18.,18.44,-3.65));
#654 = DIRECTION('',(0.,0.,1.));
#655 = DIRECTION('',(1.,0.,0.));
#656 = DEFINITIONAL_REPRESENTATION('',(#657),#660);
#657 = B_SPLINE_CURVE_WITH_KNOTS('',1,(#658,#659),.UNSPECIFIED.,.F.,.F.,
  (2,2),(0.5,15.),.PIECEWISE_BEZIER_KNOTS.);
#658 = CARTESIAN_POINT('',(18.,9.999999999998E-03));
#659 = CARTESIAN_POINT('',(3.5,9.999999999998E-03));
#660 = ( GEOMETRIC_REPRESENTATION_CONTEXT(2) 
PARAMETRIC_REPRESENTATION_CONTEXT() REPRESENTATION_CONTEXT('2D SPACE',''
  ) );
#661 = ORIENTED_EDGE('',*,*,#662,.T.);
#662 = EDGE_CURVE('',#637,#663,#665,.T.);
#663 = VERTEX_POINT('',#664);
#664 = CARTESIAN_POINT('',(9.093080219111,18.45,-4.279999080468));
#665 = SURFACE_CURVE('',#666,(#671,#678),.PCURVE_S1.);
#666 = CIRCLE('',#667,10.05);
#667 = AXIS2_PLACEMENT_3D('',#668,#669,#670);
#668 = CARTESIAN_POINT('',(-5.834698879568E-16,18.45,3.200719010925E-16)
  );
#669 = DIRECTION('',(-2.157543153397E-33,-1.,-1.110223024625E-16));
#670 = DIRECTION('',(0.904784101404,4.728112959711E-17,-0.42587055527));
#671 = PCURVE('',#567,#672);
#672 = DEFINITIONAL_REPRESENTATION('',(#673),#677);
#673 = CIRCLE('',#674,10.05);
#674 = AXIS2_PLACEMENT_2D('',#675,#676);
#675 = CARTESIAN_POINT('',(19.,-25.));
#676 = DIRECTION('',(-0.904784101404,0.42587055527));
#677 = ( GEOMETRIC_REPRESENTATION_CONTEXT(2) 
PARAMETRIC_REPRESENTATION_CONTEXT() REPRESENTATION_CONTEXT('2D SPACE',''
  ) );
#678 = PCURVE('',#111,#679);
#679 = DEFINITIONAL_REPRESENTATION('',(#680),#684);
#680 = LINE('',#681,#682);
#681 = CARTESIAN_POINT('',(-6.28318530718,-2.4));
#682 = VECTOR('',#683,1.);
#683 = DIRECTION('',(1.,-0.));
#684 = ( GEOMETRIC_REPRESENTATION_CONTEXT(2) 
PARAMETRIC_REPRESENTATION_CONTEXT() REPRESENTATION_CONTEXT('2D SPACE',''
  ) );
#685 = ORIENTED_EDGE('',*,*,#686,.F.);
#686 = EDGE_CURVE('',#687,#663,#689,.T.);
#687 = VERTEX_POINT('',#688);
#688 = CARTESIAN_POINT('',(9.681189885024,18.45,-4.556814941394));
#689 = SURFACE_CURVE('',#690,(#694,#700),.PCURVE_S1.);
#690 = LINE('',#691,#692);
#691 = CARTESIAN_POINT('',(39.737059954394,18.45,-18.703736904));
#692 = VECTOR('',#693,1.);
#693 = DIRECTION('',(-0.904784101404,0.,0.42587055527));
#694 = PCURVE('',#567,#695);
#695 = DEFINITIONAL_REPRESENTATION('',(#696),#699);
#696 = B_SPLINE_CURVE_WITH_KNOTS('',1,(#697,#698),.UNSPECIFIED.,.F.,.F.,
  (2,2),(32.092805244181,33.868830904219),.PIECEWISE_BEZIER_KNOTS.);
#697 = CARTESIAN_POINT('',(8.3,-19.96364388551));
#698 = CARTESIAN_POINT('',(9.906919780889,-20.72000091953));
#699 = ( GEOMETRIC_REPRESENTATION_CONTEXT(2) 
PARAMETRIC_REPRESENTATION_CONTEXT() REPRESENTATION_CONTEXT('2D SPACE',''
  ) );
#700 = PCURVE('',#79,#701);
#701 = DEFINITIONAL_REPRESENTATION('',(#702),#705);
#702 = B_SPLINE_CURVE_WITH_KNOTS('',1,(#703,#704),.UNSPECIFIED.,.F.,.F.,
  (2,2),(32.092805244181,33.868830904219),.PIECEWISE_BEZIER_KNOTS.);
#703 = CARTESIAN_POINT('',(-48.17397433996,-2.4));
#704 = CARTESIAN_POINT('',(-49.95,-2.4));
#705 = ( GEOMETRIC_REPRESENTATION_CONTEXT(2) 
PARAMETRIC_REPRESENTATION_CONTEXT() REPRESENTATION_CONTEXT('2D SPACE',''
  ) );
#706 = ORIENTED_EDGE('',*,*,#707,.T.);
#707 = EDGE_CURVE('',#687,#708,#710,.T.);
#708 = VERTEX_POINT('',#709);
#709 = CARTESIAN_POINT('',(-4.556814941394,18.45,9.681189885024));
#710 = SURFACE_CURVE('',#711,(#716,#723),.PCURVE_S1.);
#711 = CIRCLE('',#712,10.7);
#712 = AXIS2_PLACEMENT_3D('',#713,#714,#715);
#713 = CARTESIAN_POINT('',(0.,18.45,0.));
#714 = DIRECTION('',(0.,-1.,0.));
#715 = DIRECTION('',(0.904784101404,0.,-0.42587055527));
#716 = PCURVE('',#567,#717);
#717 = DEFINITIONAL_REPRESENTATION('',(#718),#722);
#718 = CIRCLE('',#719,10.7);
#719 = AXIS2_PLACEMENT_2D('',#720,#721);
#720 = CARTESIAN_POINT('',(19.,-25.));
#721 = DIRECTION('',(-0.904784101404,0.42587055527));
#722 = ( GEOMETRIC_REPRESENTATION_CONTEXT(2) 
PARAMETRIC_REPRESENTATION_CONTEXT() REPRESENTATION_CONTEXT('2D SPACE',''
  ) );
#723 = PCURVE('',#724,#729);
#724 = CYLINDRICAL_SURFACE('',#725,10.7);
#725 = AXIS2_PLACEMENT_3D('',#726,#727,#728);
#726 = CARTESIAN_POINT('',(0.,18.44,0.));
#727 = DIRECTION('',(0.,1.,0.));
#728 = DIRECTION('',(0.,-0.,1.));
#729 = DEFINITIONAL_REPRESENTATION('',(#730),#734);
#730 = LINE('',#731,#732);
#731 = CARTESIAN_POINT('',(8.293905471019,1.E-02));
#732 = VECTOR('',#733,1.);
#733 = DIRECTION('',(-1.,-0.));
#734 = ( GEOMETRIC_REPRESENTATION_CONTEXT(2) 
PARAMETRIC_REPRESENTATION_CONTEXT() REPRESENTATION_CONTEXT('2D SPACE',''
  ) );
#735 = ORIENTED_EDGE('',*,*,#736,.F.);
#736 = EDGE_CURVE('',#737,#708,#739,.T.);
#737 = VERTEX_POINT('',#738);
#738 = CARTESIAN_POINT('',(-4.279999080468,18.45,9.093080219111));
#739 = SURFACE_CURVE('',#740,(#744,#750),.PCURVE_S1.);
#740 = LINE('',#741,#742);
#741 = CARTESIAN_POINT('',(4.399486239117,18.45,-9.346936890181));
#742 = VECTOR('',#743,1.);
#743 = DIRECTION('',(-0.42587055527,0.,0.904784101404));
#744 = PCURVE('',#567,#745);
#745 = DEFINITIONAL_REPRESENTATION('',(#746),#749);
#746 = B_SPLINE_CURVE_WITH_KNOTS('',1,(#747,#748),.UNSPECIFIED.,.F.,.F.,
  (2,2),(20.380571542621,22.156597202659),.PIECEWISE_BEZIER_KNOTS.);
#747 = CARTESIAN_POINT('',(23.279999080468,-34.09308021911));
#748 = CARTESIAN_POINT('',(24.036356114483,-35.7));
#749 = ( GEOMETRIC_REPRESENTATION_CONTEXT(2) 
PARAMETRIC_REPRESENTATION_CONTEXT() REPRESENTATION_CONTEXT('2D SPACE',''
  ) );
#750 = PCURVE('',#321,#751);
#751 = DEFINITIONAL_REPRESENTATION('',(#752),#755);
#752 = B_SPLINE_CURVE_WITH_KNOTS('',1,(#753,#754),.UNSPECIFIED.,.F.,.F.,
  (2,2),(20.380571542621,22.156597202659),.PIECEWISE_BEZIER_KNOTS.);
#753 = CARTESIAN_POINT('',(0.,-2.4));
#754 = CARTESIAN_POINT('',(-1.776025660039,-2.4));
#755 = ( GEOMETRIC_REPRESENTATION_CONTEXT(2) 
PARAMETRIC_REPRESENTATION_CONTEXT() REPRESENTATION_CONTEXT('2D SPACE',''
  ) );
#756 = ORIENTED_EDGE('',*,*,#757,.T.);
#757 = EDGE_CURVE('',#737,#758,#760,.T.);
#758 = VERTEX_POINT('',#759);
#759 = CARTESIAN_POINT('',(-9.363759928576,18.45,3.65));
#760 = SURFACE_CURVE('',#761,(#766,#773),.PCURVE_S1.);
#761 = CIRCLE('',#762,10.05);
#762 = AXIS2_PLACEMENT_3D('',#763,#764,#765);
#763 = CARTESIAN_POINT('',(-5.834698879568E-16,18.45,3.200719010925E-16)
  );
#764 = DIRECTION('',(-2.157543153397E-33,-1.,-1.110223024625E-16));
#765 = DIRECTION('',(0.904784101404,4.728112959711E-17,-0.42587055527));
#766 = PCURVE('',#567,#767);
#767 = DEFINITIONAL_REPRESENTATION('',(#768),#772);
#768 = CIRCLE('',#769,10.05);
#769 = AXIS2_PLACEMENT_2D('',#770,#771);
#770 = CARTESIAN_POINT('',(19.,-25.));
#771 = DIRECTION('',(-0.904784101404,0.42587055527));
#772 = ( GEOMETRIC_REPRESENTATION_CONTEXT(2) 
PARAMETRIC_REPRESENTATION_CONTEXT() REPRESENTATION_CONTEXT('2D SPACE',''
  ) );
#773 = PCURVE('',#111,#774);
#774 = DEFINITIONAL_REPRESENTATION('',(#775),#779);
#775 = LINE('',#776,#777);
#776 = CARTESIAN_POINT('',(-6.28318530718,-2.4));
#777 = VECTOR('',#778,1.);
#778 = DIRECTION('',(1.,-0.));
#779 = ( GEOMETRIC_REPRESENTATION_CONTEXT(2) 
PARAMETRIC_REPRESENTATION_CONTEXT() REPRESENTATION_CONTEXT('2D SPACE',''
  ) );
#780 = ORIENTED_EDGE('',*,*,#781,.F.);
#781 = EDGE_CURVE('',#782,#758,#784,.T.);
#782 = VERTEX_POINT('',#783);
#783 = CARTESIAN_POINT('',(-6.045492200729,18.45,3.65));
#784 = SURFACE_CURVE('',#785,(#789,#795),.PCURVE_S1.);
#785 = LINE('',#786,#787);
#786 = CARTESIAN_POINT('',(0.5,18.45,3.65));
#787 = VECTOR('',#788,1.);
#788 = DIRECTION('',(-1.,0.,0.));
#789 = PCURVE('',#567,#790);
#790 = DEFINITIONAL_REPRESENTATION('',(#791),#794);
#791 = B_SPLINE_CURVE_WITH_KNOTS('',1,(#792,#793),.UNSPECIFIED.,.F.,.F.,
  (2,2),(0.5,15.),.PIECEWISE_BEZIER_KNOTS.);
#792 = CARTESIAN_POINT('',(19.,-28.65));
#793 = CARTESIAN_POINT('',(33.5,-28.65));
#794 = ( GEOMETRIC_REPRESENTATION_CONTEXT(2) 
PARAMETRIC_REPRESENTATION_CONTEXT() REPRESENTATION_CONTEXT('2D SPACE',''
  ) );
#795 = PCURVE('',#796,#801);
#796 = PLANE('',#797);
#797 = AXIS2_PLACEMENT_3D('',#798,#799,#800);
#798 = CARTESIAN_POINT('',(-18.,18.44,3.65));
#799 = DIRECTION('',(0.,0.,1.));
#800 = DIRECTION('',(1.,0.,0.));
#801 = DEFINITIONAL_REPRESENTATION('',(#802),#805);
#802 = B_SPLINE_CURVE_WITH_KNOTS('',1,(#803,#804),.UNSPECIFIED.,.F.,.F.,
  (2,2),(0.5,15.),.PIECEWISE_BEZIER_KNOTS.);
#803 = CARTESIAN_POINT('',(18.,9.999999999998E-03));
#804 = CARTESIAN_POINT('',(3.5,9.999999999998E-03));
#805 = ( GEOMETRIC_REPRESENTATION_CONTEXT(2) 
PARAMETRIC_REPRESENTATION_CONTEXT() REPRESENTATION_CONTEXT('2D SPACE',''
  ) );
#806 = ORIENTED_EDGE('',*,*,#807,.F.);
#807 = EDGE_CURVE('',#808,#782,#810,.T.);
#808 = VERTEX_POINT('',#809);
#809 = CARTESIAN_POINT('',(-3.854002735883,18.45,3.65));
#810 = SURFACE_CURVE('',#811,(#816,#823),.PCURVE_S1.);
#811 = CIRCLE('',#812,1.7);
#812 = AXIS2_PLACEMENT_3D('',#813,#814,#815);
#813 = CARTESIAN_POINT('',(-4.949747468306,18.45,4.949747468306));
#814 = DIRECTION('',(0.,-1.,0.));
#815 = DIRECTION('',(0.,-0.,-1.));
#816 = PCURVE('',#567,#817);
#817 = DEFINITIONAL_REPRESENTATION('',(#818),#822);
#818 = CIRCLE('',#819,1.7);
#819 = AXIS2_PLACEMENT_2D('',#820,#821);
#820 = CARTESIAN_POINT('',(23.949747468306,-29.9497474683));
#821 = DIRECTION('',(-0.,1.));
#822 = ( GEOMETRIC_REPRESENTATION_CONTEXT(2) 
PARAMETRIC_REPRESENTATION_CONTEXT() REPRESENTATION_CONTEXT('2D SPACE',''
  ) );
#823 = PCURVE('',#824,#829);
#824 = CYLINDRICAL_SURFACE('',#825,1.7);
#825 = AXIS2_PLACEMENT_3D('',#826,#827,#828);
#826 = CARTESIAN_POINT('',(-4.949747468306,24.05,4.949747468306));
#827 = DIRECTION('',(0.,-1.,0.));
#828 = DIRECTION('',(0.,-0.,-1.));
#829 = DEFINITIONAL_REPRESENTATION('',(#830),#834);
#830 = LINE('',#831,#832);
#831 = CARTESIAN_POINT('',(0.,5.6));
#832 = VECTOR('',#833,1.);
#833 = DIRECTION('',(1.,0.));
#834 = ( GEOMETRIC_REPRESENTATION_CONTEXT(2) 
PARAMETRIC_REPRESENTATION_CONTEXT() REPRESENTATION_CONTEXT('2D SPACE',''
  ) );
#835 = ORIENTED_EDGE('',*,*,#836,.F.);
#836 = EDGE_CURVE('',#837,#808,#839,.T.);
#837 = VERTEX_POINT('',#838);
#838 = CARTESIAN_POINT('',(0.,18.45,3.65));
#839 = SURFACE_CURVE('',#840,(#844,#850),.PCURVE_S1.);
#840 = LINE('',#841,#842);
#841 = CARTESIAN_POINT('',(0.5,18.45,3.65));
#842 = VECTOR('',#843,1.);
#843 = DIRECTION('',(-1.,0.,0.));
#844 = PCURVE('',#567,#845);
#845 = DEFINITIONAL_REPRESENTATION('',(#846),#849);
#846 = B_SPLINE_CURVE_WITH_KNOTS('',1,(#847,#848),.UNSPECIFIED.,.F.,.F.,
  (2,2),(0.5,15.),.PIECEWISE_BEZIER_KNOTS.);
#847 = CARTESIAN_POINT('',(19.,-28.65));
#848 = CARTESIAN_POINT('',(33.5,-28.65));
#849 = ( GEOMETRIC_REPRESENTATION_CONTEXT(2) 
PARAMETRIC_REPRESENTATION_CONTEXT() REPRESENTATION_CONTEXT('2D SPACE',''
  ) );
#850 = PCURVE('',#851,#856);
#851 = PLANE('',#852);
#852 = AXIS2_PLACEMENT_3D('',#853,#854,#855);
#853 = CARTESIAN_POINT('',(-18.,18.44,3.65));
#854 = DIRECTION('',(0.,0.,1.));
#855 = DIRECTION('',(1.,0.,0.));
#856 = DEFINITIONAL_REPRESENTATION('',(#857),#860);
#857 = B_SPLINE_CURVE_WITH_KNOTS('',1,(#858,#859),.UNSPECIFIED.,.F.,.F.,
  (2,2),(0.5,15.),.PIECEWISE_BEZIER_KNOTS.);
#858 = CARTESIAN_POINT('',(18.,9.999999999998E-03));
#859 = CARTESIAN_POINT('',(3.5,9.999999999998E-03));
#860 = ( GEOMETRIC_REPRESENTATION_CONTEXT(2) 
PARAMETRIC_REPRESENTATION_CONTEXT() REPRESENTATION_CONTEXT('2D SPACE',''
  ) );
#861 = ORIENTED_EDGE('',*,*,#862,.F.);
#862 = EDGE_CURVE('',#863,#837,#865,.T.);
#863 = VERTEX_POINT('',#864);
#864 = CARTESIAN_POINT('',(-4.469960816888E-16,18.45,-3.65));
#865 = SURFACE_CURVE('',#866,(#871,#878),.PCURVE_S1.);
#866 = CIRCLE('',#867,3.65);
#867 = AXIS2_PLACEMENT_3D('',#868,#869,#870);
#868 = CARTESIAN_POINT('',(0.,18.45,0.));
#869 = DIRECTION('',(0.,-1.,0.));
#870 = DIRECTION('',(0.,-0.,-1.));
#871 = PCURVE('',#567,#872);
#872 = DEFINITIONAL_REPRESENTATION('',(#873),#877);
#873 = CIRCLE('',#874,3.65);
#874 = AXIS2_PLACEMENT_2D('',#875,#876);
#875 = CARTESIAN_POINT('',(19.,-25.));
#876 = DIRECTION('',(-0.,1.));
#877 = ( GEOMETRIC_REPRESENTATION_CONTEXT(2) 
PARAMETRIC_REPRESENTATION_CONTEXT() REPRESENTATION_CONTEXT('2D SPACE',''
  ) );
#878 = PCURVE('',#410,#879);
#879 = DEFINITIONAL_REPRESENTATION('',(#880),#884);
#880 = LINE('',#881,#882);
#881 = CARTESIAN_POINT('',(0.,5.6));
#882 = VECTOR('',#883,1.);
#883 = DIRECTION('',(1.,0.));
#884 = ( GEOMETRIC_REPRESENTATION_CONTEXT(2) 
PARAMETRIC_REPRESENTATION_CONTEXT() REPRESENTATION_CONTEXT('2D SPACE',''
  ) );
#885 = ORIENTED_EDGE('',*,*,#886,.T.);
#886 = EDGE_CURVE('',#863,#887,#889,.T.);
#887 = VERTEX_POINT('',#888);
#888 = CARTESIAN_POINT('',(-3.854002735883,18.45,-3.65));
#889 = SURFACE_CURVE('',#890,(#894,#900),.PCURVE_S1.);
#890 = LINE('',#891,#892);
#891 = CARTESIAN_POINT('',(0.5,18.45,-3.65));
#892 = VECTOR('',#893,1.);
#893 = DIRECTION('',(-1.,0.,0.));
#894 = PCURVE('',#567,#895);
#895 = DEFINITIONAL_REPRESENTATION('',(#896),#899);
#896 = B_SPLINE_CURVE_WITH_KNOTS('',1,(#897,#898),.UNSPECIFIED.,.F.,.F.,
  (2,2),(0.5,15.),.PIECEWISE_BEZIER_KNOTS.);
#897 = CARTESIAN_POINT('',(19.,-21.35));
#898 = CARTESIAN_POINT('',(33.5,-21.35));
#899 = ( GEOMETRIC_REPRESENTATION_CONTEXT(2) 
PARAMETRIC_REPRESENTATION_CONTEXT() REPRESENTATION_CONTEXT('2D SPACE',''
  ) );
#900 = PCURVE('',#901,#906);
#901 = PLANE('',#902);
#902 = AXIS2_PLACEMENT_3D('',#903,#904,#905);
#903 = CARTESIAN_POINT('',(-18.,18.44,-3.65));
#904 = DIRECTION('',(0.,0.,1.));
#905 = DIRECTION('',(1.,0.,0.));
#906 = DEFINITIONAL_REPRESENTATION('',(#907),#910);
#907 = B_SPLINE_CURVE_WITH_KNOTS('',1,(#908,#909),.UNSPECIFIED.,.F.,.F.,
  (2,2),(0.5,15.),.PIECEWISE_BEZIER_KNOTS.);
#908 = CARTESIAN_POINT('',(18.,9.999999999998E-03));
#909 = CARTESIAN_POINT('',(3.5,9.999999999998E-03));
#910 = ( GEOMETRIC_REPRESENTATION_CONTEXT(2) 
PARAMETRIC_REPRESENTATION_CONTEXT() REPRESENTATION_CONTEXT('2D SPACE',''
  ) );
#911 = ORIENTED_EDGE('',*,*,#912,.F.);
#912 = EDGE_CURVE('',#608,#887,#913,.T.);
#913 = SURFACE_CURVE('',#914,(#919,#926),.PCURVE_S1.);
#914 = CIRCLE('',#915,1.7);
#915 = AXIS2_PLACEMENT_3D('',#916,#917,#918);
#916 = CARTESIAN_POINT('',(-4.949747468306,18.45,-4.949747468306));
#917 = DIRECTION('',(0.,-1.,0.));
#918 = DIRECTION('',(0.,-0.,-1.));
#919 = PCURVE('',#567,#920);
#920 = DEFINITIONAL_REPRESENTATION('',(#921),#925);
#921 = CIRCLE('',#922,1.7);
#922 = AXIS2_PLACEMENT_2D('',#923,#924);
#923 = CARTESIAN_POINT('',(23.949747468306,-20.05025253169));
#924 = DIRECTION('',(-0.,1.));
#925 = ( GEOMETRIC_REPRESENTATION_CONTEXT(2) 
PARAMETRIC_REPRESENTATION_CONTEXT() REPRESENTATION_CONTEXT('2D SPACE',''
  ) );
#926 = PCURVE('',#624,#927);
#927 = DEFINITIONAL_REPRESENTATION('',(#928),#932);
#928 = LINE('',#929,#930);
#929 = CARTESIAN_POINT('',(0.,5.6));
#930 = VECTOR('',#931,1.);
#931 = DIRECTION('',(1.,0.));
#932 = ( GEOMETRIC_REPRESENTATION_CONTEXT(2) 
PARAMETRIC_REPRESENTATION_CONTEXT() REPRESENTATION_CONTEXT('2D SPACE',''
  ) );
#933 = FACE_BOUND('',#934,.T.);
#934 = EDGE_LOOP('',(#935));
#935 = ORIENTED_EDGE('',*,*,#550,.F.);
#936 = FACE_BOUND('',#937,.T.);
#937 = EDGE_LOOP('',(#938));
#938 = ORIENTED_EDGE('',*,*,#939,.F.);
#939 = EDGE_CURVE('',#940,#940,#942,.T.);
#940 = VERTEX_POINT('',#941);
#941 = CARTESIAN_POINT('',(4.949747468306,18.45,-6.649747468306));
#942 = SURFACE_CURVE('',#943,(#948,#955),.PCURVE_S1.);
#943 = CIRCLE('',#944,1.7);
#944 = AXIS2_PLACEMENT_3D('',#945,#946,#947);
#945 = CARTESIAN_POINT('',(4.949747468306,18.45,-4.949747468306));
#946 = DIRECTION('',(0.,-1.,0.));
#947 = DIRECTION('',(0.,-0.,-1.));
#948 = PCURVE('',#567,#949);
#949 = DEFINITIONAL_REPRESENTATION('',(#950),#954);
#950 = CIRCLE('',#951,1.7);
#951 = AXIS2_PLACEMENT_2D('',#952,#953);
#952 = CARTESIAN_POINT('',(14.050252531694,-20.05025253169));
#953 = DIRECTION('',(-0.,1.));
#954 = ( GEOMETRIC_REPRESENTATION_CONTEXT(2) 
PARAMETRIC_REPRESENTATION_CONTEXT() REPRESENTATION_CONTEXT('2D SPACE',''
  ) );
#955 = PCURVE('',#956,#961);
#956 = CYLINDRICAL_SURFACE('',#957,1.7);
#957 = AXIS2_PLACEMENT_3D('',#958,#959,#960);
#958 = CARTESIAN_POINT('',(4.949747468306,24.05,-4.949747468306));
#959 = DIRECTION('',(0.,-1.,0.));
#960 = DIRECTION('',(0.,-0.,-1.));
#961 = DEFINITIONAL_REPRESENTATION('',(#962),#966);
#962 = LINE('',#963,#964);
#963 = CARTESIAN_POINT('',(0.,5.6));
#964 = VECTOR('',#965,1.);
#965 = DIRECTION('',(1.,0.));
#966 = ( GEOMETRIC_REPRESENTATION_CONTEXT(2) 
PARAMETRIC_REPRESENTATION_CONTEXT() REPRESENTATION_CONTEXT('2D SPACE',''
  ) );
#967 = ADVANCED_FACE('',(#968),#956,.F.);
#968 = FACE_BOUND('',#969,.F.);
#969 = EDGE_LOOP('',(#970,#971,#994,#1021));
#970 = ORIENTED_EDGE('',*,*,#939,.F.);
#971 = ORIENTED_EDGE('',*,*,#972,.F.);
#972 = EDGE_CURVE('',#973,#940,#975,.T.);
#973 = VERTEX_POINT('',#974);
#974 = CARTESIAN_POINT('',(4.949747468306,22.45,-6.649747468306));
#975 = SEAM_CURVE('',#976,(#980,#987),.PCURVE_S1.);
#976 = LINE('',#977,#978);
#977 = CARTESIAN_POINT('',(4.949747468306,24.05,-6.649747468306));
#978 = VECTOR('',#979,1.);
#979 = DIRECTION('',(0.,-1.,0.));
#980 = PCURVE('',#956,#981);
#981 = DEFINITIONAL_REPRESENTATION('',(#982),#986);
#982 = LINE('',#983,#984);
#983 = CARTESIAN_POINT('',(6.28318530718,-0.));
#984 = VECTOR('',#985,1.);
#985 = DIRECTION('',(0.,1.));
#986 = ( GEOMETRIC_REPRESENTATION_CONTEXT(2) 
PARAMETRIC_REPRESENTATION_CONTEXT() REPRESENTATION_CONTEXT('2D SPACE',''
  ) );
#987 = PCURVE('',#956,#988);
#988 = DEFINITIONAL_REPRESENTATION('',(#989),#993);
#989 = LINE('',#990,#991);
#990 = CARTESIAN_POINT('',(0.,-0.));
#991 = VECTOR('',#992,1.);
#992 = DIRECTION('',(0.,1.));
#993 = ( GEOMETRIC_REPRESENTATION_CONTEXT(2) 
PARAMETRIC_REPRESENTATION_CONTEXT() REPRESENTATION_CONTEXT('2D SPACE',''
  ) );
#994 = ORIENTED_EDGE('',*,*,#995,.T.);
#995 = EDGE_CURVE('',#973,#973,#996,.T.);
#996 = SURFACE_CURVE('',#997,(#1002,#1009),.PCURVE_S1.);
#997 = CIRCLE('',#998,1.7);
#998 = AXIS2_PLACEMENT_3D('',#999,#1000,#1001);
#999 = CARTESIAN_POINT('',(4.949747468306,22.45,-4.949747468306));
#1000 = DIRECTION('',(0.,-1.,0.));
#1001 = DIRECTION('',(0.,-0.,-1.));
#1002 = PCURVE('',#956,#1003);
#1003 = DEFINITIONAL_REPRESENTATION('',(#1004),#1008);
#1004 = LINE('',#1005,#1006);
#1005 = CARTESIAN_POINT('',(0.,1.6));
#1006 = VECTOR('',#1007,1.);
#1007 = DIRECTION('',(1.,0.));
#1008 = ( GEOMETRIC_REPRESENTATION_CONTEXT(2) 
PARAMETRIC_REPRESENTATION_CONTEXT() REPRESENTATION_CONTEXT('2D SPACE',''
  ) );
#1009 = PCURVE('',#1010,#1015);
#1010 = PLANE('',#1011);
#1011 = AXIS2_PLACEMENT_3D('',#1012,#1013,#1014);
#1012 = CARTESIAN_POINT('',(4.949747468306,22.45,-4.949747468306));
#1013 = DIRECTION('',(0.,-1.,0.));
#1014 = DIRECTION('',(0.,-0.,-1.));
#1015 = DEFINITIONAL_REPRESENTATION('',(#1016),#1020);
#1016 = CIRCLE('',#1017,1.7);
#1017 = AXIS2_PLACEMENT_2D('',#1018,#1019);
#1018 = CARTESIAN_POINT('',(0.,0.));
#1019 = DIRECTION('',(1.,0.));
#1020 = ( GEOMETRIC_REPRESENTATION_CONTEXT(2) 
PARAMETRIC_REPRESENTATION_CONTEXT() REPRESENTATION_CONTEXT('2D SPACE',''
  ) );
#1021 = ORIENTED_EDGE('',*,*,#972,.T.);
#1022 = ADVANCED_FACE('',(#1023,#1073),#1010,.F.);
#1023 = FACE_BOUND('',#1024,.F.);
#1024 = EDGE_LOOP('',(#1025,#1051));
#1025 = ORIENTED_EDGE('',*,*,#1026,.T.);
#1026 = EDGE_CURVE('',#1027,#1029,#1031,.T.);
#1027 = VERTEX_POINT('',#1028);
#1028 = CARTESIAN_POINT('',(7.741509814844,22.45,-6.408707029243));
#1029 = VERTEX_POINT('',#1030);
#1030 = CARTESIAN_POINT('',(6.408707029243,22.45,-7.741509814844));
#1031 = SURFACE_CURVE('',#1032,(#1037,#1044),.PCURVE_S1.);
#1032 = CIRCLE('',#1033,3.15);
#1033 = AXIS2_PLACEMENT_3D('',#1034,#1035,#1036);
#1034 = CARTESIAN_POINT('',(4.949747468306,22.45,-4.949747468306));
#1035 = DIRECTION('',(0.,-1.,0.));
#1036 = DIRECTION('',(0.886273760806,0.,-0.463161765377));
#1037 = PCURVE('',#1010,#1038);
#1038 = DEFINITIONAL_REPRESENTATION('',(#1039),#1043);
#1039 = CIRCLE('',#1040,3.15);
#1040 = AXIS2_PLACEMENT_2D('',#1041,#1042);
#1041 = CARTESIAN_POINT('',(0.,0.));
#1042 = DIRECTION('',(0.463161765377,0.886273760806));
#1043 = ( GEOMETRIC_REPRESENTATION_CONTEXT(2) 
PARAMETRIC_REPRESENTATION_CONTEXT() REPRESENTATION_CONTEXT('2D SPACE',''
  ) );
#1044 = PCURVE('',#144,#1045);
#1045 = DEFINITIONAL_REPRESENTATION('',(#1046),#1050);
#1046 = LINE('',#1047,#1048);
#1047 = CARTESIAN_POINT('',(1.089236958417,1.6));
#1048 = VECTOR('',#1049,1.);
#1049 = DIRECTION('',(1.,0.));
#1050 = ( GEOMETRIC_REPRESENTATION_CONTEXT(2) 
PARAMETRIC_REPRESENTATION_CONTEXT() REPRESENTATION_CONTEXT('2D SPACE',''
  ) );
#1051 = ORIENTED_EDGE('',*,*,#1052,.T.);
#1052 = EDGE_CURVE('',#1029,#1027,#1053,.T.);
#1053 = SURFACE_CURVE('',#1054,(#1059,#1066),.PCURVE_S1.);
#1054 = CIRCLE('',#1055,10.05);
#1055 = AXIS2_PLACEMENT_3D('',#1056,#1057,#1058);
#1056 = CARTESIAN_POINT('',(-5.834698879568E-16,22.45,7.641611109426E-16
    ));
#1057 = DIRECTION('',(-2.157543153397E-33,-1.,-1.110223024625E-16));
#1058 = DIRECTION('',(0.904784101404,4.728112959711E-17,-0.42587055527)
  );
#1059 = PCURVE('',#1010,#1060);
#1060 = DEFINITIONAL_REPRESENTATION('',(#1061),#1065);
#1061 = CIRCLE('',#1062,10.05);
#1062 = AXIS2_PLACEMENT_2D('',#1063,#1064);
#1063 = CARTESIAN_POINT('',(-4.949747468306,-4.949747468306));
#1064 = DIRECTION('',(0.42587055527,0.904784101404));
#1065 = ( GEOMETRIC_REPRESENTATION_CONTEXT(2) 
PARAMETRIC_REPRESENTATION_CONTEXT() REPRESENTATION_CONTEXT('2D SPACE',''
  ) );
#1066 = PCURVE('',#111,#1067);
#1067 = DEFINITIONAL_REPRESENTATION('',(#1068),#1072);
#1068 = LINE('',#1069,#1070);
#1069 = CARTESIAN_POINT('',(-6.28318530718,-6.4));
#1070 = VECTOR('',#1071,1.);
#1071 = DIRECTION('',(1.,-0.));
#1072 = ( GEOMETRIC_REPRESENTATION_CONTEXT(2) 
PARAMETRIC_REPRESENTATION_CONTEXT() REPRESENTATION_CONTEXT('2D SPACE',''
  ) );
#1073 = FACE_BOUND('',#1074,.F.);
#1074 = EDGE_LOOP('',(#1075));
#1075 = ORIENTED_EDGE('',*,*,#995,.F.);
#1076 = ADVANCED_FACE('',(#1077),#901,.T.);
#1077 = FACE_BOUND('',#1078,.T.);
#1078 = EDGE_LOOP('',(#1079,#1109,#1128,#1129));
#1079 = ORIENTED_EDGE('',*,*,#1080,.F.);
#1080 = EDGE_CURVE('',#1081,#1083,#1085,.T.);
#1081 = VERTEX_POINT('',#1082);
#1082 = CARTESIAN_POINT('',(-3.854002735883,19.45,-3.65));
#1083 = VERTEX_POINT('',#1084);
#1084 = CARTESIAN_POINT('',(0.,19.45,-3.65));
#1085 = SURFACE_CURVE('',#1086,(#1090,#1097),.PCURVE_S1.);
#1086 = LINE('',#1087,#1088);
#1087 = CARTESIAN_POINT('',(-18.,19.45,-3.65));
#1088 = VECTOR('',#1089,1.);
#1089 = DIRECTION('',(1.,0.,0.));
#1090 = PCURVE('',#901,#1091);
#1091 = DEFINITIONAL_REPRESENTATION('',(#1092),#1096);
#1092 = LINE('',#1093,#1094);
#1093 = CARTESIAN_POINT('',(0.,1.01));
#1094 = VECTOR('',#1095,1.);
#1095 = DIRECTION('',(1.,0.));
#1096 = ( GEOMETRIC_REPRESENTATION_CONTEXT(2) 
PARAMETRIC_REPRESENTATION_CONTEXT() REPRESENTATION_CONTEXT('2D SPACE',''
  ) );
#1097 = PCURVE('',#1098,#1103);
#1098 = PLANE('',#1099);
#1099 = AXIS2_PLACEMENT_3D('',#1100,#1101,#1102);
#1100 = CARTESIAN_POINT('',(-18.,19.45,-3.65));
#1101 = DIRECTION('',(0.,1.,0.));
#1102 = DIRECTION('',(0.,0.,1.));
#1103 = DEFINITIONAL_REPRESENTATION('',(#1104),#1108);
#1104 = LINE('',#1105,#1106);
#1105 = CARTESIAN_POINT('',(0.,0.));
#1106 = VECTOR('',#1107,1.);
#1107 = DIRECTION('',(0.,1.));
#1108 = ( GEOMETRIC_REPRESENTATION_CONTEXT(2) 
PARAMETRIC_REPRESENTATION_CONTEXT() REPRESENTATION_CONTEXT('2D SPACE',''
  ) );
#1109 = ORIENTED_EDGE('',*,*,#1110,.T.);
#1110 = EDGE_CURVE('',#1081,#887,#1111,.T.);
#1111 = SURFACE_CURVE('',#1112,(#1116,#1122),.PCURVE_S1.);
#1112 = LINE('',#1113,#1114);
#1113 = CARTESIAN_POINT('',(-3.854002735883,24.05,-3.65));
#1114 = VECTOR('',#1115,1.);
#1115 = DIRECTION('',(0.,-1.,0.));
#1116 = PCURVE('',#901,#1117);
#1117 = DEFINITIONAL_REPRESENTATION('',(#1118),#1121);
#1118 = B_SPLINE_CURVE_WITH_KNOTS('',1,(#1119,#1120),.UNSPECIFIED.,.F.,
  .F.,(2,2),(4.499,5.711),.PIECEWISE_BEZIER_KNOTS.);
#1119 = CARTESIAN_POINT('',(14.145997264117,1.111));
#1120 = CARTESIAN_POINT('',(14.145997264117,-0.101));
#1121 = ( GEOMETRIC_REPRESENTATION_CONTEXT(2) 
PARAMETRIC_REPRESENTATION_CONTEXT() REPRESENTATION_CONTEXT('2D SPACE',''
  ) );
#1122 = PCURVE('',#624,#1123);
#1123 = DEFINITIONAL_REPRESENTATION('',(#1124),#1127);
#1124 = B_SPLINE_CURVE_WITH_KNOTS('',1,(#1125,#1126),.UNSPECIFIED.,.F.,
  .F.,(2,2),(4.499,5.711),.PIECEWISE_BEZIER_KNOTS.);
#1125 = CARTESIAN_POINT('',(2.441150600736,4.499));
#1126 = CARTESIAN_POINT('',(2.441150600736,5.711));
#1127 = ( GEOMETRIC_REPRESENTATION_CONTEXT(2) 
PARAMETRIC_REPRESENTATION_CONTEXT() REPRESENTATION_CONTEXT('2D SPACE',''
  ) );
#1128 = ORIENTED_EDGE('',*,*,#886,.F.);
#1129 = ORIENTED_EDGE('',*,*,#1130,.F.);
#1130 = EDGE_CURVE('',#1083,#863,#1131,.T.);
#1131 = SURFACE_CURVE('',#1132,(#1136,#1143),.PCURVE_S1.);
#1132 = LINE('',#1133,#1134);
#1133 = CARTESIAN_POINT('',(-8.939921633776E-16,24.05,-3.65));
#1134 = VECTOR('',#1135,1.);
#1135 = DIRECTION('',(0.,-1.,0.));
#1136 = PCURVE('',#901,#1137);
#1137 = DEFINITIONAL_REPRESENTATION('',(#1138),#1142);
#1138 = LINE('',#1139,#1140);
#1139 = CARTESIAN_POINT('',(18.,5.61));
#1140 = VECTOR('',#1141,1.);
#1141 = DIRECTION('',(0.,-1.));
#1142 = ( GEOMETRIC_REPRESENTATION_CONTEXT(2) 
PARAMETRIC_REPRESENTATION_CONTEXT() REPRESENTATION_CONTEXT('2D SPACE',''
  ) );
#1143 = PCURVE('',#410,#1144);
#1144 = DEFINITIONAL_REPRESENTATION('',(#1145),#1149);
#1145 = LINE('',#1146,#1147);
#1146 = CARTESIAN_POINT('',(0.,-0.));
#1147 = VECTOR('',#1148,1.);
#1148 = DIRECTION('',(0.,1.));
#1149 = ( GEOMETRIC_REPRESENTATION_CONTEXT(2) 
PARAMETRIC_REPRESENTATION_CONTEXT() REPRESENTATION_CONTEXT('2D SPACE',''
  ) );
#1150 = ADVANCED_FACE('',(#1151),#1098,.F.);
#1151 = FACE_BOUND('',#1152,.F.);
#1152 = EDGE_LOOP('',(#1153,#1178,#1206,#1229,#1257,#1285,#1308,#1334,
    #1335));
#1153 = ORIENTED_EDGE('',*,*,#1154,.F.);
#1154 = EDGE_CURVE('',#1155,#1157,#1159,.T.);
#1155 = VERTEX_POINT('',#1156);
#1156 = CARTESIAN_POINT('',(-9.363759928576,19.45,-3.65));
#1157 = VERTEX_POINT('',#1158);
#1158 = CARTESIAN_POINT('',(-6.045492200729,19.45,-3.65));
#1159 = SURFACE_CURVE('',#1160,(#1164,#1171),.PCURVE_S1.);
#1160 = LINE('',#1161,#1162);
#1161 = CARTESIAN_POINT('',(-18.,19.45,-3.65));
#1162 = VECTOR('',#1163,1.);
#1163 = DIRECTION('',(1.,0.,0.));
#1164 = PCURVE('',#1098,#1165);
#1165 = DEFINITIONAL_REPRESENTATION('',(#1166),#1170);
#1166 = LINE('',#1167,#1168);
#1167 = CARTESIAN_POINT('',(0.,0.));
#1168 = VECTOR('',#1169,1.);
#1169 = DIRECTION('',(0.,1.));
#1170 = ( GEOMETRIC_REPRESENTATION_CONTEXT(2) 
PARAMETRIC_REPRESENTATION_CONTEXT() REPRESENTATION_CONTEXT('2D SPACE',''
  ) );
#1171 = PCURVE('',#651,#1172);
#1172 = DEFINITIONAL_REPRESENTATION('',(#1173),#1177);
#1173 = LINE('',#1174,#1175);
#1174 = CARTESIAN_POINT('',(0.,1.01));
#1175 = VECTOR('',#1176,1.);
#1176 = DIRECTION('',(1.,0.));
#1177 = ( GEOMETRIC_REPRESENTATION_CONTEXT(2) 
PARAMETRIC_REPRESENTATION_CONTEXT() REPRESENTATION_CONTEXT('2D SPACE',''
  ) );
#1178 = ORIENTED_EDGE('',*,*,#1179,.F.);
#1179 = EDGE_CURVE('',#1180,#1155,#1182,.T.);
#1180 = VERTEX_POINT('',#1181);
#1181 = CARTESIAN_POINT('',(-9.363759928576,19.45,3.65));
#1182 = SURFACE_CURVE('',#1183,(#1188,#1199),.PCURVE_S1.);
#1183 = CIRCLE('',#1184,10.05);
#1184 = AXIS2_PLACEMENT_3D('',#1185,#1186,#1187);
#1185 = CARTESIAN_POINT('',(-5.834698879568E-16,19.45,4.31094203555E-16)
  );
#1186 = DIRECTION('',(-2.157543153397E-33,-1.,-1.110223024625E-16));
#1187 = DIRECTION('',(0.904784101404,4.728112959711E-17,-0.42587055527)
  );
#1188 = PCURVE('',#1098,#1189);
#1189 = DEFINITIONAL_REPRESENTATION('',(#1190),#1198);
#1190 = ( BOUNDED_CURVE() B_SPLINE_CURVE(2,(#1191,#1192,#1193,#1194,
#1195,#1196,#1197),.UNSPECIFIED.,.T.,.F.) B_SPLINE_CURVE_WITH_KNOTS((1,2
    ,2,2,2,1),(-2.094395102393,0.,2.094395102393,4.188790204786,
6.28318530718,8.377580409573),.UNSPECIFIED.) CURVE() 
GEOMETRIC_REPRESENTATION_ITEM() RATIONAL_B_SPLINE_CURVE((1.,0.5,1.,0.5,
1.,0.5,1.)) REPRESENTATION_ITEM('') );
#1191 = CARTESIAN_POINT('',(-0.629999080468,27.093080219111));
#1192 = CARTESIAN_POINT('',(15.119677856333,34.50625608283));
#1193 = CARTESIAN_POINT('',(13.664838008634,17.160047822303));
#1194 = CARTESIAN_POINT('',(12.209998160936,-0.186160438223));
#1195 = CARTESIAN_POINT('',(-2.084838928166,9.746871958585));
#1196 = CARTESIAN_POINT('',(-16.37967601726,19.679904355393));
#1197 = CARTESIAN_POINT('',(-0.629999080468,27.093080219111));
#1198 = ( GEOMETRIC_REPRESENTATION_CONTEXT(2) 
PARAMETRIC_REPRESENTATION_CONTEXT() REPRESENTATION_CONTEXT('2D SPACE',''
  ) );
#1199 = PCURVE('',#111,#1200);
#1200 = DEFINITIONAL_REPRESENTATION('',(#1201),#1205);
#1201 = LINE('',#1202,#1203);
#1202 = CARTESIAN_POINT('',(-6.28318530718,-3.4));
#1203 = VECTOR('',#1204,1.);
#1204 = DIRECTION('',(1.,-0.));
#1205 = ( GEOMETRIC_REPRESENTATION_CONTEXT(2) 
PARAMETRIC_REPRESENTATION_CONTEXT() REPRESENTATION_CONTEXT('2D SPACE',''
  ) );
#1206 = ORIENTED_EDGE('',*,*,#1207,.T.);
#1207 = EDGE_CURVE('',#1180,#1208,#1210,.T.);
#1208 = VERTEX_POINT('',#1209);
#1209 = CARTESIAN_POINT('',(-6.045492200729,19.45,3.65));
#1210 = SURFACE_CURVE('',#1211,(#1215,#1222),.PCURVE_S1.);
#1211 = LINE('',#1212,#1213);
#1212 = CARTESIAN_POINT('',(-18.,19.45,3.65));
#1213 = VECTOR('',#1214,1.);
#1214 = DIRECTION('',(1.,0.,0.));
#1215 = PCURVE('',#1098,#1216);
#1216 = DEFINITIONAL_REPRESENTATION('',(#1217),#1221);
#1217 = LINE('',#1218,#1219);
#1218 = CARTESIAN_POINT('',(7.3,0.));
#1219 = VECTOR('',#1220,1.);
#1220 = DIRECTION('',(0.,1.));
#1221 = ( GEOMETRIC_REPRESENTATION_CONTEXT(2) 
PARAMETRIC_REPRESENTATION_CONTEXT() REPRESENTATION_CONTEXT('2D SPACE',''
  ) );
#1222 = PCURVE('',#796,#1223);
#1223 = DEFINITIONAL_REPRESENTATION('',(#1224),#1228);
#1224 = LINE('',#1225,#1226);
#1225 = CARTESIAN_POINT('',(0.,1.01));
#1226 = VECTOR('',#1227,1.);
#1227 = DIRECTION('',(1.,0.));
#1228 = ( GEOMETRIC_REPRESENTATION_CONTEXT(2) 
PARAMETRIC_REPRESENTATION_CONTEXT() REPRESENTATION_CONTEXT('2D SPACE',''
  ) );
#1229 = ORIENTED_EDGE('',*,*,#1230,.T.);
#1230 = EDGE_CURVE('',#1208,#1231,#1233,.T.);
#1231 = VERTEX_POINT('',#1232);
#1232 = CARTESIAN_POINT('',(-4.949747468306,19.45,3.249747468306));
#1233 = SURFACE_CURVE('',#1234,(#1239,#1250),.PCURVE_S1.);
#1234 = CIRCLE('',#1235,1.7);
#1235 = AXIS2_PLACEMENT_3D('',#1236,#1237,#1238);
#1236 = CARTESIAN_POINT('',(-4.949747468306,19.45,4.949747468306));
#1237 = DIRECTION('',(0.,-1.,0.));
#1238 = DIRECTION('',(0.,-0.,-1.));
#1239 = PCURVE('',#1098,#1240);
#1240 = DEFINITIONAL_REPRESENTATION('',(#1241),#1249);
#1241 = ( BOUNDED_CURVE() B_SPLINE_CURVE(2,(#1242,#1243,#1244,#1245,
#1246,#1247,#1248),.UNSPECIFIED.,.T.,.F.) B_SPLINE_CURVE_WITH_KNOTS((1,2
    ,2,2,2,1),(-2.094395102393,0.,2.094395102393,4.188790204786,
6.28318530718,8.377580409573),.UNSPECIFIED.) CURVE() 
GEOMETRIC_REPRESENTATION_ITEM() RATIONAL_B_SPLINE_CURVE((1.,0.5,1.,0.5,
1.,0.5,1.)) REPRESENTATION_ITEM('') );
#1242 = CARTESIAN_POINT('',(6.899747468306,13.050252531694));
#1243 = CARTESIAN_POINT('',(6.899747468306,15.994738904561));
#1244 = CARTESIAN_POINT('',(9.449747468306,14.522495718128));
#1245 = CARTESIAN_POINT('',(11.999747468306,13.050252531694));
#1246 = CARTESIAN_POINT('',(9.449747468306,11.578009345261));
#1247 = CARTESIAN_POINT('',(6.899747468306,10.105766158827));
#1248 = CARTESIAN_POINT('',(6.899747468306,13.050252531694));
#1249 = ( GEOMETRIC_REPRESENTATION_CONTEXT(2) 
PARAMETRIC_REPRESENTATION_CONTEXT() REPRESENTATION_CONTEXT('2D SPACE',''
  ) );
#1250 = PCURVE('',#824,#1251);
#1251 = DEFINITIONAL_REPRESENTATION('',(#1252),#1256);
#1252 = LINE('',#1253,#1254);
#1253 = CARTESIAN_POINT('',(0.,4.6));
#1254 = VECTOR('',#1255,1.);
#1255 = DIRECTION('',(1.,0.));
#1256 = ( GEOMETRIC_REPRESENTATION_CONTEXT(2) 
PARAMETRIC_REPRESENTATION_CONTEXT() REPRESENTATION_CONTEXT('2D SPACE',''
  ) );
#1257 = ORIENTED_EDGE('',*,*,#1258,.T.);
#1258 = EDGE_CURVE('',#1231,#1259,#1261,.T.);
#1259 = VERTEX_POINT('',#1260);
#1260 = CARTESIAN_POINT('',(-3.854002735883,19.45,3.65));
#1261 = SURFACE_CURVE('',#1262,(#1267,#1278),.PCURVE_S1.);
#1262 = CIRCLE('',#1263,1.7);
#1263 = AXIS2_PLACEMENT_3D('',#1264,#1265,#1266);
#1264 = CARTESIAN_POINT('',(-4.949747468306,19.45,4.949747468306));
#1265 = DIRECTION('',(0.,-1.,0.));
#1266 = DIRECTION('',(0.,-0.,-1.));
#1267 = PCURVE('',#1098,#1268);
#1268 = DEFINITIONAL_REPRESENTATION('',(#1269),#1277);
#1269 = ( BOUNDED_CURVE() B_SPLINE_CURVE(2,(#1270,#1271,#1272,#1273,
#1274,#1275,#1276),.UNSPECIFIED.,.T.,.F.) B_SPLINE_CURVE_WITH_KNOTS((1,2
    ,2,2,2,1),(-2.094395102393,0.,2.094395102393,4.188790204786,
6.28318530718,8.377580409573),.UNSPECIFIED.) CURVE() 
GEOMETRIC_REPRESENTATION_ITEM() RATIONAL_B_SPLINE_CURVE((1.,0.5,1.,0.5,
1.,0.5,1.)) REPRESENTATION_ITEM('') );
#1270 = CARTESIAN_POINT('',(6.899747468306,13.050252531694));
#1271 = CARTESIAN_POINT('',(6.899747468306,15.994738904561));
#1272 = CARTESIAN_POINT('',(9.449747468306,14.522495718128));
#1273 = CARTESIAN_POINT('',(11.999747468306,13.050252531694));
#1274 = CARTESIAN_POINT('',(9.449747468306,11.578009345261));
#1275 = CARTESIAN_POINT('',(6.899747468306,10.105766158827));
#1276 = CARTESIAN_POINT('',(6.899747468306,13.050252531694));
#1277 = ( GEOMETRIC_REPRESENTATION_CONTEXT(2) 
PARAMETRIC_REPRESENTATION_CONTEXT() REPRESENTATION_CONTEXT('2D SPACE',''
  ) );
#1278 = PCURVE('',#824,#1279);
#1279 = DEFINITIONAL_REPRESENTATION('',(#1280),#1284);
#1280 = LINE('',#1281,#1282);
#1281 = CARTESIAN_POINT('',(0.,4.6));
#1282 = VECTOR('',#1283,1.);
#1283 = DIRECTION('',(1.,0.));
#1284 = ( GEOMETRIC_REPRESENTATION_CONTEXT(2) 
PARAMETRIC_REPRESENTATION_CONTEXT() REPRESENTATION_CONTEXT('2D SPACE',''
  ) );
#1285 = ORIENTED_EDGE('',*,*,#1286,.T.);
#1286 = EDGE_CURVE('',#1259,#1287,#1289,.T.);
#1287 = VERTEX_POINT('',#1288);
#1288 = CARTESIAN_POINT('',(0.,19.45,3.65));
#1289 = SURFACE_CURVE('',#1290,(#1294,#1301),.PCURVE_S1.);
#1290 = LINE('',#1291,#1292);
#1291 = CARTESIAN_POINT('',(-18.,19.45,3.65));
#1292 = VECTOR('',#1293,1.);
#1293 = DIRECTION('',(1.,0.,0.));
#1294 = PCURVE('',#1098,#1295);
#1295 = DEFINITIONAL_REPRESENTATION('',(#1296),#1300);
#1296 = LINE('',#1297,#1298);
#1297 = CARTESIAN_POINT('',(7.3,0.));
#1298 = VECTOR('',#1299,1.);
#1299 = DIRECTION('',(0.,1.));
#1300 = ( GEOMETRIC_REPRESENTATION_CONTEXT(2) 
PARAMETRIC_REPRESENTATION_CONTEXT() REPRESENTATION_CONTEXT('2D SPACE',''
  ) );
#1301 = PCURVE('',#851,#1302);
#1302 = DEFINITIONAL_REPRESENTATION('',(#1303),#1307);
#1303 = LINE('',#1304,#1305);
#1304 = CARTESIAN_POINT('',(0.,1.01));
#1305 = VECTOR('',#1306,1.);
#1306 = DIRECTION('',(1.,0.));
#1307 = ( GEOMETRIC_REPRESENTATION_CONTEXT(2) 
PARAMETRIC_REPRESENTATION_CONTEXT() REPRESENTATION_CONTEXT('2D SPACE',''
  ) );
#1308 = ORIENTED_EDGE('',*,*,#1309,.T.);
#1309 = EDGE_CURVE('',#1287,#1083,#1310,.T.);
#1310 = SURFACE_CURVE('',#1311,(#1316,#1327),.PCURVE_S1.);
#1311 = CIRCLE('',#1312,3.65);
#1312 = AXIS2_PLACEMENT_3D('',#1313,#1314,#1315);
#1313 = CARTESIAN_POINT('',(0.,19.45,0.));
#1314 = DIRECTION('',(0.,-1.,0.));
#1315 = DIRECTION('',(0.,-0.,-1.));
#1316 = PCURVE('',#1098,#1317);
#1317 = DEFINITIONAL_REPRESENTATION('',(#1318),#1326);
#1318 = ( BOUNDED_CURVE() B_SPLINE_CURVE(2,(#1319,#1320,#1321,#1322,
#1323,#1324,#1325),.UNSPECIFIED.,.T.,.F.) B_SPLINE_CURVE_WITH_KNOTS((1,2
    ,2,2,2,1),(-2.094395102393,0.,2.094395102393,4.188790204786,
6.28318530718,8.377580409573),.UNSPECIFIED.) CURVE() 
GEOMETRIC_REPRESENTATION_ITEM() RATIONAL_B_SPLINE_CURVE((1.,0.5,1.,0.5,
1.,0.5,1.)) REPRESENTATION_ITEM('') );
#1319 = CARTESIAN_POINT('',(0.,18.));
#1320 = CARTESIAN_POINT('',(0.,24.321985447626));
#1321 = CARTESIAN_POINT('',(5.475,21.160992723813));
#1322 = CARTESIAN_POINT('',(10.95,18.));
#1323 = CARTESIAN_POINT('',(5.475,14.839007276187));
#1324 = CARTESIAN_POINT('',(5.773159728051E-15,11.678014552374));
#1325 = CARTESIAN_POINT('',(0.,18.));
#1326 = ( GEOMETRIC_REPRESENTATION_CONTEXT(2) 
PARAMETRIC_REPRESENTATION_CONTEXT() REPRESENTATION_CONTEXT('2D SPACE',''
  ) );
#1327 = PCURVE('',#410,#1328);
#1328 = DEFINITIONAL_REPRESENTATION('',(#1329),#1333);
#1329 = LINE('',#1330,#1331);
#1330 = CARTESIAN_POINT('',(0.,4.6));
#1331 = VECTOR('',#1332,1.);
#1332 = DIRECTION('',(1.,0.));
#1333 = ( GEOMETRIC_REPRESENTATION_CONTEXT(2) 
PARAMETRIC_REPRESENTATION_CONTEXT() REPRESENTATION_CONTEXT('2D SPACE',''
  ) );
#1334 = ORIENTED_EDGE('',*,*,#1080,.F.);
#1335 = ORIENTED_EDGE('',*,*,#1336,.T.);
#1336 = EDGE_CURVE('',#1081,#1157,#1337,.T.);
#1337 = SURFACE_CURVE('',#1338,(#1343,#1354),.PCURVE_S1.);
#1338 = CIRCLE('',#1339,1.7);
#1339 = AXIS2_PLACEMENT_3D('',#1340,#1341,#1342);
#1340 = CARTESIAN_POINT('',(-4.949747468306,19.45,-4.949747468306));
#1341 = DIRECTION('',(0.,-1.,0.));
#1342 = DIRECTION('',(0.,-0.,-1.));
#1343 = PCURVE('',#1098,#1344);
#1344 = DEFINITIONAL_REPRESENTATION('',(#1345),#1353);
#1345 = ( BOUNDED_CURVE() B_SPLINE_CURVE(2,(#1346,#1347,#1348,#1349,
#1350,#1351,#1352),.UNSPECIFIED.,.T.,.F.) B_SPLINE_CURVE_WITH_KNOTS((1,2
    ,2,2,2,1),(-2.094395102393,0.,2.094395102393,4.188790204786,
6.28318530718,8.377580409573),.UNSPECIFIED.) CURVE() 
GEOMETRIC_REPRESENTATION_ITEM() RATIONAL_B_SPLINE_CURVE((1.,0.5,1.,0.5,
1.,0.5,1.)) REPRESENTATION_ITEM('') );
#1346 = CARTESIAN_POINT('',(-2.999747468306,13.050252531694));
#1347 = CARTESIAN_POINT('',(-2.999747468306,15.994738904561));
#1348 = CARTESIAN_POINT('',(-0.449747468306,14.522495718128));
#1349 = CARTESIAN_POINT('',(2.100252531694,13.050252531694));
#1350 = CARTESIAN_POINT('',(-0.449747468306,11.578009345261));
#1351 = CARTESIAN_POINT('',(-2.999747468306,10.105766158827));
#1352 = CARTESIAN_POINT('',(-2.999747468306,13.050252531694));
#1353 = ( GEOMETRIC_REPRESENTATION_CONTEXT(2) 
PARAMETRIC_REPRESENTATION_CONTEXT() REPRESENTATION_CONTEXT('2D SPACE',''
  ) );
#1354 = PCURVE('',#624,#1355);
#1355 = DEFINITIONAL_REPRESENTATION('',(#1356),#1360);
#1356 = LINE('',#1357,#1358);
#1357 = CARTESIAN_POINT('',(0.,4.6));
#1358 = VECTOR('',#1359,1.);
#1359 = DIRECTION('',(1.,0.));
#1360 = ( GEOMETRIC_REPRESENTATION_CONTEXT(2) 
PARAMETRIC_REPRESENTATION_CONTEXT() REPRESENTATION_CONTEXT('2D SPACE',''
  ) );
#1361 = ADVANCED_FACE('',(#1362),#851,.F.);
#1362 = FACE_BOUND('',#1363,.F.);
#1363 = EDGE_LOOP('',(#1364,#1365,#1384,#1385));
#1364 = ORIENTED_EDGE('',*,*,#1286,.F.);
#1365 = ORIENTED_EDGE('',*,*,#1366,.T.);
#1366 = EDGE_CURVE('',#1259,#808,#1367,.T.);
#1367 = SURFACE_CURVE('',#1368,(#1372,#1378),.PCURVE_S1.);
#1368 = LINE('',#1369,#1370);
#1369 = CARTESIAN_POINT('',(-3.854002735883,24.05,3.65));
#1370 = VECTOR('',#1371,1.);
#1371 = DIRECTION('',(0.,-1.,0.));
#1372 = PCURVE('',#851,#1373);
#1373 = DEFINITIONAL_REPRESENTATION('',(#1374),#1377);
#1374 = B_SPLINE_CURVE_WITH_KNOTS('',1,(#1375,#1376),.UNSPECIFIED.,.F.,
  .F.,(2,2),(4.499,5.711),.PIECEWISE_BEZIER_KNOTS.);
#1375 = CARTESIAN_POINT('',(14.145997264117,1.111));
#1376 = CARTESIAN_POINT('',(14.145997264117,-0.101));
#1377 = ( GEOMETRIC_REPRESENTATION_CONTEXT(2) 
PARAMETRIC_REPRESENTATION_CONTEXT() REPRESENTATION_CONTEXT('2D SPACE',''
  ) );
#1378 = PCURVE('',#824,#1379);
#1379 = DEFINITIONAL_REPRESENTATION('',(#1380),#1383);
#1380 = B_SPLINE_CURVE_WITH_KNOTS('',1,(#1381,#1382),.UNSPECIFIED.,.F.,
  .F.,(2,2),(4.499,5.711),.PIECEWISE_BEZIER_KNOTS.);
#1381 = CARTESIAN_POINT('',(0.700442052854,4.499));
#1382 = CARTESIAN_POINT('',(0.700442052854,5.711));
#1383 = ( GEOMETRIC_REPRESENTATION_CONTEXT(2) 
PARAMETRIC_REPRESENTATION_CONTEXT() REPRESENTATION_CONTEXT('2D SPACE',''
  ) );
#1384 = ORIENTED_EDGE('',*,*,#836,.F.);
#1385 = ORIENTED_EDGE('',*,*,#1386,.T.);
#1386 = EDGE_CURVE('',#837,#1287,#1387,.T.);
#1387 = SURFACE_CURVE('',#1388,(#1392,#1399),.PCURVE_S1.);
#1388 = LINE('',#1389,#1390);
#1389 = CARTESIAN_POINT('',(0.,18.44,3.65));
#1390 = VECTOR('',#1391,1.);
#1391 = DIRECTION('',(0.,1.,0.));
#1392 = PCURVE('',#851,#1393);
#1393 = DEFINITIONAL_REPRESENTATION('',(#1394),#1398);
#1394 = LINE('',#1395,#1396);
#1395 = CARTESIAN_POINT('',(18.,0.));
#1396 = VECTOR('',#1397,1.);
#1397 = DIRECTION('',(0.,1.));
#1398 = ( GEOMETRIC_REPRESENTATION_CONTEXT(2) 
PARAMETRIC_REPRESENTATION_CONTEXT() REPRESENTATION_CONTEXT('2D SPACE',''
  ) );
#1399 = PCURVE('',#410,#1400);
#1400 = DEFINITIONAL_REPRESENTATION('',(#1401),#1405);
#1401 = LINE('',#1402,#1403);
#1402 = CARTESIAN_POINT('',(3.14159265359,5.61));
#1403 = VECTOR('',#1404,1.);
#1404 = DIRECTION('',(0.,-1.));
#1405 = ( GEOMETRIC_REPRESENTATION_CONTEXT(2) 
PARAMETRIC_REPRESENTATION_CONTEXT() REPRESENTATION_CONTEXT('2D SPACE',''
  ) );
#1406 = ADVANCED_FACE('',(#1407),#824,.F.);
#1407 = FACE_BOUND('',#1408,.F.);
#1408 = EDGE_LOOP('',(#1409,#1410,#1433,#1460,#1461,#1462,#1481,#1482));
#1409 = ORIENTED_EDGE('',*,*,#1258,.F.);
#1410 = ORIENTED_EDGE('',*,*,#1411,.F.);
#1411 = EDGE_CURVE('',#1412,#1231,#1414,.T.);
#1412 = VERTEX_POINT('',#1413);
#1413 = CARTESIAN_POINT('',(-4.949747468306,22.45,3.249747468306));
#1414 = SEAM_CURVE('',#1415,(#1419,#1426),.PCURVE_S1.);
#1415 = LINE('',#1416,#1417);
#1416 = CARTESIAN_POINT('',(-4.949747468306,24.05,3.249747468306));
#1417 = VECTOR('',#1418,1.);
#1418 = DIRECTION('',(0.,-1.,0.));
#1419 = PCURVE('',#824,#1420);
#1420 = DEFINITIONAL_REPRESENTATION('',(#1421),#1425);
#1421 = LINE('',#1422,#1423);
#1422 = CARTESIAN_POINT('',(6.28318530718,-0.));
#1423 = VECTOR('',#1424,1.);
#1424 = DIRECTION('',(0.,1.));
#1425 = ( GEOMETRIC_REPRESENTATION_CONTEXT(2) 
PARAMETRIC_REPRESENTATION_CONTEXT() REPRESENTATION_CONTEXT('2D SPACE',''
  ) );
#1426 = PCURVE('',#824,#1427);
#1427 = DEFINITIONAL_REPRESENTATION('',(#1428),#1432);
#1428 = LINE('',#1429,#1430);
#1429 = CARTESIAN_POINT('',(0.,-0.));
#1430 = VECTOR('',#1431,1.);
#1431 = DIRECTION('',(0.,1.));
#1432 = ( GEOMETRIC_REPRESENTATION_CONTEXT(2) 
PARAMETRIC_REPRESENTATION_CONTEXT() REPRESENTATION_CONTEXT('2D SPACE',''
  ) );
#1433 = ORIENTED_EDGE('',*,*,#1434,.T.);
#1434 = EDGE_CURVE('',#1412,#1412,#1435,.T.);
#1435 = SURFACE_CURVE('',#1436,(#1441,#1448),.PCURVE_S1.);
#1436 = CIRCLE('',#1437,1.7);
#1437 = AXIS2_PLACEMENT_3D('',#1438,#1439,#1440);
#1438 = CARTESIAN_POINT('',(-4.949747468306,22.45,4.949747468306));
#1439 = DIRECTION('',(0.,-1.,0.));
#1440 = DIRECTION('',(0.,-0.,-1.));
#1441 = PCURVE('',#824,#1442);
#1442 = DEFINITIONAL_REPRESENTATION('',(#1443),#1447);
#1443 = LINE('',#1444,#1445);
#1444 = CARTESIAN_POINT('',(0.,1.6));
#1445 = VECTOR('',#1446,1.);
#1446 = DIRECTION('',(1.,0.));
#1447 = ( GEOMETRIC_REPRESENTATION_CONTEXT(2) 
PARAMETRIC_REPRESENTATION_CONTEXT() REPRESENTATION_CONTEXT('2D SPACE',''
  ) );
#1448 = PCURVE('',#1449,#1454);
#1449 = PLANE('',#1450);
#1450 = AXIS2_PLACEMENT_3D('',#1451,#1452,#1453);
#1451 = CARTESIAN_POINT('',(-4.949747468306,22.45,4.949747468306));
#1452 = DIRECTION('',(0.,-1.,0.));
#1453 = DIRECTION('',(0.,-0.,-1.));
#1454 = DEFINITIONAL_REPRESENTATION('',(#1455),#1459);
#1455 = CIRCLE('',#1456,1.7);
#1456 = AXIS2_PLACEMENT_2D('',#1457,#1458);
#1457 = CARTESIAN_POINT('',(0.,0.));
#1458 = DIRECTION('',(1.,0.));
#1459 = ( GEOMETRIC_REPRESENTATION_CONTEXT(2) 
PARAMETRIC_REPRESENTATION_CONTEXT() REPRESENTATION_CONTEXT('2D SPACE',''
  ) );
#1460 = ORIENTED_EDGE('',*,*,#1411,.T.);
#1461 = ORIENTED_EDGE('',*,*,#1230,.F.);
#1462 = ORIENTED_EDGE('',*,*,#1463,.T.);
#1463 = EDGE_CURVE('',#1208,#782,#1464,.T.);
#1464 = SURFACE_CURVE('',#1465,(#1469,#1475),.PCURVE_S1.);
#1465 = LINE('',#1466,#1467);
#1466 = CARTESIAN_POINT('',(-6.045492200729,24.05,3.65));
#1467 = VECTOR('',#1468,1.);
#1468 = DIRECTION('',(0.,-1.,0.));
#1469 = PCURVE('',#824,#1470);
#1470 = DEFINITIONAL_REPRESENTATION('',(#1471),#1474);
#1471 = B_SPLINE_CURVE_WITH_KNOTS('',1,(#1472,#1473),.UNSPECIFIED.,.F.,
  .F.,(2,2),(4.499,5.711),.PIECEWISE_BEZIER_KNOTS.);
#1472 = CARTESIAN_POINT('',(5.582743254326,4.499));
#1473 = CARTESIAN_POINT('',(5.582743254326,5.711));
#1474 = ( GEOMETRIC_REPRESENTATION_CONTEXT(2) 
PARAMETRIC_REPRESENTATION_CONTEXT() REPRESENTATION_CONTEXT('2D SPACE',''
  ) );
#1475 = PCURVE('',#796,#1476);
#1476 = DEFINITIONAL_REPRESENTATION('',(#1477),#1480);
#1477 = B_SPLINE_CURVE_WITH_KNOTS('',1,(#1478,#1479),.UNSPECIFIED.,.F.,
  .F.,(2,2),(4.499,5.711),.PIECEWISE_BEZIER_KNOTS.);
#1478 = CARTESIAN_POINT('',(11.954507799271,1.111));
#1479 = CARTESIAN_POINT('',(11.954507799271,-0.101));
#1480 = ( GEOMETRIC_REPRESENTATION_CONTEXT(2) 
PARAMETRIC_REPRESENTATION_CONTEXT() REPRESENTATION_CONTEXT('2D SPACE',''
  ) );
#1481 = ORIENTED_EDGE('',*,*,#807,.F.);
#1482 = ORIENTED_EDGE('',*,*,#1366,.F.);
#1483 = ADVANCED_FACE('',(#1484,#1534),#1449,.F.);
#1484 = FACE_BOUND('',#1485,.F.);
#1485 = EDGE_LOOP('',(#1486,#1512));
#1486 = ORIENTED_EDGE('',*,*,#1487,.T.);
#1487 = EDGE_CURVE('',#1488,#1490,#1492,.T.);
#1488 = VERTEX_POINT('',#1489);
#1489 = CARTESIAN_POINT('',(-7.741509814844,22.45,6.408707029243));
#1490 = VERTEX_POINT('',#1491);
#1491 = CARTESIAN_POINT('',(-6.408707029243,22.45,7.741509814844));
#1492 = SURFACE_CURVE('',#1493,(#1498,#1505),.PCURVE_S1.);
#1493 = CIRCLE('',#1494,3.15);
#1494 = AXIS2_PLACEMENT_3D('',#1495,#1496,#1497);
#1495 = CARTESIAN_POINT('',(-4.949747468306,22.45,4.949747468306));
#1496 = DIRECTION('',(-0.,-1.,0.));
#1497 = DIRECTION('',(-0.886273760806,0.,0.463161765377));
#1498 = PCURVE('',#1449,#1499);
#1499 = DEFINITIONAL_REPRESENTATION('',(#1500),#1504);
#1500 = CIRCLE('',#1501,3.15);
#1501 = AXIS2_PLACEMENT_2D('',#1502,#1503);
#1502 = CARTESIAN_POINT('',(0.,0.));
#1503 = DIRECTION('',(-0.463161765377,-0.886273760806));
#1504 = ( GEOMETRIC_REPRESENTATION_CONTEXT(2) 
PARAMETRIC_REPRESENTATION_CONTEXT() REPRESENTATION_CONTEXT('2D SPACE',''
  ) );
#1505 = PCURVE('',#266,#1506);
#1506 = DEFINITIONAL_REPRESENTATION('',(#1507),#1511);
#1507 = LINE('',#1508,#1509);
#1508 = CARTESIAN_POINT('',(4.230829612007,1.6));
#1509 = VECTOR('',#1510,1.);
#1510 = DIRECTION('',(1.,0.));
#1511 = ( GEOMETRIC_REPRESENTATION_CONTEXT(2) 
PARAMETRIC_REPRESENTATION_CONTEXT() REPRESENTATION_CONTEXT('2D SPACE',''
  ) );
#1512 = ORIENTED_EDGE('',*,*,#1513,.T.);
#1513 = EDGE_CURVE('',#1490,#1488,#1514,.T.);
#1514 = SURFACE_CURVE('',#1515,(#1520,#1527),.PCURVE_S1.);
#1515 = CIRCLE('',#1516,10.05);
#1516 = AXIS2_PLACEMENT_3D('',#1517,#1518,#1519);
#1517 = CARTESIAN_POINT('',(-5.834698879568E-16,22.45,7.641611109426E-16
    ));
#1518 = DIRECTION('',(-2.157543153397E-33,-1.,-1.110223024625E-16));
#1519 = DIRECTION('',(0.904784101404,4.728112959711E-17,-0.42587055527)
  );
#1520 = PCURVE('',#1449,#1521);
#1521 = DEFINITIONAL_REPRESENTATION('',(#1522),#1526);
#1522 = CIRCLE('',#1523,10.05);
#1523 = AXIS2_PLACEMENT_2D('',#1524,#1525);
#1524 = CARTESIAN_POINT('',(4.949747468306,4.949747468306));
#1525 = DIRECTION('',(0.42587055527,0.904784101404));
#1526 = ( GEOMETRIC_REPRESENTATION_CONTEXT(2) 
PARAMETRIC_REPRESENTATION_CONTEXT() REPRESENTATION_CONTEXT('2D SPACE',''
  ) );
#1527 = PCURVE('',#111,#1528);
#1528 = DEFINITIONAL_REPRESENTATION('',(#1529),#1533);
#1529 = LINE('',#1530,#1531);
#1530 = CARTESIAN_POINT('',(-6.28318530718,-6.4));
#1531 = VECTOR('',#1532,1.);
#1532 = DIRECTION('',(1.,-0.));
#1533 = ( GEOMETRIC_REPRESENTATION_CONTEXT(2) 
PARAMETRIC_REPRESENTATION_CONTEXT() REPRESENTATION_CONTEXT('2D SPACE',''
  ) );
#1534 = FACE_BOUND('',#1535,.F.);
#1535 = EDGE_LOOP('',(#1536));
#1536 = ORIENTED_EDGE('',*,*,#1434,.F.);
#1537 = ADVANCED_FACE('',(#1538),#796,.F.);
#1538 = FACE_BOUND('',#1539,.F.);
#1539 = EDGE_LOOP('',(#1540,#1541,#1560,#1561));
#1540 = ORIENTED_EDGE('',*,*,#1207,.F.);
#1541 = ORIENTED_EDGE('',*,*,#1542,.T.);
#1542 = EDGE_CURVE('',#1180,#758,#1543,.T.);
#1543 = SURFACE_CURVE('',#1544,(#1548,#1554),.PCURVE_S1.);
#1544 = LINE('',#1545,#1546);
#1545 = CARTESIAN_POINT('',(-9.363759928576,16.05,3.65));
#1546 = VECTOR('',#1547,1.);
#1547 = DIRECTION('',(-0.,-1.,-1.110223024625E-16));
#1548 = PCURVE('',#796,#1549);
#1549 = DEFINITIONAL_REPRESENTATION('',(#1550),#1553);
#1550 = B_SPLINE_CURVE_WITH_KNOTS('',1,(#1551,#1552),.UNSPECIFIED.,.F.,
  .F.,(2,2),(-3.5,-2.3),.PIECEWISE_BEZIER_KNOTS.);
#1551 = CARTESIAN_POINT('',(8.636240071424,1.11));
#1552 = CARTESIAN_POINT('',(8.636240071424,-9.E-02));
#1553 = ( GEOMETRIC_REPRESENTATION_CONTEXT(2) 
PARAMETRIC_REPRESENTATION_CONTEXT() REPRESENTATION_CONTEXT('2D SPACE',''
  ) );
#1554 = PCURVE('',#111,#1555);
#1555 = DEFINITIONAL_REPRESENTATION('',(#1556),#1559);
#1556 = B_SPLINE_CURVE_WITH_KNOTS('',1,(#1557,#1558),.UNSPECIFIED.,.F.,
  .F.,(2,2),(-3.5,-2.3),.PIECEWISE_BEZIER_KNOTS.);
#1557 = CARTESIAN_POINT('',(-3.073351874063,-3.5));
#1558 = CARTESIAN_POINT('',(-3.073351874063,-2.3));
#1559 = ( GEOMETRIC_REPRESENTATION_CONTEXT(2) 
PARAMETRIC_REPRESENTATION_CONTEXT() REPRESENTATION_CONTEXT('2D SPACE',''
  ) );
#1560 = ORIENTED_EDGE('',*,*,#781,.F.);
#1561 = ORIENTED_EDGE('',*,*,#1463,.F.);
#1562 = ADVANCED_FACE('',(#1563),#724,.T.);
#1563 = FACE_BOUND('',#1564,.T.);
#1564 = EDGE_LOOP('',(#1565,#1566,#1587,#1616));
#1565 = ORIENTED_EDGE('',*,*,#707,.F.);
#1566 = ORIENTED_EDGE('',*,*,#1567,.T.);
#1567 = EDGE_CURVE('',#687,#1568,#1570,.T.);
#1568 = VERTEX_POINT('',#1569);
#1569 = CARTESIAN_POINT('',(9.681189885024,20.65,-4.556814941394));
#1570 = SURFACE_CURVE('',#1571,(#1575,#1581),.PCURVE_S1.);
#1571 = LINE('',#1572,#1573);
#1572 = CARTESIAN_POINT('',(9.681189885024,18.44,-4.556814941394));
#1573 = VECTOR('',#1574,1.);
#1574 = DIRECTION('',(0.,1.,0.));
#1575 = PCURVE('',#724,#1576);
#1576 = DEFINITIONAL_REPRESENTATION('',(#1577),#1580);
#1577 = B_SPLINE_CURVE_WITH_KNOTS('',1,(#1578,#1579),.UNSPECIFIED.,.F.,
  .F.,(2,2),(1.E-02,2.21),.PIECEWISE_BEZIER_KNOTS.);
#1578 = CARTESIAN_POINT('',(8.293905471019,1.E-02));
#1579 = CARTESIAN_POINT('',(8.293905471019,2.21));
#1580 = ( GEOMETRIC_REPRESENTATION_CONTEXT(2) 
PARAMETRIC_REPRESENTATION_CONTEXT() REPRESENTATION_CONTEXT('2D SPACE',''
  ) );
#1581 = PCURVE('',#79,#1582);
#1582 = DEFINITIONAL_REPRESENTATION('',(#1583),#1586);
#1583 = B_SPLINE_CURVE_WITH_KNOTS('',1,(#1584,#1585),.UNSPECIFIED.,.F.,
  .F.,(2,2),(9.999400000002E-03,2.2100006),.PIECEWISE_BEZIER_KNOTS.);
#1584 = CARTESIAN_POINT('',(-49.3,-2.3999994));
#1585 = CARTESIAN_POINT('',(-49.3,-4.6000006));
#1586 = ( GEOMETRIC_REPRESENTATION_CONTEXT(2) 
PARAMETRIC_REPRESENTATION_CONTEXT() REPRESENTATION_CONTEXT('2D SPACE',''
  ) );
#1587 = ORIENTED_EDGE('',*,*,#1588,.F.);
#1588 = EDGE_CURVE('',#1589,#1568,#1591,.T.);
#1589 = VERTEX_POINT('',#1590);
#1590 = CARTESIAN_POINT('',(-4.556814941394,20.65,9.681189885024));
#1591 = SURFACE_CURVE('',#1592,(#1597,#1604),.PCURVE_S1.);
#1592 = CIRCLE('',#1593,10.7);
#1593 = AXIS2_PLACEMENT_3D('',#1594,#1595,#1596);
#1594 = CARTESIAN_POINT('',(0.,20.65,0.));
#1595 = DIRECTION('',(0.,1.,0.));
#1596 = DIRECTION('',(-0.42587055527,0.,0.904784101404));
#1597 = PCURVE('',#724,#1598);
#1598 = DEFINITIONAL_REPRESENTATION('',(#1599),#1603);
#1599 = LINE('',#1600,#1601);
#1600 = CARTESIAN_POINT('',(5.843261470135,2.21));
#1601 = VECTOR('',#1602,1.);
#1602 = DIRECTION('',(1.,0.));
#1603 = ( GEOMETRIC_REPRESENTATION_CONTEXT(2) 
PARAMETRIC_REPRESENTATION_CONTEXT() REPRESENTATION_CONTEXT('2D SPACE',''
  ) );
#1604 = PCURVE('',#1605,#1610);
#1605 = PLANE('',#1606);
#1606 = AXIS2_PLACEMENT_3D('',#1607,#1608,#1609);
#1607 = CARTESIAN_POINT('',(0.,20.65,0.));
#1608 = DIRECTION('',(0.,1.,0.));
#1609 = DIRECTION('',(0.,-0.,1.));
#1610 = DEFINITIONAL_REPRESENTATION('',(#1611),#1615);
#1611 = CIRCLE('',#1612,10.7);
#1612 = AXIS2_PLACEMENT_2D('',#1613,#1614);
#1613 = CARTESIAN_POINT('',(0.,0.));
#1614 = DIRECTION('',(0.904784101404,-0.42587055527));
#1615 = ( GEOMETRIC_REPRESENTATION_CONTEXT(2) 
PARAMETRIC_REPRESENTATION_CONTEXT() REPRESENTATION_CONTEXT('2D SPACE',''
  ) );
#1616 = ORIENTED_EDGE('',*,*,#1617,.F.);
#1617 = EDGE_CURVE('',#708,#1589,#1618,.T.);
#1618 = SURFACE_CURVE('',#1619,(#1623,#1629),.PCURVE_S1.);
#1619 = LINE('',#1620,#1621);
#1620 = CARTESIAN_POINT('',(-4.556814941394,18.44,9.681189885024));
#1621 = VECTOR('',#1622,1.);
#1622 = DIRECTION('',(0.,1.,0.));
#1623 = PCURVE('',#724,#1624);
#1624 = DEFINITIONAL_REPRESENTATION('',(#1625),#1628);
#1625 = B_SPLINE_CURVE_WITH_KNOTS('',1,(#1626,#1627),.UNSPECIFIED.,.F.,
  .F.,(2,2),(1.E-02,2.21),.PIECEWISE_BEZIER_KNOTS.);
#1626 = CARTESIAN_POINT('',(5.843261470135,1.E-02));
#1627 = CARTESIAN_POINT('',(5.843261470135,2.21));
#1628 = ( GEOMETRIC_REPRESENTATION_CONTEXT(2) 
PARAMETRIC_REPRESENTATION_CONTEXT() REPRESENTATION_CONTEXT('2D SPACE',''
  ) );
#1629 = PCURVE('',#321,#1630);
#1630 = DEFINITIONAL_REPRESENTATION('',(#1631),#1634);
#1631 = B_SPLINE_CURVE_WITH_KNOTS('',1,(#1632,#1633),.UNSPECIFIED.,.F.,
  .F.,(2,2),(9.999400000002E-03,2.2100006),.PIECEWISE_BEZIER_KNOTS.);
#1632 = CARTESIAN_POINT('',(-0.65,-2.3999994));
#1633 = CARTESIAN_POINT('',(-0.65,-4.6000006));
#1634 = ( GEOMETRIC_REPRESENTATION_CONTEXT(2) 
PARAMETRIC_REPRESENTATION_CONTEXT() REPRESENTATION_CONTEXT('2D SPACE',''
  ) );
#1635 = ADVANCED_FACE('',(#1636),#1605,.F.);
#1636 = FACE_BOUND('',#1637,.F.);
#1637 = EDGE_LOOP('',(#1638,#1891,#1920,#1939,#1940));
#1638 = ORIENTED_EDGE('',*,*,#1639,.F.);
#1639 = EDGE_CURVE('',#1640,#1642,#1644,.T.);
#1640 = VERTEX_POINT('',#1641);
#1641 = CARTESIAN_POINT('',(20.954313577316,20.65,12.695146415206));
#1642 = VERTEX_POINT('',#1643);
#1643 = CARTESIAN_POINT('',(-6.712146841733,20.65,14.26030438952));
#1644 = SURFACE_CURVE('',#1645,(#1725,#1808),.PCURVE_S1.);
#1645 = B_SPLINE_CURVE_WITH_KNOTS('',8,(#1646,#1647,#1648,#1649,#1650,
    #1651,#1652,#1653,#1654,#1655,#1656,#1657,#1658,#1659,#1660,#1661,
    #1662,#1663,#1664,#1665,#1666,#1667,#1668,#1669,#1670,#1671,#1672,
    #1673,#1674,#1675,#1676,#1677,#1678,#1679,#1680,#1681,#1682,#1683,
    #1684,#1685,#1686,#1687,#1688,#1689,#1690,#1691,#1692,#1693,#1694,
    #1695,#1696,#1697,#1698,#1699,#1700,#1701,#1702,#1703,#1704,#1705,
    #1706,#1707,#1708,#1709,#1710,#1711,#1712,#1713,#1714,#1715,#1716,
    #1717,#1718,#1719,#1720,#1721,#1722,#1723,#1724),.UNSPECIFIED.,.F.,
  .F.,(9,7,7,7,7,7,7,7,7,7,7,9),(0.,7.434532776533E-02,0.304669368454,
    0.350630371035,0.390249857052,0.413468078172,0.470044639651,
    0.582261029705,0.665771778492,0.703783648129,0.817964990595,1.),
  .UNSPECIFIED.);
#1646 = CARTESIAN_POINT('',(24.5,20.65,12.210500176341));
#1647 = CARTESIAN_POINT('',(24.098799548479,20.65,12.266335607774));
#1648 = CARTESIAN_POINT('',(23.697672682549,20.65,12.321883494788));
#1649 = CARTESIAN_POINT('',(23.296595612073,20.65,12.377155881115));
#1650 = CARTESIAN_POINT('',(22.895544508429,20.65,12.432164908313));
#1651 = CARTESIAN_POINT('',(22.494495504509,20.65,12.486922815764));
#1652 = CARTESIAN_POINT('',(22.093424694722,20.65,12.541441940677));
#1653 = CARTESIAN_POINT('',(21.692308134991,20.65,12.595734718083));
#1654 = CARTESIAN_POINT('',(20.048234755233,20.65,12.817351918863));
#1655 = CARTESIAN_POINT('',(18.804682674682,20.65,12.982837300331));
#1656 = CARTESIAN_POINT('',(17.559748900996,20.65,13.146642330876));
#1657 = CARTESIAN_POINT('',(16.312727034021,20.65,13.30914438682));
#1658 = CARTESIAN_POINT('',(15.062928833497,20.65,13.470721264725));
#1659 = CARTESIAN_POINT('',(13.809692079001,20.65,13.631746730948));
#1660 = CARTESIAN_POINT('',(12.552388429895,20.65,13.792586071182));
#1661 = CARTESIAN_POINT('',(11.038608612277,20.65,13.985720189612));
#1662 = CARTESIAN_POINT('',(10.786600772547,20.65,14.017855341888));
#1663 = CARTESIAN_POINT('',(10.534403133035,20.65,14.049999896105));
#1664 = CARTESIAN_POINT('',(10.282011135392,20.65,14.082156628553));
#1665 = CARTESIAN_POINT('',(10.029420295964,20.65,14.114328292543));
#1666 = CARTESIAN_POINT('',(9.776626205797,20.65,14.146517618413));
#1667 = CARTESIAN_POINT('',(9.523624530633,20.65,14.178727313523));
#1668 = CARTESIAN_POINT('',(9.052134886788,20.65,14.238745464365));
#1669 = CARTESIAN_POINT('',(8.833701323637,20.65,14.266547998772));
#1670 = CARTESIAN_POINT('',(8.615107609295,20.65,14.294369382588));
#1671 = CARTESIAN_POINT('',(8.396351071993,20.65,14.322211318537));
#1672 = CARTESIAN_POINT('',(8.177429080353,20.65,14.350075494958));
#1673 = CARTESIAN_POINT('',(7.958339043391,20.65,14.377963585813));
#1674 = CARTESIAN_POINT('',(7.739078410511,20.65,14.405877250678));
#1675 = CARTESIAN_POINT('',(7.391049841406,20.65,14.450192340722));
#1676 = CARTESIAN_POINT('',(7.262396326534,20.65,14.466572905061));
#1677 = CARTESIAN_POINT('',(7.13368194151,20.65,14.482966691057));
#1678 = CARTESIAN_POINT('',(7.004905904539,20.65,14.499375148572));
#1679 = CARTESIAN_POINT('',(6.876068837411,20.65,14.515794314034));
#1680 = CARTESIAN_POINT('',(6.747172765505,20.65,14.532214810443));
#1681 = CARTESIAN_POINT('',(6.618221117789,20.65,14.548621847366));
#1682 = CARTESIAN_POINT('',(6.174874588825,20.65,14.604892729535));
#1683 = CARTESIAN_POINT('',(5.860225443524,20.65,14.644607107212));
#1684 = CARTESIAN_POINT('',(5.545315794247,20.65,14.683938935587));
#1685 = CARTESIAN_POINT('',(5.230190367622,20.65,14.722689991276));
#1686 = CARTESIAN_POINT('',(4.914894332916,20.65,14.760662307485));
#1687 = CARTESIAN_POINT('',(4.599473521375,20.65,14.797657235603));
#1688 = CARTESIAN_POINT('',(4.28397464557,20.65,14.833474506793));
#1689 = CARTESIAN_POINT('',(3.342611451686,20.65,14.936214700466));
#1690 = CARTESIAN_POINT('',(2.716696885124,20.65,14.999082969625));
#1691 = CARTESIAN_POINT('',(2.0910346568,20.65,15.054939447136));
#1692 = CARTESIAN_POINT('',(1.466030797933,20.65,15.102160088159));
#1693 = CARTESIAN_POINT('',(0.842171589767,20.65,15.139049152942));
#1694 = CARTESIAN_POINT('',(0.220029516917,20.65,15.163818550925));
#1695 = CARTESIAN_POINT('',(-0.399731882493,20.65,15.174570832966));
#1696 = CARTESIAN_POINT('',(-1.475240866277,20.65,15.165352766149));
#1697 = CARTESIAN_POINT('',(-1.932355078312,20.65,15.152538154827));
#1698 = CARTESIAN_POINT('',(-2.38738133149,20.65,15.130011419954));
#1699 = CARTESIAN_POINT('',(-2.839938854238,20.65,15.096905765881));
#1700 = CARTESIAN_POINT('',(-3.28958176116,20.65,15.052320314622));
#1701 = CARTESIAN_POINT('',(-3.735800723585,20.65,14.995327181364));
#1702 = CARTESIAN_POINT('',(-4.178026227393,20.65,14.924983489931));
#1703 = CARTESIAN_POINT('',(-4.814820561465,20.65,14.801824655715));
#1704 = CARTESIAN_POINT('',(-5.012712982156,20.65,14.760406383899));
#1705 = CARTESIAN_POINT('',(-5.209264816858,20.65,14.716013605422));
#1706 = CARTESIAN_POINT('',(-5.404446794419,20.65,14.668596337707));
#1707 = CARTESIAN_POINT('',(-5.598191467373,20.65,14.618030921432));
#1708 = CARTESIAN_POINT('',(-5.79049478955,20.65,14.564318634386));
#1709 = CARTESIAN_POINT('',(-5.981276107268,20.65,14.507306394848));
#1710 = CARTESIAN_POINT('',(-6.739000672919,20.65,14.265783172428));
#1711 = CARTESIAN_POINT('',(-7.295570728367,20.65,14.054071148845));
#1712 = CARTESIAN_POINT('',(-7.838549404924,20.65,13.81067315415));
#1713 = CARTESIAN_POINT('',(-8.366271916459,20.65,13.534687002647));
#1714 = CARTESIAN_POINT('',(-8.877142073743,20.65,13.22557145811));
#1715 = CARTESIAN_POINT('',(-9.369677735388,20.65,12.883233084049));
#1716 = CARTESIAN_POINT('',(-9.842554945821,20.65,12.508110991413));
#1717 = CARTESIAN_POINT('',(-11.01541007229,20.65,11.452631464289));
#1718 = CARTESIAN_POINT('',(-11.68371516822,20.65,10.723028093203));
#1719 = CARTESIAN_POINT('',(-12.29472806518,20.65,9.916744358365));
#1720 = CARTESIAN_POINT('',(-12.84684982794,20.65,9.040467314023));
#1721 = CARTESIAN_POINT('',(-13.34083508257,20.65,8.102298198872));
#1722 = CARTESIAN_POINT('',(-13.77889195238,20.65,7.110752811217));
#1723 = CARTESIAN_POINT('',(-14.16410539377,20.65,6.07412543295));
#1724 = CARTESIAN_POINT('',(-14.5,20.65,5.));
#1725 = PCURVE('',#1605,#1726);
#1726 = DEFINITIONAL_REPRESENTATION('',(#1727),#1807);
#1727 = B_SPLINE_CURVE_WITH_KNOTS('',8,(#1728,#1729,#1730,#1731,#1732,
    #1733,#1734,#1735,#1736,#1737,#1738,#1739,#1740,#1741,#1742,#1743,
    #1744,#1745,#1746,#1747,#1748,#1749,#1750,#1751,#1752,#1753,#1754,
    #1755,#1756,#1757,#1758,#1759,#1760,#1761,#1762,#1763,#1764,#1765,
    #1766,#1767,#1768,#1769,#1770,#1771,#1772,#1773,#1774,#1775,#1776,
    #1777,#1778,#1779,#1780,#1781,#1782,#1783,#1784,#1785,#1786,#1787,
    #1788,#1789,#1790,#1791,#1792,#1793,#1794,#1795,#1796,#1797,#1798,
    #1799,#1800,#1801,#1802,#1803,#1804,#1805,#1806),.UNSPECIFIED.,.F.,
  .F.,(9,7,7,7,7,7,7,7,7,7,7,9),(0.,7.434532776533E-02,0.304669368454,
    0.350630371035,0.390249857052,0.413468078172,0.470044639651,
    0.582261029705,0.665771778492,0.703783648129,0.817964990595,1.),
  .UNSPECIFIED.);
#1728 = CARTESIAN_POINT('',(12.210500176341,24.5));
#1729 = CARTESIAN_POINT('',(12.266335607774,24.098799548479));
#1730 = CARTESIAN_POINT('',(12.321883494788,23.697672682549));
#1731 = CARTESIAN_POINT('',(12.377155881115,23.296595612073));
#1732 = CARTESIAN_POINT('',(12.432164908313,22.895544508429));
#1733 = CARTESIAN_POINT('',(12.486922815764,22.494495504509));
#1734 = CARTESIAN_POINT('',(12.541441940677,22.093424694722));
#1735 = CARTESIAN_POINT('',(12.595734718083,21.692308134991));
#1736 = CARTESIAN_POINT('',(12.817351918863,20.048234755233));
#1737 = CARTESIAN_POINT('',(12.982837300331,18.804682674682));
#1738 = CARTESIAN_POINT('',(13.146642330876,17.559748900996));
#1739 = CARTESIAN_POINT('',(13.30914438682,16.312727034021));
#1740 = CARTESIAN_POINT('',(13.470721264725,15.062928833497));
#1741 = CARTESIAN_POINT('',(13.631746730948,13.809692079001));
#1742 = CARTESIAN_POINT('',(13.792586071182,12.552388429895));
#1743 = CARTESIAN_POINT('',(13.985720189612,11.038608612277));
#1744 = CARTESIAN_POINT('',(14.017855341888,10.786600772547));
#1745 = CARTESIAN_POINT('',(14.049999896105,10.534403133035));
#1746 = CARTESIAN_POINT('',(14.082156628553,10.282011135392));
#1747 = CARTESIAN_POINT('',(14.114328292543,10.029420295964));
#1748 = CARTESIAN_POINT('',(14.146517618413,9.776626205797));
#1749 = CARTESIAN_POINT('',(14.178727313523,9.523624530633));
#1750 = CARTESIAN_POINT('',(14.238745464365,9.052134886788));
#1751 = CARTESIAN_POINT('',(14.266547998772,8.833701323637));
#1752 = CARTESIAN_POINT('',(14.294369382588,8.615107609295));
#1753 = CARTESIAN_POINT('',(14.322211318537,8.396351071993));
#1754 = CARTESIAN_POINT('',(14.350075494958,8.177429080353));
#1755 = CARTESIAN_POINT('',(14.377963585813,7.958339043391));
#1756 = CARTESIAN_POINT('',(14.405877250678,7.739078410511));
#1757 = CARTESIAN_POINT('',(14.450192340722,7.391049841406));
#1758 = CARTESIAN_POINT('',(14.466572905061,7.262396326534));
#1759 = CARTESIAN_POINT('',(14.482966691057,7.13368194151));
#1760 = CARTESIAN_POINT('',(14.499375148572,7.004905904539));
#1761 = CARTESIAN_POINT('',(14.515794314034,6.876068837411));
#1762 = CARTESIAN_POINT('',(14.532214810443,6.747172765505));
#1763 = CARTESIAN_POINT('',(14.548621847366,6.618221117789));
#1764 = CARTESIAN_POINT('',(14.604892729535,6.174874588825));
#1765 = CARTESIAN_POINT('',(14.644607107212,5.860225443524));
#1766 = CARTESIAN_POINT('',(14.683938935587,5.545315794247));
#1767 = CARTESIAN_POINT('',(14.722689991276,5.230190367622));
#1768 = CARTESIAN_POINT('',(14.760662307485,4.914894332916));
#1769 = CARTESIAN_POINT('',(14.797657235603,4.599473521375));
#1770 = CARTESIAN_POINT('',(14.833474506793,4.28397464557));
#1771 = CARTESIAN_POINT('',(14.936214700466,3.342611451686));
#1772 = CARTESIAN_POINT('',(14.999082969625,2.716696885124));
#1773 = CARTESIAN_POINT('',(15.054939447136,2.0910346568));
#1774 = CARTESIAN_POINT('',(15.102160088159,1.466030797933));
#1775 = CARTESIAN_POINT('',(15.139049152942,0.842171589767));
#1776 = CARTESIAN_POINT('',(15.163818550925,0.220029516917));
#1777 = CARTESIAN_POINT('',(15.174570832966,-0.399731882493));
#1778 = CARTESIAN_POINT('',(15.165352766149,-1.475240866277));
#1779 = CARTESIAN_POINT('',(15.152538154827,-1.932355078312));
#1780 = CARTESIAN_POINT('',(15.130011419954,-2.38738133149));
#1781 = CARTESIAN_POINT('',(15.096905765881,-2.839938854238));
#1782 = CARTESIAN_POINT('',(15.052320314622,-3.28958176116));
#1783 = CARTESIAN_POINT('',(14.995327181364,-3.735800723585));
#1784 = CARTESIAN_POINT('',(14.924983489931,-4.178026227393));
#1785 = CARTESIAN_POINT('',(14.801824655715,-4.814820561465));
#1786 = CARTESIAN_POINT('',(14.760406383899,-5.012712982156));
#1787 = CARTESIAN_POINT('',(14.716013605422,-5.209264816858));
#1788 = CARTESIAN_POINT('',(14.668596337707,-5.404446794419));
#1789 = CARTESIAN_POINT('',(14.618030921432,-5.598191467373));
#1790 = CARTESIAN_POINT('',(14.564318634386,-5.79049478955));
#1791 = CARTESIAN_POINT('',(14.507306394848,-5.981276107268));
#1792 = CARTESIAN_POINT('',(14.265783172428,-6.739000672919));
#1793 = CARTESIAN_POINT('',(14.054071148845,-7.295570728367));
#1794 = CARTESIAN_POINT('',(13.81067315415,-7.838549404924));
#1795 = CARTESIAN_POINT('',(13.534687002647,-8.366271916459));
#1796 = CARTESIAN_POINT('',(13.22557145811,-8.877142073743));
#1797 = CARTESIAN_POINT('',(12.883233084049,-9.369677735388));
#1798 = CARTESIAN_POINT('',(12.508110991413,-9.842554945821));
#1799 = CARTESIAN_POINT('',(11.452631464289,-11.01541007229));
#1800 = CARTESIAN_POINT('',(10.723028093203,-11.68371516822));
#1801 = CARTESIAN_POINT('',(9.916744358365,-12.29472806518));
#1802 = CARTESIAN_POINT('',(9.040467314023,-12.84684982794));
#1803 = CARTESIAN_POINT('',(8.102298198872,-13.34083508257));
#1804 = CARTESIAN_POINT('',(7.110752811217,-13.77889195238));
#1805 = CARTESIAN_POINT('',(6.07412543295,-14.16410539377));
#1806 = CARTESIAN_POINT('',(5.,-14.5));
#1807 = ( GEOMETRIC_REPRESENTATION_CONTEXT(2) 
PARAMETRIC_REPRESENTATION_CONTEXT() REPRESENTATION_CONTEXT('2D SPACE',''
  ) );
#1808 = PCURVE('',#364,#1809);
#1809 = DEFINITIONAL_REPRESENTATION('',(#1810),#1890);
#1810 = B_SPLINE_CURVE_WITH_KNOTS('',8,(#1811,#1812,#1813,#1814,#1815,
    #1816,#1817,#1818,#1819,#1820,#1821,#1822,#1823,#1824,#1825,#1826,
    #1827,#1828,#1829,#1830,#1831,#1832,#1833,#1834,#1835,#1836,#1837,
    #1838,#1839,#1840,#1841,#1842,#1843,#1844,#1845,#1846,#1847,#1848,
    #1849,#1850,#1851,#1852,#1853,#1854,#1855,#1856,#1857,#1858,#1859,
    #1860,#1861,#1862,#1863,#1864,#1865,#1866,#1867,#1868,#1869,#1870,
    #1871,#1872,#1873,#1874,#1875,#1876,#1877,#1878,#1879,#1880,#1881,
    #1882,#1883,#1884,#1885,#1886,#1887,#1888,#1889),.UNSPECIFIED.,.F.,
  .F.,(9,7,7,7,7,7,7,7,7,7,7,9),(0.,7.434532776533E-02,0.304669368454,
    0.350630371035,0.390249857052,0.413468078172,0.470044639651,
    0.582261029705,0.665771778492,0.703783648129,0.817964990595,1.),
  .UNSPECIFIED.);
#1811 = CARTESIAN_POINT('',(43.377697778624,-3.3));
#1812 = CARTESIAN_POINT('',(42.967125838443,-3.3));
#1813 = CARTESIAN_POINT('',(42.556442918776,-3.3));
#1814 = CARTESIAN_POINT('',(42.145674145765,-3.3));
#1815 = CARTESIAN_POINT('',(41.734844655132,-3.3));
#1816 = CARTESIAN_POINT('',(41.323979592174,-3.3));
#1817 = CARTESIAN_POINT('',(40.913104111771,-3.3));
#1818 = CARTESIAN_POINT('',(40.502243378375,-3.3));
#1819 = CARTESIAN_POINT('',(38.818687448097,-3.3));
#1820 = CARTESIAN_POINT('',(37.546338858338,-3.3));
#1821 = CARTESIAN_POINT('',(36.275119051701,-3.3));
#1822 = CARTESIAN_POINT('',(35.005771639435,-3.3));
#1823 = CARTESIAN_POINT('',(33.739033298347,-3.3));
#1824 = CARTESIAN_POINT('',(32.475625480074,-3.3));
#1825 = CARTESIAN_POINT('',(31.216246120349,-3.3));
#1826 = CARTESIAN_POINT('',(29.711189872175,-3.3));
#1827 = CARTESIAN_POINT('',(29.461005484222,-3.3));
#1828 = CARTESIAN_POINT('',(29.211013525068,-3.3));
#1829 = CARTESIAN_POINT('',(28.961219290239,-3.3));
#1830 = CARTESIAN_POINT('',(28.711628030126,-3.3));
#1831 = CARTESIAN_POINT('',(28.462244949993,-3.3));
#1832 = CARTESIAN_POINT('',(28.213075209969,-3.3));
#1833 = CARTESIAN_POINT('',(27.749521949511,-3.3));
#1834 = CARTESIAN_POINT('',(27.535082280379,-3.3));
#1835 = CARTESIAN_POINT('',(27.320808208725,-3.3));
#1836 = CARTESIAN_POINT('',(27.106702992833,-3.3));
#1837 = CARTESIAN_POINT('',(26.892769858204,-3.3));
#1838 = CARTESIAN_POINT('',(26.679011997555,-3.3));
#1839 = CARTESIAN_POINT('',(26.46543257082,-3.3));
#1840 = CARTESIAN_POINT('',(26.126977079986,-3.3));
#1841 = CARTESIAN_POINT('',(26.001980611607,-3.3));
#1842 = CARTESIAN_POINT('',(25.877048543033,-3.3));
#1843 = CARTESIAN_POINT('',(25.752181950007,-3.3));
#1844 = CARTESIAN_POINT('',(25.627379740993,-3.3));
#1845 = CARTESIAN_POINT('',(25.502638657182,-3.3));
#1846 = CARTESIAN_POINT('',(25.377953272486,-3.3));
#1847 = CARTESIAN_POINT('',(24.949608459778,-3.3));
#1848 = CARTESIAN_POINT('',(24.646194042371,-3.3));
#1849 = CARTESIAN_POINT('',(24.34299916911,-3.3));
#1850 = CARTESIAN_POINT('',(24.039952164784,-3.3));
#1851 = CARTESIAN_POINT('',(23.736982903637,-3.3));
#1852 = CARTESIAN_POINT('',(23.43402246184,-3.3));
#1853 = CARTESIAN_POINT('',(23.131002769943,-3.3));
#1854 = CARTESIAN_POINT('',(22.226582424839,-3.3));
#1855 = CARTESIAN_POINT('',(21.624846675245,-3.3));
#1856 = CARTESIAN_POINT('',(21.022083598454,-3.3));
#1857 = CARTESIAN_POINT('',(20.417789784146,-3.3));
#1858 = CARTESIAN_POINT('',(19.81151467123,-3.3));
#1859 = CARTESIAN_POINT('',(19.202852834651,-3.3));
#1860 = CARTESIAN_POINT('',(18.591437717579,-3.3));
#1861 = CARTESIAN_POINT('',(17.51962900407,-3.3));
#1862 = CARTESIAN_POINT('',(17.060646014476,-3.3));
#1863 = CARTESIAN_POINT('',(16.599854538365,-3.3));
#1864 = CARTESIAN_POINT('',(16.13716820657,-3.3));
#1865 = CARTESIAN_POINT('',(15.672547412613,-3.3));
#1866 = CARTESIAN_POINT('',(15.206000217805,-3.3));
#1867 = CARTESIAN_POINT('',(14.737584331407,-3.3));
#1868 = CARTESIAN_POINT('',(14.053399402587,-3.3));
#1869 = CARTESIAN_POINT('',(13.839387994763,-3.3));
#1870 = CARTESIAN_POINT('',(13.625376115325,-3.3));
#1871 = CARTESIAN_POINT('',(13.411366284799,-3.3));
#1872 = CARTESIAN_POINT('',(13.197352663274,-3.3));
#1873 = CARTESIAN_POINT('',(12.983344869935,-3.3));
#1874 = CARTESIAN_POINT('',(12.76933176868,-3.3));
#1875 = CARTESIAN_POINT('',(11.912467982482,-3.3));
#1876 = CARTESIAN_POINT('',(11.267453319184,-3.3));
#1877 = CARTESIAN_POINT('',(10.621352180134,-3.3));
#1878 = CARTESIAN_POINT('',(9.975340568306,-3.3));
#1879 = CARTESIAN_POINT('',(9.330691678791,-3.3));
#1880 = CARTESIAN_POINT('',(8.688772934583,-3.3));
#1881 = CARTESIAN_POINT('',(8.051043644929,-3.3));
#1882 = CARTESIAN_POINT('',(6.411494884803,-3.3));
#1883 = CARTESIAN_POINT('',(5.418011921404,-3.3));
#1884 = CARTESIAN_POINT('',(4.445175988449,-3.3));
#1885 = CARTESIAN_POINT('',(3.497503085535,-3.3));
#1886 = CARTESIAN_POINT('',(2.577892842145,-3.3));
#1887 = CARTESIAN_POINT('',(1.688048229551,-3.3));
#1888 = CARTESIAN_POINT('',(0.828739717003,-3.3));
#1889 = CARTESIAN_POINT('',(0.,-3.3));
#1890 = ( GEOMETRIC_REPRESENTATION_CONTEXT(2) 
PARAMETRIC_REPRESENTATION_CONTEXT() REPRESENTATION_CONTEXT('2D SPACE',''
  ) );
#1891 = ORIENTED_EDGE('',*,*,#1892,.T.);
#1892 = EDGE_CURVE('',#1640,#1893,#1895,.T.);
#1893 = VERTEX_POINT('',#1894);
#1894 = CARTESIAN_POINT('',(22.167210484401,20.65,-10.43382860412));
#1895 = SURFACE_CURVE('',#1896,(#1901,#1908),.PCURVE_S1.);
#1896 = CIRCLE('',#1897,24.5);
#1897 = AXIS2_PLACEMENT_3D('',#1898,#1899,#1900);
#1898 = CARTESIAN_POINT('',(0.,20.65,0.));
#1899 = DIRECTION('',(0.,1.,0.));
#1900 = DIRECTION('',(0.,-0.,1.));
#1901 = PCURVE('',#1605,#1902);
#1902 = DEFINITIONAL_REPRESENTATION('',(#1903),#1907);
#1903 = CIRCLE('',#1904,24.5);
#1904 = AXIS2_PLACEMENT_2D('',#1905,#1906);
#1905 = CARTESIAN_POINT('',(0.,0.));
#1906 = DIRECTION('',(1.,0.));
#1907 = ( GEOMETRIC_REPRESENTATION_CONTEXT(2) 
PARAMETRIC_REPRESENTATION_CONTEXT() REPRESENTATION_CONTEXT('2D SPACE',''
  ) );
#1908 = PCURVE('',#1909,#1914);
#1909 = CYLINDRICAL_SURFACE('',#1910,24.5);
#1910 = AXIS2_PLACEMENT_3D('',#1911,#1912,#1913);
#1911 = CARTESIAN_POINT('',(0.,18.44,0.));
#1912 = DIRECTION('',(0.,1.,0.));
#1913 = DIRECTION('',(0.,-0.,1.));
#1914 = DEFINITIONAL_REPRESENTATION('',(#1915),#1919);
#1915 = LINE('',#1916,#1917);
#1916 = CARTESIAN_POINT('',(0.,2.21));
#1917 = VECTOR('',#1918,1.);
#1918 = DIRECTION('',(1.,0.));
#1919 = ( GEOMETRIC_REPRESENTATION_CONTEXT(2) 
PARAMETRIC_REPRESENTATION_CONTEXT() REPRESENTATION_CONTEXT('2D SPACE',''
  ) );
#1920 = ORIENTED_EDGE('',*,*,#1921,.F.);
#1921 = EDGE_CURVE('',#1568,#1893,#1922,.T.);
#1922 = SURFACE_CURVE('',#1923,(#1927,#1933),.PCURVE_S1.);
#1923 = LINE('',#1924,#1925);
#1924 = CARTESIAN_POINT('',(27.143523042124,20.65,-12.77611665811));
#1925 = VECTOR('',#1926,1.);
#1926 = DIRECTION('',(0.904784101404,0.,-0.42587055527));
#1927 = PCURVE('',#1605,#1928);
#1928 = DEFINITIONAL_REPRESENTATION('',(#1929),#1932);
#1929 = B_SPLINE_CURVE_WITH_KNOTS('',1,(#1930,#1931),.UNSPECIFIED.,.F.,
  .F.,(2,2),(-19.95,-2.921716946641),.PIECEWISE_BEZIER_KNOTS.);
#1930 = CARTESIAN_POINT('',(-4.279999080468,9.093080219111));
#1931 = CARTESIAN_POINT('',(-11.5318434397,24.5));
#1932 = ( GEOMETRIC_REPRESENTATION_CONTEXT(2) 
PARAMETRIC_REPRESENTATION_CONTEXT() REPRESENTATION_CONTEXT('2D SPACE',''
  ) );
#1933 = PCURVE('',#79,#1934);
#1934 = DEFINITIONAL_REPRESENTATION('',(#1935),#1938);
#1935 = B_SPLINE_CURVE_WITH_KNOTS('',1,(#1936,#1937),.UNSPECIFIED.,.F.,
  .F.,(2,2),(-19.95,-2.921716946641),.PIECEWISE_BEZIER_KNOTS.);
#1936 = CARTESIAN_POINT('',(-49.95,-4.6));
#1937 = CARTESIAN_POINT('',(-32.92171694664,-4.6));
#1938 = ( GEOMETRIC_REPRESENTATION_CONTEXT(2) 
PARAMETRIC_REPRESENTATION_CONTEXT() REPRESENTATION_CONTEXT('2D SPACE',''
  ) );
#1939 = ORIENTED_EDGE('',*,*,#1588,.F.);
#1940 = ORIENTED_EDGE('',*,*,#1941,.F.);
#1941 = EDGE_CURVE('',#1642,#1589,#1942,.T.);
#1942 = SURFACE_CURVE('',#1943,(#1947,#1953),.PCURVE_S1.);
#1943 = LINE('',#1944,#1945);
#1944 = CARTESIAN_POINT('',(-2.139999540234,20.65,4.546540109556));
#1945 = VECTOR('',#1946,1.);
#1946 = DIRECTION('',(0.42587055527,0.,-0.904784101404));
#1947 = PCURVE('',#1605,#1948);
#1948 = DEFINITIONAL_REPRESENTATION('',(#1949),#1952);
#1949 = B_SPLINE_CURVE_WITH_KNOTS('',1,(#1950,#1951),.UNSPECIFIED.,.F.,
  .F.,(2,2),(-11.74648262156,-5.025),.PIECEWISE_BEZIER_KNOTS.);
#1950 = CARTESIAN_POINT('',(15.174570832966,-7.142480616754));
#1951 = CARTESIAN_POINT('',(9.093080219111,-4.279999080468));
#1952 = ( GEOMETRIC_REPRESENTATION_CONTEXT(2) 
PARAMETRIC_REPRESENTATION_CONTEXT() REPRESENTATION_CONTEXT('2D SPACE',''
  ) );
#1953 = PCURVE('',#321,#1954);
#1954 = DEFINITIONAL_REPRESENTATION('',(#1955),#1958);
#1955 = B_SPLINE_CURVE_WITH_KNOTS('',1,(#1956,#1957),.UNSPECIFIED.,.F.,
  .F.,(2,2),(-11.74648262156,-5.025),.PIECEWISE_BEZIER_KNOTS.);
#1956 = CARTESIAN_POINT('',(-6.721482621564,-4.6));
#1957 = CARTESIAN_POINT('',(0.,-4.6));
#1958 = ( GEOMETRIC_REPRESENTATION_CONTEXT(2) 
PARAMETRIC_REPRESENTATION_CONTEXT() REPRESENTATION_CONTEXT('2D SPACE',''
  ) );
#1959 = ADVANCED_FACE('',(#1960),#1909,.F.);
#1960 = FACE_BOUND('',#1961,.F.);
#1961 = EDGE_LOOP('',(#1962,#1963,#1992,#2021));
#1962 = ORIENTED_EDGE('',*,*,#1892,.F.);
#1963 = ORIENTED_EDGE('',*,*,#1964,.F.);
#1964 = EDGE_CURVE('',#1965,#1640,#1967,.T.);
#1965 = VERTEX_POINT('',#1966);
#1966 = CARTESIAN_POINT('',(20.954313577316,18.44,12.695146415206));
#1967 = SURFACE_CURVE('',#1968,(#1974,#1983),.PCURVE_S1.);
#1968 = B_SPLINE_CURVE_WITH_KNOTS('',4,(#1969,#1970,#1971,#1972,#1973),
  .UNSPECIFIED.,.F.,.F.,(5,5),(0.,1.),.PIECEWISE_BEZIER_KNOTS.);
#1969 = CARTESIAN_POINT('',(20.954313577316,18.4399994,12.695146415206)
  );
#1970 = CARTESIAN_POINT('',(20.954313577316,18.9924997,12.695146415206)
  );
#1971 = CARTESIAN_POINT('',(20.954313577316,19.545,12.695146415206));
#1972 = CARTESIAN_POINT('',(20.954313577316,20.0975003,12.695146415206)
  );
#1973 = CARTESIAN_POINT('',(20.954313577316,20.6500006,12.695146415206)
  );
#1974 = PCURVE('',#1909,#1975);
#1975 = DEFINITIONAL_REPRESENTATION('',(#1976),#1982);
#1976 = B_SPLINE_CURVE_WITH_KNOTS('',4,(#1977,#1978,#1979,#1980,#1981),
  .UNSPECIFIED.,.F.,.F.,(5,5),(0.,1.),.PIECEWISE_BEZIER_KNOTS.);
#1977 = CARTESIAN_POINT('',(1.02608730935,-6.E-07));
#1978 = CARTESIAN_POINT('',(1.02608730935,0.5524997));
#1979 = CARTESIAN_POINT('',(1.02608730935,1.105));
#1980 = CARTESIAN_POINT('',(1.02608730935,1.6575003));
#1981 = CARTESIAN_POINT('',(1.02608730935,2.2100006));
#1982 = ( GEOMETRIC_REPRESENTATION_CONTEXT(2) 
PARAMETRIC_REPRESENTATION_CONTEXT() REPRESENTATION_CONTEXT('2D SPACE',''
  ) );
#1983 = PCURVE('',#364,#1984);
#1984 = DEFINITIONAL_REPRESENTATION('',(#1985),#1991);
#1985 = B_SPLINE_CURVE_WITH_KNOTS('',4,(#1986,#1987,#1988,#1989,#1990),
  .UNSPECIFIED.,.F.,.F.,(5,5),(0.,1.),.PIECEWISE_BEZIER_KNOTS.);
#1986 = CARTESIAN_POINT('',(39.746563337048,-5.5100006));
#1987 = CARTESIAN_POINT('',(39.746563337048,-4.9575003));
#1988 = CARTESIAN_POINT('',(39.746563337048,-4.405));
#1989 = CARTESIAN_POINT('',(39.746563337048,-3.8524997));
#1990 = CARTESIAN_POINT('',(39.746563337048,-3.2999994));
#1991 = ( GEOMETRIC_REPRESENTATION_CONTEXT(2) 
PARAMETRIC_REPRESENTATION_CONTEXT() REPRESENTATION_CONTEXT('2D SPACE',''
  ) );
#1992 = ORIENTED_EDGE('',*,*,#1993,.T.);
#1993 = EDGE_CURVE('',#1965,#1994,#1996,.T.);
#1994 = VERTEX_POINT('',#1995);
#1995 = CARTESIAN_POINT('',(22.167210484401,18.44,-10.43382860412));
#1996 = SURFACE_CURVE('',#1997,(#2002,#2009),.PCURVE_S1.);
#1997 = CIRCLE('',#1998,24.5);
#1998 = AXIS2_PLACEMENT_3D('',#1999,#2000,#2001);
#1999 = CARTESIAN_POINT('',(0.,18.44,0.));
#2000 = DIRECTION('',(0.,1.,0.));
#2001 = DIRECTION('',(0.,-0.,1.));
#2002 = PCURVE('',#1909,#2003);
#2003 = DEFINITIONAL_REPRESENTATION('',(#2004),#2008);
#2004 = LINE('',#2005,#2006);
#2005 = CARTESIAN_POINT('',(0.,0.));
#2006 = VECTOR('',#2007,1.);
#2007 = DIRECTION('',(1.,0.));
#2008 = ( GEOMETRIC_REPRESENTATION_CONTEXT(2) 
PARAMETRIC_REPRESENTATION_CONTEXT() REPRESENTATION_CONTEXT('2D SPACE',''
  ) );
#2009 = PCURVE('',#2010,#2015);
#2010 = PLANE('',#2011);
#2011 = AXIS2_PLACEMENT_3D('',#2012,#2013,#2014);
#2012 = CARTESIAN_POINT('',(0.,18.44,0.));
#2013 = DIRECTION('',(0.,1.,0.));
#2014 = DIRECTION('',(0.,-0.,1.));
#2015 = DEFINITIONAL_REPRESENTATION('',(#2016),#2020);
#2016 = CIRCLE('',#2017,24.5);
#2017 = AXIS2_PLACEMENT_2D('',#2018,#2019);
#2018 = CARTESIAN_POINT('',(0.,0.));
#2019 = DIRECTION('',(1.,0.));
#2020 = ( GEOMETRIC_REPRESENTATION_CONTEXT(2) 
PARAMETRIC_REPRESENTATION_CONTEXT() REPRESENTATION_CONTEXT('2D SPACE',''
  ) );
#2021 = ORIENTED_EDGE('',*,*,#2022,.T.);
#2022 = EDGE_CURVE('',#1994,#1893,#2023,.T.);
#2023 = SURFACE_CURVE('',#2024,(#2028,#2034),.PCURVE_S1.);
#2024 = LINE('',#2025,#2026);
#2025 = CARTESIAN_POINT('',(22.167210484401,18.44,-10.43382860412));
#2026 = VECTOR('',#2027,1.);
#2027 = DIRECTION('',(0.,1.,0.));
#2028 = PCURVE('',#1909,#2029);
#2029 = DEFINITIONAL_REPRESENTATION('',(#2030),#2033);
#2030 = B_SPLINE_CURVE_WITH_KNOTS('',1,(#2031,#2032),.UNSPECIFIED.,.F.,
  .F.,(2,2),(-6.000000070117E-07,2.2100006),.PIECEWISE_BEZIER_KNOTS.);
#2031 = CARTESIAN_POINT('',(2.01072016384,-6.000000070117E-07));
#2032 = CARTESIAN_POINT('',(2.01072016384,2.2100006));
#2033 = ( GEOMETRIC_REPRESENTATION_CONTEXT(2) 
PARAMETRIC_REPRESENTATION_CONTEXT() REPRESENTATION_CONTEXT('2D SPACE',''
  ) );
#2034 = PCURVE('',#79,#2035);
#2035 = DEFINITIONAL_REPRESENTATION('',(#2036),#2039);
#2036 = B_SPLINE_CURVE_WITH_KNOTS('',1,(#2037,#2038),.UNSPECIFIED.,.F.,
  .F.,(2,2),(-6.000000070117E-07,2.2100006),.PIECEWISE_BEZIER_KNOTS.);
#2037 = CARTESIAN_POINT('',(-35.5,-2.3899994));
#2038 = CARTESIAN_POINT('',(-35.5,-4.6000006));
#2039 = ( GEOMETRIC_REPRESENTATION_CONTEXT(2) 
PARAMETRIC_REPRESENTATION_CONTEXT() REPRESENTATION_CONTEXT('2D SPACE',''
  ) );
#2040 = ADVANCED_FACE('',(#2041),#2010,.T.);
#2041 = FACE_BOUND('',#2042,.T.);
#2042 = EDGE_LOOP('',(#2043,#2294,#2295,#2316));
#2043 = ORIENTED_EDGE('',*,*,#2044,.F.);
#2044 = EDGE_CURVE('',#1965,#2045,#2047,.T.);
#2045 = VERTEX_POINT('',#2046);
#2046 = CARTESIAN_POINT('',(18.664835467751,18.44,12.999938045447));
#2047 = SURFACE_CURVE('',#2048,(#2128,#2211),.PCURVE_S1.);
#2048 = B_SPLINE_CURVE_WITH_KNOTS('',8,(#2049,#2050,#2051,#2052,#2053,
    #2054,#2055,#2056,#2057,#2058,#2059,#2060,#2061,#2062,#2063,#2064,
    #2065,#2066,#2067,#2068,#2069,#2070,#2071,#2072,#2073,#2074,#2075,
    #2076,#2077,#2078,#2079,#2080,#2081,#2082,#2083,#2084,#2085,#2086,
    #2087,#2088,#2089,#2090,#2091,#2092,#2093,#2094,#2095,#2096,#2097,
    #2098,#2099,#2100,#2101,#2102,#2103,#2104,#2105,#2106,#2107,#2108,
    #2109,#2110,#2111,#2112,#2113,#2114,#2115,#2116,#2117,#2118,#2119,
    #2120,#2121,#2122,#2123,#2124,#2125,#2126,#2127),.UNSPECIFIED.,.F.,
  .F.,(9,7,7,7,7,7,7,7,7,7,7,9),(0.,7.434532776507E-02,0.304669368453,
    0.350630371034,0.390249857051,0.41346807817,0.470044639649,
    0.582261029703,0.66577177849,0.703783648127,0.817964990593,1.),
  .UNSPECIFIED.);
#2049 = CARTESIAN_POINT('',(24.5,18.44,12.210500176341));
#2050 = CARTESIAN_POINT('',(24.098799548479,18.44,12.266335607774));
#2051 = CARTESIAN_POINT('',(23.697672682549,18.44,12.321883494788));
#2052 = CARTESIAN_POINT('',(23.296595612073,18.44,12.377155881115));
#2053 = CARTESIAN_POINT('',(22.895544508429,18.44,12.432164908313));
#2054 = CARTESIAN_POINT('',(22.494495504509,18.44,12.486922815764));
#2055 = CARTESIAN_POINT('',(22.093424694722,18.44,12.541441940677));
#2056 = CARTESIAN_POINT('',(21.692308134991,18.44,12.595734718083));
#2057 = CARTESIAN_POINT('',(20.048234755233,18.44,12.817351918863));
#2058 = CARTESIAN_POINT('',(18.804682674682,18.44,12.982837300331));
#2059 = CARTESIAN_POINT('',(17.559748900996,18.44,13.146642330876));
#2060 = CARTESIAN_POINT('',(16.312727034021,18.44,13.30914438682));
#2061 = CARTESIAN_POINT('',(15.062928833497,18.44,13.470721264725));
#2062 = CARTESIAN_POINT('',(13.809692079001,18.44,13.631746730948));
#2063 = CARTESIAN_POINT('',(12.552388429896,18.44,13.792586071182));
#2064 = CARTESIAN_POINT('',(11.038608612277,18.44,13.985720189612));
#2065 = CARTESIAN_POINT('',(10.786600772547,18.44,14.017855341888));
#2066 = CARTESIAN_POINT('',(10.534403133035,18.44,14.049999896105));
#2067 = CARTESIAN_POINT('',(10.282011135392,18.44,14.082156628553));
#2068 = CARTESIAN_POINT('',(10.029420295964,18.44,14.114328292543));
#2069 = CARTESIAN_POINT('',(9.776626205797,18.44,14.146517618413));
#2070 = CARTESIAN_POINT('',(9.523624530633,18.44,14.178727313523));
#2071 = CARTESIAN_POINT('',(9.052134886788,18.44,14.238745464365));
#2072 = CARTESIAN_POINT('',(8.833701323637,18.44,14.266547998772));
#2073 = CARTESIAN_POINT('',(8.615107609295,18.44,14.294369382588));
#2074 = CARTESIAN_POINT('',(8.396351071993,18.44,14.322211318537));
#2075 = CARTESIAN_POINT('',(8.177429080353,18.44,14.350075494958));
#2076 = CARTESIAN_POINT('',(7.958339043391,18.44,14.377963585813));
#2077 = CARTESIAN_POINT('',(7.739078410511,18.44,14.405877250678));
#2078 = CARTESIAN_POINT('',(7.391049841406,18.44,14.450192340722));
#2079 = CARTESIAN_POINT('',(7.262396326534,18.44,14.466572905061));
#2080 = CARTESIAN_POINT('',(7.13368194151,18.44,14.482966691057));
#2081 = CARTESIAN_POINT('',(7.004905904539,18.44,14.499375148572));
#2082 = CARTESIAN_POINT('',(6.876068837411,18.44,14.515794314034));
#2083 = CARTESIAN_POINT('',(6.747172765505,18.44,14.532214810443));
#2084 = CARTESIAN_POINT('',(6.618221117789,18.44,14.548621847366));
#2085 = CARTESIAN_POINT('',(6.174874588826,18.44,14.604892729535));
#2086 = CARTESIAN_POINT('',(5.860225443524,18.44,14.644607107212));
#2087 = CARTESIAN_POINT('',(5.545315794247,18.44,14.683938935587));
#2088 = CARTESIAN_POINT('',(5.230190367622,18.44,14.722689991276));
#2089 = CARTESIAN_POINT('',(4.914894332916,18.44,14.760662307485));
#2090 = CARTESIAN_POINT('',(4.599473521375,18.44,14.797657235603));
#2091 = CARTESIAN_POINT('',(4.283974645569,18.44,14.833474506793));
#2092 = CARTESIAN_POINT('',(3.342611451686,18.44,14.936214700466));
#2093 = CARTESIAN_POINT('',(2.716696885125,18.44,14.999082969625));
#2094 = CARTESIAN_POINT('',(2.0910346568,18.44,15.054939447136));
#2095 = CARTESIAN_POINT('',(1.466030797932,18.44,15.102160088159));
#2096 = CARTESIAN_POINT('',(0.842171589767,18.44,15.139049152942));
#2097 = CARTESIAN_POINT('',(0.220029516918,18.44,15.163818550925));
#2098 = CARTESIAN_POINT('',(-0.399731882494,18.44,15.174570832966));
#2099 = CARTESIAN_POINT('',(-1.475240866277,18.44,15.165352766149));
#2100 = CARTESIAN_POINT('',(-1.932355078312,18.44,15.152538154827));
#2101 = CARTESIAN_POINT('',(-2.38738133149,18.44,15.130011419954));
#2102 = CARTESIAN_POINT('',(-2.839938854238,18.44,15.096905765881));
#2103 = CARTESIAN_POINT('',(-3.28958176116,18.44,15.052320314622));
#2104 = CARTESIAN_POINT('',(-3.735800723585,18.44,14.995327181364));
#2105 = CARTESIAN_POINT('',(-4.178026227393,18.44,14.924983489931));
#2106 = CARTESIAN_POINT('',(-4.814820561467,18.44,14.801824655715));
#2107 = CARTESIAN_POINT('',(-5.012712982151,18.44,14.7604063839));
#2108 = CARTESIAN_POINT('',(-5.209264816867,18.44,14.716013605421));
#2109 = CARTESIAN_POINT('',(-5.40444679441,18.44,14.668596337708));
#2110 = CARTESIAN_POINT('',(-5.598191467379,18.44,14.618030921431));
#2111 = CARTESIAN_POINT('',(-5.790494789548,18.44,14.564318634386));
#2112 = CARTESIAN_POINT('',(-5.981276107269,18.44,14.507306394848));
#2113 = CARTESIAN_POINT('',(-6.739000672919,18.44,14.265783172428));
#2114 = CARTESIAN_POINT('',(-7.295570728367,18.44,14.054071148845));
#2115 = CARTESIAN_POINT('',(-7.838549404924,18.44,13.81067315415));
#2116 = CARTESIAN_POINT('',(-8.366271916459,18.44,13.534687002647));
#2117 = CARTESIAN_POINT('',(-8.877142073743,18.44,13.22557145811));
#2118 = CARTESIAN_POINT('',(-9.369677735388,18.44,12.883233084049));
#2119 = CARTESIAN_POINT('',(-9.842554945822,18.44,12.508110991413));
#2120 = CARTESIAN_POINT('',(-11.01541007229,18.44,11.452631464289));
#2121 = CARTESIAN_POINT('',(-11.68371516822,18.44,10.723028093199));
#2122 = CARTESIAN_POINT('',(-12.29472806517,18.44,9.916744358375));
#2123 = CARTESIAN_POINT('',(-12.84684982795,18.44,9.040467314008));
#2124 = CARTESIAN_POINT('',(-13.34083508257,18.44,8.102298198886));
#2125 = CARTESIAN_POINT('',(-13.77889195238,18.44,7.11075281121));
#2126 = CARTESIAN_POINT('',(-14.16410539377,18.44,6.074125432952));
#2127 = CARTESIAN_POINT('',(-14.5,18.44,5.));
#2128 = PCURVE('',#2010,#2129);
#2129 = DEFINITIONAL_REPRESENTATION('',(#2130),#2210);
#2130 = B_SPLINE_CURVE_WITH_KNOTS('',8,(#2131,#2132,#2133,#2134,#2135,
    #2136,#2137,#2138,#2139,#2140,#2141,#2142,#2143,#2144,#2145,#2146,
    #2147,#2148,#2149,#2150,#2151,#2152,#2153,#2154,#2155,#2156,#2157,
    #2158,#2159,#2160,#2161,#2162,#2163,#2164,#2165,#2166,#2167,#2168,
    #2169,#2170,#2171,#2172,#2173,#2174,#2175,#2176,#2177,#2178,#2179,
    #2180,#2181,#2182,#2183,#2184,#2185,#2186,#2187,#2188,#2189,#2190,
    #2191,#2192,#2193,#2194,#2195,#2196,#2197,#2198,#2199,#2200,#2201,
    #2202,#2203,#2204,#2205,#2206,#2207,#2208,#2209),.UNSPECIFIED.,.F.,
  .F.,(9,7,7,7,7,7,7,7,7,7,7,9),(0.,7.434532776507E-02,0.304669368453,
    0.350630371034,0.390249857051,0.41346807817,0.470044639649,
    0.582261029703,0.66577177849,0.703783648127,0.817964990593,1.),
  .UNSPECIFIED.);
#2131 = CARTESIAN_POINT('',(12.210500176341,24.5));
#2132 = CARTESIAN_POINT('',(12.266335607774,24.098799548479));
#2133 = CARTESIAN_POINT('',(12.321883494788,23.697672682549));
#2134 = CARTESIAN_POINT('',(12.377155881115,23.296595612073));
#2135 = CARTESIAN_POINT('',(12.432164908313,22.895544508429));
#2136 = CARTESIAN_POINT('',(12.486922815764,22.494495504509));
#2137 = CARTESIAN_POINT('',(12.541441940677,22.093424694722));
#2138 = CARTESIAN_POINT('',(12.595734718083,21.692308134991));
#2139 = CARTESIAN_POINT('',(12.817351918863,20.048234755233));
#2140 = CARTESIAN_POINT('',(12.982837300331,18.804682674682));
#2141 = CARTESIAN_POINT('',(13.146642330876,17.559748900996));
#2142 = CARTESIAN_POINT('',(13.30914438682,16.312727034021));
#2143 = CARTESIAN_POINT('',(13.470721264725,15.062928833497));
#2144 = CARTESIAN_POINT('',(13.631746730948,13.809692079001));
#2145 = CARTESIAN_POINT('',(13.792586071182,12.552388429896));
#2146 = CARTESIAN_POINT('',(13.985720189612,11.038608612277));
#2147 = CARTESIAN_POINT('',(14.017855341888,10.786600772547));
#2148 = CARTESIAN_POINT('',(14.049999896105,10.534403133035));
#2149 = CARTESIAN_POINT('',(14.082156628553,10.282011135392));
#2150 = CARTESIAN_POINT('',(14.114328292543,10.029420295964));
#2151 = CARTESIAN_POINT('',(14.146517618413,9.776626205797));
#2152 = CARTESIAN_POINT('',(14.178727313523,9.523624530633));
#2153 = CARTESIAN_POINT('',(14.238745464365,9.052134886788));
#2154 = CARTESIAN_POINT('',(14.266547998772,8.833701323637));
#2155 = CARTESIAN_POINT('',(14.294369382588,8.615107609295));
#2156 = CARTESIAN_POINT('',(14.322211318537,8.396351071993));
#2157 = CARTESIAN_POINT('',(14.350075494958,8.177429080353));
#2158 = CARTESIAN_POINT('',(14.377963585813,7.958339043391));
#2159 = CARTESIAN_POINT('',(14.405877250678,7.739078410511));
#2160 = CARTESIAN_POINT('',(14.450192340722,7.391049841406));
#2161 = CARTESIAN_POINT('',(14.466572905061,7.262396326534));
#2162 = CARTESIAN_POINT('',(14.482966691057,7.13368194151));
#2163 = CARTESIAN_POINT('',(14.499375148572,7.004905904539));
#2164 = CARTESIAN_POINT('',(14.515794314034,6.876068837411));
#2165 = CARTESIAN_POINT('',(14.532214810443,6.747172765505));
#2166 = CARTESIAN_POINT('',(14.548621847366,6.618221117789));
#2167 = CARTESIAN_POINT('',(14.604892729535,6.174874588826));
#2168 = CARTESIAN_POINT('',(14.644607107212,5.860225443524));
#2169 = CARTESIAN_POINT('',(14.683938935587,5.545315794247));
#2170 = CARTESIAN_POINT('',(14.722689991276,5.230190367622));
#2171 = CARTESIAN_POINT('',(14.760662307485,4.914894332916));
#2172 = CARTESIAN_POINT('',(14.797657235603,4.599473521375));
#2173 = CARTESIAN_POINT('',(14.833474506793,4.283974645569));
#2174 = CARTESIAN_POINT('',(14.936214700466,3.342611451686));
#2175 = CARTESIAN_POINT('',(14.999082969625,2.716696885125));
#2176 = CARTESIAN_POINT('',(15.054939447136,2.0910346568));
#2177 = CARTESIAN_POINT('',(15.102160088159,1.466030797932));
#2178 = CARTESIAN_POINT('',(15.139049152942,0.842171589767));
#2179 = CARTESIAN_POINT('',(15.163818550925,0.220029516918));
#2180 = CARTESIAN_POINT('',(15.174570832966,-0.399731882494));
#2181 = CARTESIAN_POINT('',(15.165352766149,-1.475240866277));
#2182 = CARTESIAN_POINT('',(15.152538154827,-1.932355078312));
#2183 = CARTESIAN_POINT('',(15.130011419954,-2.38738133149));
#2184 = CARTESIAN_POINT('',(15.096905765881,-2.839938854238));
#2185 = CARTESIAN_POINT('',(15.052320314622,-3.28958176116));
#2186 = CARTESIAN_POINT('',(14.995327181364,-3.735800723585));
#2187 = CARTESIAN_POINT('',(14.924983489931,-4.178026227393));
#2188 = CARTESIAN_POINT('',(14.801824655715,-4.814820561467));
#2189 = CARTESIAN_POINT('',(14.7604063839,-5.012712982151));
#2190 = CARTESIAN_POINT('',(14.716013605421,-5.209264816867));
#2191 = CARTESIAN_POINT('',(14.668596337708,-5.40444679441));
#2192 = CARTESIAN_POINT('',(14.618030921431,-5.598191467379));
#2193 = CARTESIAN_POINT('',(14.564318634386,-5.790494789548));
#2194 = CARTESIAN_POINT('',(14.507306394848,-5.981276107269));
#2195 = CARTESIAN_POINT('',(14.265783172428,-6.739000672919));
#2196 = CARTESIAN_POINT('',(14.054071148845,-7.295570728367));
#2197 = CARTESIAN_POINT('',(13.81067315415,-7.838549404924));
#2198 = CARTESIAN_POINT('',(13.534687002647,-8.366271916459));
#2199 = CARTESIAN_POINT('',(13.22557145811,-8.877142073743));
#2200 = CARTESIAN_POINT('',(12.883233084049,-9.369677735388));
#2201 = CARTESIAN_POINT('',(12.508110991413,-9.842554945822));
#2202 = CARTESIAN_POINT('',(11.452631464289,-11.01541007229));
#2203 = CARTESIAN_POINT('',(10.723028093199,-11.68371516822));
#2204 = CARTESIAN_POINT('',(9.916744358375,-12.29472806517));
#2205 = CARTESIAN_POINT('',(9.040467314008,-12.84684982795));
#2206 = CARTESIAN_POINT('',(8.102298198886,-13.34083508257));
#2207 = CARTESIAN_POINT('',(7.11075281121,-13.77889195238));
#2208 = CARTESIAN_POINT('',(6.074125432952,-14.16410539377));
#2209 = CARTESIAN_POINT('',(5.,-14.5));
#2210 = ( GEOMETRIC_REPRESENTATION_CONTEXT(2) 
PARAMETRIC_REPRESENTATION_CONTEXT() REPRESENTATION_CONTEXT('2D SPACE',''
  ) );
#2211 = PCURVE('',#364,#2212);
#2212 = DEFINITIONAL_REPRESENTATION('',(#2213),#2293);
#2213 = B_SPLINE_CURVE_WITH_KNOTS('',8,(#2214,#2215,#2216,#2217,#2218,
    #2219,#2220,#2221,#2222,#2223,#2224,#2225,#2226,#2227,#2228,#2229,
    #2230,#2231,#2232,#2233,#2234,#2235,#2236,#2237,#2238,#2239,#2240,
    #2241,#2242,#2243,#2244,#2245,#2246,#2247,#2248,#2249,#2250,#2251,
    #2252,#2253,#2254,#2255,#2256,#2257,#2258,#2259,#2260,#2261,#2262,
    #2263,#2264,#2265,#2266,#2267,#2268,#2269,#2270,#2271,#2272,#2273,
    #2274,#2275,#2276,#2277,#2278,#2279,#2280,#2281,#2282,#2283,#2284,
    #2285,#2286,#2287,#2288,#2289,#2290,#2291,#2292),.UNSPECIFIED.,.F.,
  .F.,(9,7,7,7,7,7,7,7,7,7,7,9),(0.,7.434532776507E-02,0.304669368453,
    0.350630371034,0.390249857051,0.41346807817,0.470044639649,
    0.582261029703,0.66577177849,0.703783648127,0.817964990593,1.),
  .UNSPECIFIED.);
#2214 = CARTESIAN_POINT('',(43.377697778624,-5.51));
#2215 = CARTESIAN_POINT('',(42.967125838443,-5.51));
#2216 = CARTESIAN_POINT('',(42.556442918776,-5.51));
#2217 = CARTESIAN_POINT('',(42.145674145765,-5.51));
#2218 = CARTESIAN_POINT('',(41.734844655132,-5.51));
#2219 = CARTESIAN_POINT('',(41.323979592174,-5.51));
#2220 = CARTESIAN_POINT('',(40.913104111771,-5.51));
#2221 = CARTESIAN_POINT('',(40.502243378375,-5.51));
#2222 = CARTESIAN_POINT('',(38.818687448097,-5.51));
#2223 = CARTESIAN_POINT('',(37.546338858338,-5.51));
#2224 = CARTESIAN_POINT('',(36.275119051701,-5.51));
#2225 = CARTESIAN_POINT('',(35.005771639435,-5.51));
#2226 = CARTESIAN_POINT('',(33.739033298347,-5.51));
#2227 = CARTESIAN_POINT('',(32.475625480074,-5.51));
#2228 = CARTESIAN_POINT('',(31.216246120349,-5.51));
#2229 = CARTESIAN_POINT('',(29.711189872175,-5.51));
#2230 = CARTESIAN_POINT('',(29.461005484222,-5.51));
#2231 = CARTESIAN_POINT('',(29.211013525068,-5.51));
#2232 = CARTESIAN_POINT('',(28.961219290239,-5.51));
#2233 = CARTESIAN_POINT('',(28.711628030126,-5.51));
#2234 = CARTESIAN_POINT('',(28.462244949993,-5.51));
#2235 = CARTESIAN_POINT('',(28.213075209969,-5.51));
#2236 = CARTESIAN_POINT('',(27.749521949511,-5.51));
#2237 = CARTESIAN_POINT('',(27.535082280379,-5.51));
#2238 = CARTESIAN_POINT('',(27.320808208725,-5.51));
#2239 = CARTESIAN_POINT('',(27.106702992833,-5.51));
#2240 = CARTESIAN_POINT('',(26.892769858204,-5.51));
#2241 = CARTESIAN_POINT('',(26.679011997555,-5.51));
#2242 = CARTESIAN_POINT('',(26.46543257082,-5.51));
#2243 = CARTESIAN_POINT('',(26.126977079986,-5.51));
#2244 = CARTESIAN_POINT('',(26.001980611607,-5.51));
#2245 = CARTESIAN_POINT('',(25.877048543033,-5.51));
#2246 = CARTESIAN_POINT('',(25.752181950007,-5.51));
#2247 = CARTESIAN_POINT('',(25.627379740993,-5.51));
#2248 = CARTESIAN_POINT('',(25.502638657182,-5.51));
#2249 = CARTESIAN_POINT('',(25.377953272486,-5.51));
#2250 = CARTESIAN_POINT('',(24.949608459779,-5.51));
#2251 = CARTESIAN_POINT('',(24.646194042371,-5.51));
#2252 = CARTESIAN_POINT('',(24.34299916911,-5.51));
#2253 = CARTESIAN_POINT('',(24.039952164784,-5.51));
#2254 = CARTESIAN_POINT('',(23.736982903637,-5.51));
#2255 = CARTESIAN_POINT('',(23.43402246184,-5.51));
#2256 = CARTESIAN_POINT('',(23.131002769943,-5.51));
#2257 = CARTESIAN_POINT('',(22.226582424838,-5.51));
#2258 = CARTESIAN_POINT('',(21.624846675245,-5.51));
#2259 = CARTESIAN_POINT('',(21.022083598454,-5.51));
#2260 = CARTESIAN_POINT('',(20.417789784146,-5.51));
#2261 = CARTESIAN_POINT('',(19.81151467123,-5.51));
#2262 = CARTESIAN_POINT('',(19.202852834652,-5.51));
#2263 = CARTESIAN_POINT('',(18.591437717578,-5.51));
#2264 = CARTESIAN_POINT('',(17.51962900407,-5.51));
#2265 = CARTESIAN_POINT('',(17.060646014476,-5.51));
#2266 = CARTESIAN_POINT('',(16.599854538365,-5.51));
#2267 = CARTESIAN_POINT('',(16.13716820657,-5.51));
#2268 = CARTESIAN_POINT('',(15.672547412613,-5.51));
#2269 = CARTESIAN_POINT('',(15.206000217805,-5.51));
#2270 = CARTESIAN_POINT('',(14.737584331407,-5.51));
#2271 = CARTESIAN_POINT('',(14.053399402585,-5.51));
#2272 = CARTESIAN_POINT('',(13.839387994768,-5.51));
#2273 = CARTESIAN_POINT('',(13.625376115316,-5.51));
#2274 = CARTESIAN_POINT('',(13.411366284808,-5.51));
#2275 = CARTESIAN_POINT('',(13.197352663269,-5.51));
#2276 = CARTESIAN_POINT('',(12.983344869937,-5.51));
#2277 = CARTESIAN_POINT('',(12.769331768679,-5.51));
#2278 = CARTESIAN_POINT('',(11.912467982482,-5.51));
#2279 = CARTESIAN_POINT('',(11.267453319185,-5.51));
#2280 = CARTESIAN_POINT('',(10.621352180134,-5.51));
#2281 = CARTESIAN_POINT('',(9.975340568306,-5.51));
#2282 = CARTESIAN_POINT('',(9.330691678791,-5.51));
#2283 = CARTESIAN_POINT('',(8.688772934584,-5.51));
#2284 = CARTESIAN_POINT('',(8.051043644929,-5.51));
#2285 = CARTESIAN_POINT('',(6.411494884804,-5.51));
#2286 = CARTESIAN_POINT('',(5.418011921398,-5.51));
#2287 = CARTESIAN_POINT('',(4.445175988462,-5.51));
#2288 = CARTESIAN_POINT('',(3.497503085517,-5.51));
#2289 = CARTESIAN_POINT('',(2.57789284216,-5.51));
#2290 = CARTESIAN_POINT('',(1.688048229545,-5.51));
#2291 = CARTESIAN_POINT('',(0.828739717004,-5.51));
#2292 = CARTESIAN_POINT('',(0.,-5.51));
#2293 = ( GEOMETRIC_REPRESENTATION_CONTEXT(2) 
PARAMETRIC_REPRESENTATION_CONTEXT() REPRESENTATION_CONTEXT('2D SPACE',''
  ) );
#2294 = ORIENTED_EDGE('',*,*,#1993,.T.);
#2295 = ORIENTED_EDGE('',*,*,#2296,.F.);
#2296 = EDGE_CURVE('',#2297,#1994,#2299,.T.);
#2297 = VERTEX_POINT('',#2298);
#2298 = CARTESIAN_POINT('',(18.664835465075,18.44,-8.785304506575));
#2299 = SURFACE_CURVE('',#2300,(#2304,#2310),.PCURVE_S1.);
#2300 = LINE('',#2301,#2302);
#2301 = CARTESIAN_POINT('',(27.143523042124,18.44,-12.77611665811));
#2302 = VECTOR('',#2303,1.);
#2303 = DIRECTION('',(0.904784101404,0.,-0.42587055527));
#2304 = PCURVE('',#2010,#2305);
#2305 = DEFINITIONAL_REPRESENTATION('',(#2306),#2309);
#2306 = B_SPLINE_CURVE_WITH_KNOTS('',1,(#2307,#2308),.UNSPECIFIED.,.F.,
  .F.,(2,2),(-9.370951107441,-2.921716946641),.PIECEWISE_BEZIER_KNOTS.);
#2307 = CARTESIAN_POINT('',(-8.785304506575,18.664835465075));
#2308 = CARTESIAN_POINT('',(-11.5318434397,24.5));
#2309 = ( GEOMETRIC_REPRESENTATION_CONTEXT(2) 
PARAMETRIC_REPRESENTATION_CONTEXT() REPRESENTATION_CONTEXT('2D SPACE',''
  ) );
#2310 = PCURVE('',#79,#2311);
#2311 = DEFINITIONAL_REPRESENTATION('',(#2312),#2315);
#2312 = B_SPLINE_CURVE_WITH_KNOTS('',1,(#2313,#2314),.UNSPECIFIED.,.F.,
  .F.,(2,2),(-9.370951107441,-2.921716946641),.PIECEWISE_BEZIER_KNOTS.);
#2313 = CARTESIAN_POINT('',(-39.37095110744,-2.39));
#2314 = CARTESIAN_POINT('',(-32.92171694664,-2.39));
#2315 = ( GEOMETRIC_REPRESENTATION_CONTEXT(2) 
PARAMETRIC_REPRESENTATION_CONTEXT() REPRESENTATION_CONTEXT('2D SPACE',''
  ) );
#2316 = ORIENTED_EDGE('',*,*,#2317,.T.);
#2317 = EDGE_CURVE('',#2297,#2045,#2318,.T.);
#2318 = SURFACE_CURVE('',#2319,(#2323,#2329),.PCURVE_S1.);
#2319 = LINE('',#2320,#2321);
#2320 = CARTESIAN_POINT('',(18.664835465075,18.44,-25.));
#2321 = VECTOR('',#2322,1.);
#2322 = DIRECTION('',(0.,0.,1.));
#2323 = PCURVE('',#2010,#2324);
#2324 = DEFINITIONAL_REPRESENTATION('',(#2325),#2328);
#2325 = B_SPLINE_CURVE_WITH_KNOTS('',1,(#2326,#2327),.UNSPECIFIED.,.F.,
  .F.,(2,2),(7.9999994,38.032203232672),.PIECEWISE_BEZIER_KNOTS.);
#2326 = CARTESIAN_POINT('',(-17.0000006,18.664835465075));
#2327 = CARTESIAN_POINT('',(13.032203232672,18.664835465075));
#2328 = ( GEOMETRIC_REPRESENTATION_CONTEXT(2) 
PARAMETRIC_REPRESENTATION_CONTEXT() REPRESENTATION_CONTEXT('2D SPACE',''
  ) );
#2329 = PCURVE('',#2330,#2335);
#2330 = CYLINDRICAL_SURFACE('',#2331,3.);
#2331 = AXIS2_PLACEMENT_3D('',#2332,#2333,#2334);
#2332 = CARTESIAN_POINT('',(18.420090700065,15.45,-25.));
#2333 = DIRECTION('',(0.,0.,1.));
#2334 = DIRECTION('',(0.372680584277,0.927959687758,-0.));
#2335 = DEFINITIONAL_REPRESENTATION('',(#2336),#2339);
#2336 = B_SPLINE_CURVE_WITH_KNOTS('',1,(#2337,#2338),.UNSPECIFIED.,.F.,
  .F.,(2,2),(7.9999994,38.032203232672),.PIECEWISE_BEZIER_KNOTS.);
#2337 = CARTESIAN_POINT('',(0.30022368156,7.9999994));
#2338 = CARTESIAN_POINT('',(0.30022368156,38.032203232672));
#2339 = ( GEOMETRIC_REPRESENTATION_CONTEXT(2) 
PARAMETRIC_REPRESENTATION_CONTEXT() REPRESENTATION_CONTEXT('2D SPACE',''
  ) );
#2340 = ADVANCED_FACE('',(#2341),#2330,.F.);
#2341 = FACE_BOUND('',#2342,.F.);
#2342 = EDGE_LOOP('',(#2343,#2373,#2398,#2399));
#2343 = ORIENTED_EDGE('',*,*,#2344,.F.);
#2344 = EDGE_CURVE('',#2345,#2347,#2349,.T.);
#2345 = VERTEX_POINT('',#2346);
#2346 = CARTESIAN_POINT('',(19.538132452895,18.233879063273,
    -9.196354471469));
#2347 = VERTEX_POINT('',#2348);
#2348 = CARTESIAN_POINT('',(19.538132452895,18.233879063273,
    12.884334510196));
#2349 = SURFACE_CURVE('',#2350,(#2354,#2361),.PCURVE_S1.);
#2350 = LINE('',#2351,#2352);
#2351 = CARTESIAN_POINT('',(19.538132452895,18.233879063273,-25.));
#2352 = VECTOR('',#2353,1.);
#2353 = DIRECTION('',(0.,0.,1.));
#2354 = PCURVE('',#2330,#2355);
#2355 = DEFINITIONAL_REPRESENTATION('',(#2356),#2360);
#2356 = LINE('',#2357,#2358);
#2357 = CARTESIAN_POINT('',(0.,0.));
#2358 = VECTOR('',#2359,1.);
#2359 = DIRECTION('',(0.,1.));
#2360 = ( GEOMETRIC_REPRESENTATION_CONTEXT(2) 
PARAMETRIC_REPRESENTATION_CONTEXT() REPRESENTATION_CONTEXT('2D SPACE',''
  ) );
#2361 = PCURVE('',#2362,#2367);
#2362 = PLANE('',#2363);
#2363 = AXIS2_PLACEMENT_3D('',#2364,#2365,#2366);
#2364 = CARTESIAN_POINT('',(50.,6.,-25.));
#2365 = DIRECTION('',(-0.372680584277,-0.927959687758,0.));
#2366 = DIRECTION('',(-0.927959687758,0.372680584277,0.));
#2367 = DEFINITIONAL_REPRESENTATION('',(#2368),#2372);
#2368 = LINE('',#2369,#2370);
#2369 = CARTESIAN_POINT('',(32.826714294795,0.));
#2370 = VECTOR('',#2371,1.);
#2371 = DIRECTION('',(0.,-1.));
#2372 = ( GEOMETRIC_REPRESENTATION_CONTEXT(2) 
PARAMETRIC_REPRESENTATION_CONTEXT() REPRESENTATION_CONTEXT('2D SPACE',''
  ) );
#2373 = ORIENTED_EDGE('',*,*,#2374,.F.);
#2374 = EDGE_CURVE('',#2297,#2345,#2375,.T.);
#2375 = SURFACE_CURVE('',#2376,(#2381,#2391),.PCURVE_S1.);
#2376 = ELLIPSE('',#2377,3.315708128983,3.);
#2377 = AXIS2_PLACEMENT_3D('',#2378,#2379,#2380);
#2378 = CARTESIAN_POINT('',(18.420090700065,15.45,-8.670106208094));
#2379 = DIRECTION('',(-0.42587055527,1.004512141694E-16,-0.904784101404)
  );
#2380 = DIRECTION('',(-0.904784101404,2.134138188762E-16,0.42587055527)
  );
#2381 = PCURVE('',#2330,#2382);
#2382 = DEFINITIONAL_REPRESENTATION('',(#2383),#2390);
#2383 = B_SPLINE_CURVE_WITH_KNOTS('',5,(#2384,#2385,#2386,#2387,#2388,
    #2389),.UNSPECIFIED.,.F.,.F.,(6,6),(1.570796326795,1.952692363935),
  .PIECEWISE_BEZIER_KNOTS.);
#2384 = CARTESIAN_POINT('',(0.381896037141,16.329893791906));
#2385 = CARTESIAN_POINT('',(0.305516829712,16.222041580219));
#2386 = CARTESIAN_POINT('',(0.229137622284,16.114189346109));
#2387 = CARTESIAN_POINT('',(0.152758414856,16.007648032795));
#2388 = CARTESIAN_POINT('',(7.637920742811E-02,15.903728033212));
#2389 = CARTESIAN_POINT('',(5.921189464668E-16,15.803645528531));
#2390 = ( GEOMETRIC_REPRESENTATION_CONTEXT(2) 
PARAMETRIC_REPRESENTATION_CONTEXT() REPRESENTATION_CONTEXT('2D SPACE',''
  ) );
#2391 = PCURVE('',#79,#2392);
#2392 = DEFINITIONAL_REPRESENTATION('',(#2393),#2397);
#2393 = ELLIPSE('',#2394,3.315708128983,3.);
#2394 = AXIS2_PLACEMENT_2D('',#2395,#2396);
#2395 = CARTESIAN_POINT('',(-39.64145184306,0.6));
#2396 = DIRECTION('',(-1.,-2.606949484733E-16));
#2397 = ( GEOMETRIC_REPRESENTATION_CONTEXT(2) 
PARAMETRIC_REPRESENTATION_CONTEXT() REPRESENTATION_CONTEXT('2D SPACE',''
  ) );
#2398 = ORIENTED_EDGE('',*,*,#2317,.T.);
#2399 = ORIENTED_EDGE('',*,*,#2400,.T.);
#2400 = EDGE_CURVE('',#2045,#2347,#2401,.T.);
#2401 = SURFACE_CURVE('',#2402,(#2410,#2421),.PCURVE_S1.);
#2402 = B_SPLINE_CURVE_WITH_KNOTS('',6,(#2403,#2404,#2405,#2406,#2407,
    #2408,#2409),.UNSPECIFIED.,.F.,.F.,(7,7),(0.,1.),
  .PIECEWISE_BEZIER_KNOTS.);
#2403 = CARTESIAN_POINT('',(18.420090700065,18.45,13.032202632672));
#2404 = CARTESIAN_POINT('',(18.610967905915,18.45,13.007061348961));
#2405 = CARTESIAN_POINT('',(18.801810425608,18.435426360444,
    12.981883869114));
#2406 = CARTESIAN_POINT('',(18.991269055903,18.40628900053,
    12.956846686072));
#2407 = CARTESIAN_POINT('',(19.178013693815,18.362753570903,
    12.932125695732));
#2408 = CARTESIAN_POINT('',(19.360731267184,18.305125668502,
    12.90789674196));
#2409 = CARTESIAN_POINT('',(19.538132452895,18.233879063273,
    12.884334510196));
#2410 = PCURVE('',#2330,#2411);
#2411 = DEFINITIONAL_REPRESENTATION('',(#2412),#2420);
#2412 = B_SPLINE_CURVE_WITH_KNOTS('',6,(#2413,#2414,#2415,#2416,#2417,
    #2418,#2419),.UNSPECIFIED.,.F.,.F.,(7,7),(0.,1.),
  .PIECEWISE_BEZIER_KNOTS.);
#2413 = CARTESIAN_POINT('',(0.381896037141,38.032202632672));
#2414 = CARTESIAN_POINT('',(0.318270301857,38.007061348961));
#2415 = CARTESIAN_POINT('',(0.254656146906,37.981883869114));
#2416 = CARTESIAN_POINT('',(0.191039546551,37.956846686072));
#2417 = CARTESIAN_POINT('',(0.127401551437,37.932125695732));
#2418 = CARTESIAN_POINT('',(6.372445845489E-02,37.90789674196));
#2419 = CARTESIAN_POINT('',(0.,37.884334510196));
#2420 = ( GEOMETRIC_REPRESENTATION_CONTEXT(2) 
PARAMETRIC_REPRESENTATION_CONTEXT() REPRESENTATION_CONTEXT('2D SPACE',''
  ) );
#2421 = PCURVE('',#364,#2422);
#2422 = DEFINITIONAL_REPRESENTATION('',(#2423),#2431);
#2423 = B_SPLINE_CURVE_WITH_KNOTS('',6,(#2424,#2425,#2426,#2427,#2428,
    #2429,#2430),.UNSPECIFIED.,.F.,.F.,(7,7),(0.,1.),
  .PIECEWISE_BEZIER_KNOTS.);
#2424 = CARTESIAN_POINT('',(37.155909718857,-5.5));
#2425 = CARTESIAN_POINT('',(37.350646865776,-5.5));
#2426 = CARTESIAN_POINT('',(37.545437311732,-5.514573639556));
#2427 = CARTESIAN_POINT('',(37.738898445888,-5.54371099947));
#2428 = CARTESIAN_POINT('',(37.929662893027,-5.587246429097));
#2429 = CARTESIAN_POINT('',(38.116378100486,-5.644874331498));
#2430 = CARTESIAN_POINT('',(38.2977148967,-5.716120936727));
#2431 = ( GEOMETRIC_REPRESENTATION_CONTEXT(2) 
PARAMETRIC_REPRESENTATION_CONTEXT() REPRESENTATION_CONTEXT('2D SPACE',''
  ) );
#2432 = ADVANCED_FACE('',(#2433),#2362,.T.);
#2433 = FACE_BOUND('',#2434,.T.);
#2434 = EDGE_LOOP('',(#2435,#2463,#2491,#2614,#2615,#2636));
#2435 = ORIENTED_EDGE('',*,*,#2436,.F.);
#2436 = EDGE_CURVE('',#2437,#2439,#2441,.T.);
#2437 = VERTEX_POINT('',#2438);
#2438 = CARTESIAN_POINT('',(48.943784414318,6.424189807798,-17.));
#2439 = VERTEX_POINT('',#2440);
#2440 = CARTESIAN_POINT('',(24.975903614458,16.05,-17.));
#2441 = SURFACE_CURVE('',#2442,(#2446,#2452),.PCURVE_S1.);
#2442 = LINE('',#2443,#2444);
#2443 = CARTESIAN_POINT('',(75.312755795798,-4.165929343796,-17.));
#2444 = VECTOR('',#2445,1.);
#2445 = DIRECTION('',(-0.927959687758,0.372680584277,-4.137585654949E-17
    ));
#2446 = PCURVE('',#2362,#2447);
#2447 = DEFINITIONAL_REPRESENTATION('',(#2448),#2451);
#2448 = B_SPLINE_CURVE_WITH_KNOTS('',1,(#2449,#2450),.UNSPECIFIED.,.F.,
  .F.,(2,2),(28.416074242623,60.10457574691),.PIECEWISE_BEZIER_KNOTS.);
#2449 = CARTESIAN_POINT('',(1.138212790509,-8.));
#2450 = CARTESIAN_POINT('',(32.826714294795,-8.));
#2451 = ( GEOMETRIC_REPRESENTATION_CONTEXT(2) 
PARAMETRIC_REPRESENTATION_CONTEXT() REPRESENTATION_CONTEXT('2D SPACE',''
  ) );
#2452 = PCURVE('',#2453,#2458);
#2453 = PLANE('',#2454);
#2454 = AXIS2_PLACEMENT_3D('',#2455,#2456,#2457);
#2455 = CARTESIAN_POINT('',(116.,23.95,-17.));
#2456 = DIRECTION('',(0.,-1.110223024625E-16,-1.));
#2457 = DIRECTION('',(-1.,0.,0.));
#2458 = DEFINITIONAL_REPRESENTATION('',(#2459),#2462);
#2459 = B_SPLINE_CURVE_WITH_KNOTS('',1,(#2460,#2461),.UNSPECIFIED.,.F.,
  .F.,(2,2),(28.416074242623,60.10457574691),.PIECEWISE_BEZIER_KNOTS.);
#2460 = CARTESIAN_POINT('',(67.056215585682,-17.5258101922));
#2461 = CARTESIAN_POINT('',(96.461867547105,-5.716120936727));
#2462 = ( GEOMETRIC_REPRESENTATION_CONTEXT(2) 
PARAMETRIC_REPRESENTATION_CONTEXT() REPRESENTATION_CONTEXT('2D SPACE',''
  ) );
#2463 = ORIENTED_EDGE('',*,*,#2464,.T.);
#2464 = EDGE_CURVE('',#2437,#2465,#2467,.T.);
#2465 = VERTEX_POINT('',#2466);
#2466 = CARTESIAN_POINT('',(48.943784414318,6.424189807798,
    8.012398472666));
#2467 = SURFACE_CURVE('',#2468,(#2472,#2479),.PCURVE_S1.);
#2468 = LINE('',#2469,#2470);
#2469 = CARTESIAN_POINT('',(48.943784414318,6.424189807798,-25.));
#2470 = VECTOR('',#2471,1.);
#2471 = DIRECTION('',(0.,0.,1.));
#2472 = PCURVE('',#2362,#2473);
#2473 = DEFINITIONAL_REPRESENTATION('',(#2474),#2478);
#2474 = LINE('',#2475,#2476);
#2475 = CARTESIAN_POINT('',(1.138212790509,0.));
#2476 = VECTOR('',#2477,1.);
#2477 = DIRECTION('',(0.,-1.));
#2478 = ( GEOMETRIC_REPRESENTATION_CONTEXT(2) 
PARAMETRIC_REPRESENTATION_CONTEXT() REPRESENTATION_CONTEXT('2D SPACE',''
  ) );
#2479 = PCURVE('',#2480,#2485);
#2480 = CYLINDRICAL_SURFACE('',#2481,3.);
#2481 = AXIS2_PLACEMENT_3D('',#2482,#2483,#2484);
#2482 = CARTESIAN_POINT('',(47.825742661488,3.640310744525,-25.));
#2483 = DIRECTION('',(0.,0.,1.));
#2484 = DIRECTION('',(0.894427191,0.4472135955,-0.));
#2485 = DEFINITIONAL_REPRESENTATION('',(#2486),#2490);
#2486 = LINE('',#2487,#2488);
#2487 = CARTESIAN_POINT('',(0.725252680654,0.));
#2488 = VECTOR('',#2489,1.);
#2489 = DIRECTION('',(0.,1.));
#2490 = ( GEOMETRIC_REPRESENTATION_CONTEXT(2) 
PARAMETRIC_REPRESENTATION_CONTEXT() REPRESENTATION_CONTEXT('2D SPACE',''
  ) );
#2491 = ORIENTED_EDGE('',*,*,#2492,.T.);
#2492 = EDGE_CURVE('',#2465,#2347,#2493,.T.);
#2493 = SURFACE_CURVE('',#2494,(#2532,#2573),.PCURVE_S1.);
#2494 = B_SPLINE_CURVE_WITH_KNOTS('',6,(#2495,#2496,#2497,#2498,#2499,
    #2500,#2501,#2502,#2503,#2504,#2505,#2506,#2507,#2508,#2509,#2510,
    #2511,#2512,#2513,#2514,#2515,#2516,#2517,#2518,#2519,#2520,#2521,
    #2522,#2523,#2524,#2525,#2526,#2527,#2528,#2529,#2530,#2531),
  .UNSPECIFIED.,.F.,.F.,(7,5,5,5,5,5,5,7),(0.,0.412665638342,
    0.619031701572,0.724328497242,0.77703471167,0.829789290293,
    0.935364846144,1.),.UNSPECIFIED.);
#2495 = CARTESIAN_POINT('',(48.943784414318,6.424189807798,
    8.012398472666));
#2496 = CARTESIAN_POINT('',(46.934604332857,7.231102453417,
    8.455220686401));
#2497 = CARTESIAN_POINT('',(44.919234418297,8.040501015877,
    8.873097813347));
#2498 = CARTESIAN_POINT('',(42.899075874184,8.851822753755,
    9.268367094655));
#2499 = CARTESIAN_POINT('',(40.875442596641,9.664539989414,
    9.643272987643));
#2500 = CARTESIAN_POINT('',(38.849578908614,10.478152986702,
    9.999996941907));
#2501 = CARTESIAN_POINT('',(35.809063201073,11.699263327311,
    10.511059737964));
#2502 = CARTESIAN_POINT('',(34.795191226866,12.106447394372,
    10.677422304236));
#2503 = CARTESIAN_POINT('',(33.781211797467,12.513674616824,
    10.84004337039));
#2504 = CARTESIAN_POINT('',(32.767273833067,12.920885186397,
    10.999189120855));
#2505 = CARTESIAN_POINT('',(31.753525386089,13.328019643329,
    11.155124514688));
#2506 = CARTESIAN_POINT('',(30.223028569563,13.942686913192,
    11.386176343373));
#2507 = CARTESIAN_POINT('',(29.706030736912,14.150319913724,
    11.463471452599));
#2508 = CARTESIAN_POINT('',(29.189140437866,14.357909727373,
    11.540034850003));
#2509 = CARTESIAN_POINT('',(28.672377390969,14.565448434917,
    11.615901710561));
#2510 = CARTESIAN_POINT('',(28.155761376692,14.772928092264,
    11.691107233824));
#2511 = CARTESIAN_POINT('',(27.380804094794,15.084160936123,
    11.803017299178));
#2512 = CARTESIAN_POINT('',(27.122337765478,15.187964349026,
    11.840191084279));
#2513 = CARTESIAN_POINT('',(26.863915740409,15.291749968771,
    11.877212418885));
#2514 = CARTESIAN_POINT('',(26.605540518417,15.395516791797,
    11.914085727899));
#2515 = CARTESIAN_POINT('',(26.347214606233,15.499263811368,
    11.950815441458));
#2516 = CARTESIAN_POINT('',(25.830429433693,15.706811404855,
    12.024030124574));
#2517 = CARTESIAN_POINT('',(25.571971274198,15.810611536653,
    12.060514944396));
#2518 = CARTESIAN_POINT('',(25.313562359291,15.914391891188,
    12.096864246421));
#2519 = CARTESIAN_POINT('',(25.055193202256,16.018156278449,
    12.133081260493));
#2520 = CARTESIAN_POINT('',(24.796859549053,16.121906406912,
    12.169169813783));
#2521 = CARTESIAN_POINT('',(24.021618012067,16.433253411283,
    12.277105986561));
#2522 = CARTESIAN_POINT('',(23.504795476499,16.640816010245,
    12.348578258356));
#2523 = CARTESIAN_POINT('',(22.988034499294,16.848353886574,
    12.419579485172));
#2524 = CARTESIAN_POINT('',(22.471282957288,17.055887973605,
    12.490139337318));
#2525 = CARTESIAN_POINT('',(21.954488572065,17.263439267025,
    12.560287935332));
#2526 = CARTESIAN_POINT('',(21.121150253184,17.598118688641,
    12.67276895589));
#2527 = CARTESIAN_POINT('',(20.804665918094,17.725222881282,
    12.715339363953));
#2528 = CARTESIAN_POINT('',(20.488133900668,17.852346223764,
    12.757774076563));
#2529 = CARTESIAN_POINT('',(20.171542246133,17.979493517279,
    12.800080125752));
#2530 = CARTESIAN_POINT('',(19.854879048967,18.106669543237,
    12.842264573192));
#2531 = CARTESIAN_POINT('',(19.538132452895,18.233879063273,
    12.884334510196));
#2532 = PCURVE('',#2362,#2533);
#2533 = DEFINITIONAL_REPRESENTATION('',(#2534),#2572);
#2534 = B_SPLINE_CURVE_WITH_KNOTS('',6,(#2535,#2536,#2537,#2538,#2539,
    #2540,#2541,#2542,#2543,#2544,#2545,#2546,#2547,#2548,#2549,#2550,
    #2551,#2552,#2553,#2554,#2555,#2556,#2557,#2558,#2559,#2560,#2561,
    #2562,#2563,#2564,#2565,#2566,#2567,#2568,#2569,#2570,#2571),
  .UNSPECIFIED.,.F.,.F.,(7,5,5,5,5,5,5,7),(0.,0.412665638342,
    0.619031701572,0.724328497242,0.77703471167,0.829789290293,
    0.935364846144,1.),.UNSPECIFIED.);
#2535 = CARTESIAN_POINT('',(1.138212790509,-33.01239847266));
#2536 = CARTESIAN_POINT('',(3.30337158778,-33.4552206864));
#2537 = CARTESIAN_POINT('',(5.475200753581,-33.87309781334));
#2538 = CARTESIAN_POINT('',(7.652190304705,-34.26836709465));
#2539 = CARTESIAN_POINT('',(9.832924343307,-34.64327298764));
#2540 = CARTESIAN_POINT('',(12.016061945893,-34.9999969419));
#2541 = CARTESIAN_POINT('',(15.292622067689,-35.51105973796));
#2542 = CARTESIAN_POINT('',(16.385203984321,-35.67742230423));
#2543 = CARTESIAN_POINT('',(17.477901698215,-35.84004337039));
#2544 = CARTESIAN_POINT('',(18.570554728058,-35.99918912085));
#2545 = CARTESIAN_POINT('',(19.663003527669,-36.15512451468));
#2546 = CARTESIAN_POINT('',(21.312317432915,-36.38617634337));
#2547 = CARTESIAN_POINT('',(21.869451368227,-36.46347145259));
#2548 = CARTESIAN_POINT('',(22.426469421775,-36.54003485));
#2549 = CARTESIAN_POINT('',(22.983350344206,-36.61590171056));
#2550 = CARTESIAN_POINT('',(23.54007281943,-36.69110723382));
#2551 = CARTESIAN_POINT('',(24.375192374861,-36.80301729917));
#2552 = CARTESIAN_POINT('',(24.653724225679,-36.84019108427));
#2553 = CARTESIAN_POINT('',(24.932208332778,-36.87721241888));
#2554 = CARTESIAN_POINT('',(25.210642003336,-36.91408572789));
#2555 = CARTESIAN_POINT('',(25.489022536016,-36.95081544145));
#2556 = CARTESIAN_POINT('',(26.045927301771,-37.02403012457));
#2557 = CARTESIAN_POINT('',(26.324450348521,-37.06051494439));
#2558 = CARTESIAN_POINT('',(26.602920327675,-37.09686424642));
#2559 = CARTESIAN_POINT('',(26.881347462436,-37.13308126049));
#2560 = CARTESIAN_POINT('',(27.159736337093,-37.16916981378));
#2561 = CARTESIAN_POINT('',(27.995162215193,-37.27710598656));
#2562 = CARTESIAN_POINT('',(28.552107244581,-37.34857825835));
#2563 = CARTESIAN_POINT('',(29.108985936643,-37.41957948517));
#2564 = CARTESIAN_POINT('',(29.665854461023,-37.49013933731));
#2565 = CARTESIAN_POINT('',(30.222769154669,-37.56028793533));
#2566 = CARTESIAN_POINT('',(31.120802043248,-37.67276895589));
#2567 = CARTESIAN_POINT('',(31.461856012795,-37.71533936395));
#2568 = CARTESIAN_POINT('',(31.802961366402,-37.75777407656));
#2569 = CARTESIAN_POINT('',(32.144130986927,-37.80008012575));
#2570 = CARTESIAN_POINT('',(32.485377704154,-37.84226457319));
#2571 = CARTESIAN_POINT('',(32.826714294795,-37.88433451019));
#2572 = ( GEOMETRIC_REPRESENTATION_CONTEXT(2) 
PARAMETRIC_REPRESENTATION_CONTEXT() REPRESENTATION_CONTEXT('2D SPACE',''
  ) );
#2573 = PCURVE('',#364,#2574);
#2574 = DEFINITIONAL_REPRESENTATION('',(#2575),#2613);
#2575 = B_SPLINE_CURVE_WITH_KNOTS('',6,(#2576,#2577,#2578,#2579,#2580,
    #2581,#2582,#2583,#2584,#2585,#2586,#2587,#2588,#2589,#2590,#2591,
    #2592,#2593,#2594,#2595,#2596,#2597,#2598,#2599,#2600,#2601,#2602,
    #2603,#2604,#2605,#2606,#2607,#2608,#2609,#2610,#2611,#2612),
  .UNSPECIFIED.,.F.,.F.,(7,5,5,5,5,5,5,7),(0.,0.412665638342,
    0.619031701572,0.724328497242,0.77703471167,0.829789290293,
    0.935364846144,1.),.UNSPECIFIED.);
#2576 = CARTESIAN_POINT('',(68.199078669864,-17.5258101922));
#2577 = CARTESIAN_POINT('',(66.145060064929,-16.71889754658));
#2578 = CARTESIAN_POINT('',(64.09368564504,-15.90949898412));
#2579 = CARTESIAN_POINT('',(62.04402847046,-15.09817724624));
#2580 = CARTESIAN_POINT('',(59.995130355636,-14.28546001058));
#2581 = CARTESIAN_POINT('',(57.945984301941,-13.47184701329));
#2582 = CARTESIAN_POINT('',(54.870118060407,-12.25073667268));
#2583 = CARTESIAN_POINT('',(53.844390433569,-11.84355260562));
#2584 = CARTESIAN_POINT('',(52.818201042559,-11.43632538317));
#2585 = CARTESIAN_POINT('',(51.791414417086,-11.0291148136));
#2586 = CARTESIAN_POINT('',(50.763891960469,-10.62198035667));
#2587 = CARTESIAN_POINT('',(49.210757257913,-10.0073130868));
#2588 = CARTESIAN_POINT('',(48.685794629061,-9.799680086276));
#2589 = CARTESIAN_POINT('',(48.160584533151,-9.592090272627));
#2590 = CARTESIAN_POINT('',(47.635107873748,-9.384551565083));
#2591 = CARTESIAN_POINT('',(47.109345324495,-9.177071907736));
#2592 = CARTESIAN_POINT('',(46.319954476863,-8.865839063877));
#2593 = CARTESIAN_POINT('',(46.056555095362,-8.762035650974));
#2594 = CARTESIAN_POINT('',(45.793076731689,-8.658250031229));
#2595 = CARTESIAN_POINT('',(45.529516917733,-8.554483208203));
#2596 = CARTESIAN_POINT('',(45.2658731702,-8.450736188632));
#2597 = CARTESIAN_POINT('',(44.73817080733,-8.243188595145));
#2598 = CARTESIAN_POINT('',(44.474110750119,-8.139388463347));
#2599 = CARTESIAN_POINT('',(44.209968249878,-8.035608108812));
#2600 = CARTESIAN_POINT('',(43.945756166285,-7.931843721551));
#2601 = CARTESIAN_POINT('',(43.681480622467,-7.828093593088));
#2602 = CARTESIAN_POINT('',(42.888161058187,-7.516746588717));
#2603 = CARTESIAN_POINT('',(42.358955714321,-7.309183989755));
#2604 = CARTESIAN_POINT('',(41.829607399259,-7.101646113426));
#2605 = CARTESIAN_POINT('',(41.300187960828,-6.894112026395));
#2606 = CARTESIAN_POINT('',(40.770769329164,-6.686560732975));
#2607 = CARTESIAN_POINT('',(39.917348992501,-6.351881311359));
#2608 = CARTESIAN_POINT('',(39.593301742561,-6.224777118718));
#2609 = CARTESIAN_POINT('',(39.269298270423,-6.097653776236));
#2610 = CARTESIAN_POINT('',(38.945355035657,-5.970506482721));
#2611 = CARTESIAN_POINT('',(38.621488453869,-5.843330456763));
#2612 = CARTESIAN_POINT('',(38.2977148967,-5.716120936727));
#2613 = ( GEOMETRIC_REPRESENTATION_CONTEXT(2) 
PARAMETRIC_REPRESENTATION_CONTEXT() REPRESENTATION_CONTEXT('2D SPACE',''
  ) );
#2614 = ORIENTED_EDGE('',*,*,#2344,.F.);
#2615 = ORIENTED_EDGE('',*,*,#2616,.F.);
#2616 = EDGE_CURVE('',#2617,#2345,#2619,.T.);
#2617 = VERTEX_POINT('',#2618);
#2618 = CARTESIAN_POINT('',(24.975903614458,16.05,-11.7558453162));
#2619 = SURFACE_CURVE('',#2620,(#2624,#2630),.PCURVE_S1.);
#2620 = LINE('',#2621,#2622);
#2621 = CARTESIAN_POINT('',(50.683546003713,5.72547910496,-23.8561109177
    ));
#2622 = VECTOR('',#2623,1.);
#2623 = DIRECTION('',(-0.85038206209,0.341524408807,0.40026419608));
#2624 = PCURVE('',#2362,#2625);
#2625 = DEFINITIONAL_REPRESENTATION('',(#2626),#2629);
#2626 = B_SPLINE_CURVE_WITH_KNOTS('',1,(#2627,#2628),.UNSPECIFIED.,.F.,
  .F.,(2,2),(30.230696924696,36.625200529575),.PIECEWISE_BEZIER_KNOTS.);
#2627 = CARTESIAN_POINT('',(26.966792540325,-13.24415468379));
#2628 = CARTESIAN_POINT('',(32.826714294795,-15.80364552853));
#2629 = ( GEOMETRIC_REPRESENTATION_CONTEXT(2) 
PARAMETRIC_REPRESENTATION_CONTEXT() REPRESENTATION_CONTEXT('2D SPACE',''
  ) );
#2630 = PCURVE('',#79,#2631);
#2631 = DEFINITIONAL_REPRESENTATION('',(#2632),#2635);
#2632 = B_SPLINE_CURVE_WITH_KNOTS('',1,(#2633,#2634),.UNSPECIFIED.,.F.,
  .F.,(2,2),(30.230696924696,36.625200529575),.PIECEWISE_BEZIER_KNOTS.);
#2633 = CARTESIAN_POINT('',(-32.39573111895,-1.343504267872E-15));
#2634 = CARTESIAN_POINT('',(-38.40575180026,-2.183879063273));
#2635 = ( GEOMETRIC_REPRESENTATION_CONTEXT(2) 
PARAMETRIC_REPRESENTATION_CONTEXT() REPRESENTATION_CONTEXT('2D SPACE',''
  ) );
#2636 = ORIENTED_EDGE('',*,*,#2637,.F.);
#2637 = EDGE_CURVE('',#2439,#2617,#2638,.T.);
#2638 = SURFACE_CURVE('',#2639,(#2643,#2649),.PCURVE_S1.);
#2639 = LINE('',#2640,#2641);
#2640 = CARTESIAN_POINT('',(24.975903614458,16.05,-16.94519359641));
#2641 = VECTOR('',#2642,1.);
#2642 = DIRECTION('',(2.764410744047E-16,-1.110223024625E-16,1.));
#2643 = PCURVE('',#2362,#2644);
#2644 = DEFINITIONAL_REPRESENTATION('',(#2645),#2648);
#2645 = B_SPLINE_CURVE_WITH_KNOTS('',1,(#2646,#2647),.UNSPECIFIED.,.F.,
  .F.,(2,2),(-5.48064035886E-02,29.829528106607),
  .PIECEWISE_BEZIER_KNOTS.);
#2646 = CARTESIAN_POINT('',(26.966792540325,-8.));
#2647 = CARTESIAN_POINT('',(26.966792540325,-37.88433451019));
#2648 = ( GEOMETRIC_REPRESENTATION_CONTEXT(2) 
PARAMETRIC_REPRESENTATION_CONTEXT() REPRESENTATION_CONTEXT('2D SPACE',''
  ) );
#2649 = PCURVE('',#2650,#2655);
#2650 = PLANE('',#2651);
#2651 = AXIS2_PLACEMENT_3D('',#2652,#2653,#2654);
#2652 = CARTESIAN_POINT('',(-8.890387192823,16.05,-8.890387192823));
#2653 = DIRECTION('',(-0.,1.,1.110223024625E-16));
#2654 = DIRECTION('',(-1.,0.,0.));
#2655 = DEFINITIONAL_REPRESENTATION('',(#2656),#2659);
#2656 = B_SPLINE_CURVE_WITH_KNOTS('',1,(#2657,#2658),.UNSPECIFIED.,.F.,
  .F.,(2,2),(-5.48064035886E-02,29.829528106607),
  .PIECEWISE_BEZIER_KNOTS.);
#2657 = CARTESIAN_POINT('',(-33.86629080728,-8.109612807177));
#2658 = CARTESIAN_POINT('',(-33.86629080728,21.774721703019));
#2659 = ( GEOMETRIC_REPRESENTATION_CONTEXT(2) 
PARAMETRIC_REPRESENTATION_CONTEXT() REPRESENTATION_CONTEXT('2D SPACE',''
  ) );
#2660 = ADVANCED_FACE('',(#2661),#2480,.F.);
#2661 = FACE_BOUND('',#2662,.F.);
#2662 = EDGE_LOOP('',(#2663,#2693,#2719,#2720));
#2663 = ORIENTED_EDGE('',*,*,#2664,.F.);
#2664 = EDGE_CURVE('',#2665,#2667,#2669,.T.);
#2665 = VERTEX_POINT('',#2666);
#2666 = CARTESIAN_POINT('',(50.509024234487,4.981951531025,-17.));
#2667 = VERTEX_POINT('',#2668);
#2668 = CARTESIAN_POINT('',(50.509024234487,4.981951531025,
    7.660904682432));
#2669 = SURFACE_CURVE('',#2670,(#2674,#2681),.PCURVE_S1.);
#2670 = LINE('',#2671,#2672);
#2671 = CARTESIAN_POINT('',(50.509024234487,4.981951531025,-25.));
#2672 = VECTOR('',#2673,1.);
#2673 = DIRECTION('',(0.,0.,1.));
#2674 = PCURVE('',#2480,#2675);
#2675 = DEFINITIONAL_REPRESENTATION('',(#2676),#2680);
#2676 = LINE('',#2677,#2678);
#2677 = CARTESIAN_POINT('',(0.,0.));
#2678 = VECTOR('',#2679,1.);
#2679 = DIRECTION('',(0.,1.));
#2680 = ( GEOMETRIC_REPRESENTATION_CONTEXT(2) 
PARAMETRIC_REPRESENTATION_CONTEXT() REPRESENTATION_CONTEXT('2D SPACE',''
  ) );
#2681 = PCURVE('',#2682,#2687);
#2682 = PLANE('',#2683);
#2683 = AXIS2_PLACEMENT_3D('',#2684,#2685,#2686);
#2684 = CARTESIAN_POINT('',(53.,0.,-25.));
#2685 = DIRECTION('',(-0.894427191,-0.4472135955,0.));
#2686 = DIRECTION('',(-0.4472135955,0.894427191,0.));
#2687 = DEFINITIONAL_REPRESENTATION('',(#2688),#2692);
#2688 = LINE('',#2689,#2690);
#2689 = CARTESIAN_POINT('',(5.569991141991,0.));
#2690 = VECTOR('',#2691,1.);
#2691 = DIRECTION('',(0.,-1.));
#2692 = ( GEOMETRIC_REPRESENTATION_CONTEXT(2) 
PARAMETRIC_REPRESENTATION_CONTEXT() REPRESENTATION_CONTEXT('2D SPACE',''
  ) );
#2693 = ORIENTED_EDGE('',*,*,#2694,.T.);
#2694 = EDGE_CURVE('',#2665,#2437,#2695,.T.);
#2695 = SURFACE_CURVE('',#2696,(#2701,#2708),.PCURVE_S1.);
#2696 = CIRCLE('',#2697,3.);
#2697 = AXIS2_PLACEMENT_3D('',#2698,#2699,#2700);
#2698 = CARTESIAN_POINT('',(47.825742661488,3.640310744525,-17.));
#2699 = DIRECTION('',(0.,0.,1.));
#2700 = DIRECTION('',(0.894427191,0.4472135955,-0.));
#2701 = PCURVE('',#2480,#2702);
#2702 = DEFINITIONAL_REPRESENTATION('',(#2703),#2707);
#2703 = LINE('',#2704,#2705);
#2704 = CARTESIAN_POINT('',(8.739870707369E-19,8.));
#2705 = VECTOR('',#2706,1.);
#2706 = DIRECTION('',(1.,0.));
#2707 = ( GEOMETRIC_REPRESENTATION_CONTEXT(2) 
PARAMETRIC_REPRESENTATION_CONTEXT() REPRESENTATION_CONTEXT('2D SPACE',''
  ) );
#2708 = PCURVE('',#2453,#2709);
#2709 = DEFINITIONAL_REPRESENTATION('',(#2710),#2718);
#2710 = ( BOUNDED_CURVE() B_SPLINE_CURVE(2,(#2711,#2712,#2713,#2714,
#2715,#2716,#2717),.UNSPECIFIED.,.T.,.F.) B_SPLINE_CURVE_WITH_KNOTS((1,2
    ,2,2,2,1),(-2.094395102393,0.,2.094395102393,4.188790204786,
6.28318530718,8.377580409573),.UNSPECIFIED.) CURVE() 
GEOMETRIC_REPRESENTATION_ITEM() RATIONAL_B_SPLINE_CURVE((1.,0.5,1.,0.5,
1.,0.5,1.)) REPRESENTATION_ITEM('') );
#2711 = CARTESIAN_POINT('',(65.490975765513,-18.96804846897));
#2712 = CARTESIAN_POINT('',(67.814765773237,-14.32046845352));
#2713 = CARTESIAN_POINT('',(70.677793128874,-18.656719641));
#2714 = CARTESIAN_POINT('',(73.540820484512,-22.99297082847));
#2715 = CARTESIAN_POINT('',(68.35400312115,-23.30429965644));
#2716 = CARTESIAN_POINT('',(63.167185757788,-23.61562848442));
#2717 = CARTESIAN_POINT('',(65.490975765513,-18.96804846897));
#2718 = ( GEOMETRIC_REPRESENTATION_CONTEXT(2) 
PARAMETRIC_REPRESENTATION_CONTEXT() REPRESENTATION_CONTEXT('2D SPACE',''
  ) );
#2719 = ORIENTED_EDGE('',*,*,#2464,.T.);
#2720 = ORIENTED_EDGE('',*,*,#2721,.T.);
#2721 = EDGE_CURVE('',#2465,#2667,#2722,.T.);
#2722 = SURFACE_CURVE('',#2723,(#2732,#2744),.PCURVE_S1.);
#2723 = B_SPLINE_CURVE_WITH_KNOTS('',7,(#2724,#2725,#2726,#2727,#2728,
    #2729,#2730,#2731),.UNSPECIFIED.,.F.,.F.,(8,8),(0.,1.),
  .PIECEWISE_BEZIER_KNOTS.);
#2724 = CARTESIAN_POINT('',(48.943784414318,6.424189807798,
    8.012398472666));
#2725 = CARTESIAN_POINT('',(49.229358352004,6.309499629598,
    7.949458129768));
#2726 = CARTESIAN_POINT('',(49.501966023773,6.160326694003,
    7.888857173669));
#2727 = CARTESIAN_POINT('',(49.75663706011,5.978291836433,7.8317833652)
  );
#2728 = CARTESIAN_POINT('',(49.988740456888,5.765823835314,
    7.779400171967));
#2729 = CARTESIAN_POINT('',(50.193990648431,5.526102653297,
    7.732810551936));
#2730 = CARTESIAN_POINT('',(50.368454125818,5.263091748365,
    7.693041475662));
#2731 = CARTESIAN_POINT('',(50.509024234487,4.981951531025,
    7.660904682432));
#2732 = PCURVE('',#2480,#2733);
#2733 = DEFINITIONAL_REPRESENTATION('',(#2734),#2743);
#2734 = B_SPLINE_CURVE_WITH_KNOTS('',7,(#2735,#2736,#2737,#2738,#2739,
    #2740,#2741,#2742),.UNSPECIFIED.,.F.,.F.,(8,8),(0.,1.),
  .PIECEWISE_BEZIER_KNOTS.);
#2735 = CARTESIAN_POINT('',(0.725252680654,33.012398472666));
#2736 = CARTESIAN_POINT('',(0.622671379097,32.949458129768));
#2737 = CARTESIAN_POINT('',(0.519816905867,32.888857173669));
#2738 = CARTESIAN_POINT('',(0.416666360426,32.8317833652));
#2739 = CARTESIAN_POINT('',(0.313144086966,32.779400171967));
#2740 = CARTESIAN_POINT('',(0.209196854059,32.732810551936));
#2741 = CARTESIAN_POINT('',(0.104774772863,32.693041475662));
#2742 = CARTESIAN_POINT('',(0.,32.660904682432));
#2743 = ( GEOMETRIC_REPRESENTATION_CONTEXT(2) 
PARAMETRIC_REPRESENTATION_CONTEXT() REPRESENTATION_CONTEXT('2D SPACE',''
  ) );
#2744 = PCURVE('',#364,#2745);
#2745 = DEFINITIONAL_REPRESENTATION('',(#2746),#2755);
#2746 = B_SPLINE_CURVE_WITH_KNOTS('',7,(#2747,#2748,#2749,#2750,#2751,
    #2752,#2753,#2754),.UNSPECIFIED.,.F.,.F.,(8,8),(0.,1.),
  .PIECEWISE_BEZIER_KNOTS.);
#2747 = CARTESIAN_POINT('',(68.199078669864,-17.5258101922));
#2748 = CARTESIAN_POINT('',(68.491025711598,-17.6405003704));
#2749 = CARTESIAN_POINT('',(68.769894321363,-17.78967330599));
#2750 = CARTESIAN_POINT('',(69.03057149135,-17.97170816356));
#2751 = CARTESIAN_POINT('',(69.268272636612,-18.18417616468));
#2752 = CARTESIAN_POINT('',(69.478563267177,-18.4238973467));
#2753 = CARTESIAN_POINT('',(69.657367446415,-18.68690825163));
#2754 = CARTESIAN_POINT('',(69.801466487037,-18.96804846897));
#2755 = ( GEOMETRIC_REPRESENTATION_CONTEXT(2) 
PARAMETRIC_REPRESENTATION_CONTEXT() REPRESENTATION_CONTEXT('2D SPACE',''
  ) );
#2756 = ADVANCED_FACE('',(#2757),#2682,.T.);
#2757 = FACE_BOUND('',#2758,.T.);
#2758 = EDGE_LOOP('',(#2759,#2780,#2808,#2835));
#2759 = ORIENTED_EDGE('',*,*,#2760,.F.);
#2760 = EDGE_CURVE('',#2761,#2665,#2763,.T.);
#2761 = VERTEX_POINT('',#2762);
#2762 = CARTESIAN_POINT('',(52.32917960675,1.3416407865,-17.));
#2763 = SURFACE_CURVE('',#2764,(#2768,#2774),.PCURVE_S1.);
#2764 = LINE('',#2765,#2766);
#2765 = CARTESIAN_POINT('',(54.51,-3.02,-17.));
#2766 = VECTOR('',#2767,1.);
#2767 = DIRECTION('',(-0.4472135955,0.894427191,-9.930136612989E-17));
#2768 = PCURVE('',#2682,#2769);
#2769 = DEFINITIONAL_REPRESENTATION('',(#2770),#2773);
#2770 = B_SPLINE_CURVE_WITH_KNOTS('',1,(#2771,#2772),.UNSPECIFIED.,.F.,
  .F.,(2,2),(4.876462646025,8.946453788016),.PIECEWISE_BEZIER_KNOTS.);
#2771 = CARTESIAN_POINT('',(1.5,-8.));
#2772 = CARTESIAN_POINT('',(5.569991141991,-8.));
#2773 = ( GEOMETRIC_REPRESENTATION_CONTEXT(2) 
PARAMETRIC_REPRESENTATION_CONTEXT() REPRESENTATION_CONTEXT('2D SPACE',''
  ) );
#2774 = PCURVE('',#2453,#2775);
#2775 = DEFINITIONAL_REPRESENTATION('',(#2776),#2779);
#2776 = B_SPLINE_CURVE_WITH_KNOTS('',1,(#2777,#2778),.UNSPECIFIED.,.F.,
  .F.,(2,2),(4.876462646025,8.946453788016),.PIECEWISE_BEZIER_KNOTS.);
#2777 = CARTESIAN_POINT('',(63.67082039325,-22.6083592135));
#2778 = CARTESIAN_POINT('',(65.490975765513,-18.96804846897));
#2779 = ( GEOMETRIC_REPRESENTATION_CONTEXT(2) 
PARAMETRIC_REPRESENTATION_CONTEXT() REPRESENTATION_CONTEXT('2D SPACE',''
  ) );
#2780 = ORIENTED_EDGE('',*,*,#2781,.T.);
#2781 = EDGE_CURVE('',#2761,#2782,#2784,.T.);
#2782 = VERTEX_POINT('',#2783);
#2783 = CARTESIAN_POINT('',(52.32917960675,1.3416407865,7.236705434626)
  );
#2784 = SURFACE_CURVE('',#2785,(#2789,#2796),.PCURVE_S1.);
#2785 = LINE('',#2786,#2787);
#2786 = CARTESIAN_POINT('',(52.32917960675,1.3416407865,-25.));
#2787 = VECTOR('',#2788,1.);
#2788 = DIRECTION('',(0.,0.,1.));
#2789 = PCURVE('',#2682,#2790);
#2790 = DEFINITIONAL_REPRESENTATION('',(#2791),#2795);
#2791 = LINE('',#2792,#2793);
#2792 = CARTESIAN_POINT('',(1.5,0.));
#2793 = VECTOR('',#2794,1.);
#2794 = DIRECTION('',(0.,-1.));
#2795 = ( GEOMETRIC_REPRESENTATION_CONTEXT(2) 
PARAMETRIC_REPRESENTATION_CONTEXT() REPRESENTATION_CONTEXT('2D SPACE',''
  ) );
#2796 = PCURVE('',#2797,#2802);
#2797 = CYLINDRICAL_SURFACE('',#2798,3.);
#2798 = AXIS2_PLACEMENT_3D('',#2799,#2800,#2801);
#2799 = CARTESIAN_POINT('',(49.64589803375,3.952014501532E-15,-25.));
#2800 = DIRECTION('',(0.,0.,1.));
#2801 = DIRECTION('',(0.894427191,-0.4472135955,0.));
#2802 = DEFINITIONAL_REPRESENTATION('',(#2803),#2807);
#2803 = LINE('',#2804,#2805);
#2804 = CARTESIAN_POINT('',(0.927295218002,0.));
#2805 = VECTOR('',#2806,1.);
#2806 = DIRECTION('',(0.,1.));
#2807 = ( GEOMETRIC_REPRESENTATION_CONTEXT(2) 
PARAMETRIC_REPRESENTATION_CONTEXT() REPRESENTATION_CONTEXT('2D SPACE',''
  ) );
#2808 = ORIENTED_EDGE('',*,*,#2809,.T.);
#2809 = EDGE_CURVE('',#2782,#2667,#2810,.T.);
#2810 = SURFACE_CURVE('',#2811,(#2817,#2826),.PCURVE_S1.);
#2811 = B_SPLINE_CURVE_WITH_KNOTS('',4,(#2812,#2813,#2814,#2815,#2816),
  .UNSPECIFIED.,.F.,.F.,(5,5),(0.,1.),.PIECEWISE_BEZIER_KNOTS.);
#2812 = CARTESIAN_POINT('',(52.32917960675,1.3416407865,7.236705434626)
  );
#2813 = CARTESIAN_POINT('',(51.874251438137,2.251497123726,7.34468017891
    ));
#2814 = CARTESIAN_POINT('',(51.419252169376,3.161495661248,7.45141781025
    ));
#2815 = CARTESIAN_POINT('',(50.964177696094,4.071644607811,
    7.556848615159));
#2816 = CARTESIAN_POINT('',(50.509024234487,4.981951531025,
    7.660904682432));
#2817 = PCURVE('',#2682,#2818);
#2818 = DEFINITIONAL_REPRESENTATION('',(#2819),#2825);
#2819 = B_SPLINE_CURVE_WITH_KNOTS('',4,(#2820,#2821,#2822,#2823,#2824),
  .UNSPECIFIED.,.F.,.F.,(5,5),(0.,1.),.PIECEWISE_BEZIER_KNOTS.);
#2820 = CARTESIAN_POINT('',(1.5,-32.23670543462));
#2821 = CARTESIAN_POINT('',(2.517250309898,-32.34468017891));
#2822 = CARTESIAN_POINT('',(3.53465960456,-32.45141781025));
#2823 = CARTESIAN_POINT('',(4.552237061643,-32.55684861515));
#2824 = CARTESIAN_POINT('',(5.569991141991,-32.66090468243));
#2825 = ( GEOMETRIC_REPRESENTATION_CONTEXT(2) 
PARAMETRIC_REPRESENTATION_CONTEXT() REPRESENTATION_CONTEXT('2D SPACE',''
  ) );
#2826 = PCURVE('',#364,#2827);
#2827 = DEFINITIONAL_REPRESENTATION('',(#2828),#2834);
#2828 = B_SPLINE_CURVE_WITH_KNOTS('',4,(#2829,#2830,#2831,#2832,#2833),
  .UNSPECIFIED.,.F.,.F.,(5,5),(0.,1.),.PIECEWISE_BEZIER_KNOTS.);
#2829 = CARTESIAN_POINT('',(71.67000750732,-22.6083592135));
#2830 = CARTESIAN_POINT('',(71.202341845906,-21.69850287627));
#2831 = CARTESIAN_POINT('',(70.735013035835,-20.78850433875));
#2832 = CARTESIAN_POINT('',(70.268046318196,-19.87835539218));
#2833 = CARTESIAN_POINT('',(69.801466489993,-18.96804846897));
#2834 = ( GEOMETRIC_REPRESENTATION_CONTEXT(2) 
PARAMETRIC_REPRESENTATION_CONTEXT() REPRESENTATION_CONTEXT('2D SPACE',''
  ) );
#2835 = ORIENTED_EDGE('',*,*,#2664,.F.);
#2836 = ADVANCED_FACE('',(#2837),#2797,.F.);
#2837 = FACE_BOUND('',#2838,.F.);
#2838 = EDGE_LOOP('',(#2839,#2869,#2895,#2896));
#2839 = ORIENTED_EDGE('',*,*,#2840,.F.);
#2840 = EDGE_CURVE('',#2841,#2843,#2845,.T.);
#2841 = VERTEX_POINT('',#2842);
#2842 = CARTESIAN_POINT('',(52.32917960675,-1.3416407865,-17.));
#2843 = VERTEX_POINT('',#2844);
#2844 = CARTESIAN_POINT('',(52.32917960675,-1.3416407865,7.236705434626)
  );
#2845 = SURFACE_CURVE('',#2846,(#2850,#2857),.PCURVE_S1.);
#2846 = LINE('',#2847,#2848);
#2847 = CARTESIAN_POINT('',(52.32917960675,-1.3416407865,-25.));
#2848 = VECTOR('',#2849,1.);
#2849 = DIRECTION('',(0.,0.,1.));
#2850 = PCURVE('',#2797,#2851);
#2851 = DEFINITIONAL_REPRESENTATION('',(#2852),#2856);
#2852 = LINE('',#2853,#2854);
#2853 = CARTESIAN_POINT('',(0.,0.));
#2854 = VECTOR('',#2855,1.);
#2855 = DIRECTION('',(0.,1.));
#2856 = ( GEOMETRIC_REPRESENTATION_CONTEXT(2) 
PARAMETRIC_REPRESENTATION_CONTEXT() REPRESENTATION_CONTEXT('2D SPACE',''
  ) );
#2857 = PCURVE('',#2858,#2863);
#2858 = PLANE('',#2859);
#2859 = AXIS2_PLACEMENT_3D('',#2860,#2861,#2862);
#2860 = CARTESIAN_POINT('',(50.,-6.,-25.));
#2861 = DIRECTION('',(-0.894427191,0.4472135955,0.));
#2862 = DIRECTION('',(0.4472135955,0.894427191,0.));
#2863 = DEFINITIONAL_REPRESENTATION('',(#2864),#2868);
#2864 = LINE('',#2865,#2866);
#2865 = CARTESIAN_POINT('',(5.208203932499,0.));
#2866 = VECTOR('',#2867,1.);
#2867 = DIRECTION('',(0.,-1.));
#2868 = ( GEOMETRIC_REPRESENTATION_CONTEXT(2) 
PARAMETRIC_REPRESENTATION_CONTEXT() REPRESENTATION_CONTEXT('2D SPACE',''
  ) );
#2869 = ORIENTED_EDGE('',*,*,#2870,.T.);
#2870 = EDGE_CURVE('',#2841,#2761,#2871,.T.);
#2871 = SURFACE_CURVE('',#2872,(#2877,#2884),.PCURVE_S1.);
#2872 = CIRCLE('',#2873,3.);
#2873 = AXIS2_PLACEMENT_3D('',#2874,#2875,#2876);
#2874 = CARTESIAN_POINT('',(49.64589803375,3.952014501532E-15,-17.));
#2875 = DIRECTION('',(0.,0.,1.));
#2876 = DIRECTION('',(0.894427191,-0.4472135955,0.));
#2877 = PCURVE('',#2797,#2878);
#2878 = DEFINITIONAL_REPRESENTATION('',(#2879),#2883);
#2879 = LINE('',#2880,#2881);
#2880 = CARTESIAN_POINT('',(0.,8.));
#2881 = VECTOR('',#2882,1.);
#2882 = DIRECTION('',(1.,0.));
#2883 = ( GEOMETRIC_REPRESENTATION_CONTEXT(2) 
PARAMETRIC_REPRESENTATION_CONTEXT() REPRESENTATION_CONTEXT('2D SPACE',''
  ) );
#2884 = PCURVE('',#2453,#2885);
#2885 = DEFINITIONAL_REPRESENTATION('',(#2886),#2894);
#2886 = ( BOUNDED_CURVE() B_SPLINE_CURVE(2,(#2887,#2888,#2889,#2890,
#2891,#2892,#2893),.UNSPECIFIED.,.T.,.F.) B_SPLINE_CURVE_WITH_KNOTS((1,2
    ,2,2,2,1),(-2.094395102393,0.,2.094395102393,4.188790204786,
6.28318530718,8.377580409573),.UNSPECIFIED.) CURVE() 
GEOMETRIC_REPRESENTATION_ITEM() RATIONAL_B_SPLINE_CURVE((1.,0.5,1.,0.5,
1.,0.5,1.)) REPRESENTATION_ITEM('') );
#2887 = CARTESIAN_POINT('',(63.67082039325,-25.2916407865));
#2888 = CARTESIAN_POINT('',(61.347030385525,-20.64406077105));
#2889 = CARTESIAN_POINT('',(66.533847748887,-20.95538959902));
#2890 = CARTESIAN_POINT('',(71.720665112249,-21.266718427));
#2891 = CARTESIAN_POINT('',(68.857637756612,-25.60296961447));
#2892 = CARTESIAN_POINT('',(65.994610400974,-29.93922080194));
#2893 = CARTESIAN_POINT('',(63.67082039325,-25.2916407865));
#2894 = ( GEOMETRIC_REPRESENTATION_CONTEXT(2) 
PARAMETRIC_REPRESENTATION_CONTEXT() REPRESENTATION_CONTEXT('2D SPACE',''
  ) );
#2895 = ORIENTED_EDGE('',*,*,#2781,.T.);
#2896 = ORIENTED_EDGE('',*,*,#2897,.T.);
#2897 = EDGE_CURVE('',#2782,#2843,#2898,.T.);
#2898 = SURFACE_CURVE('',#2899,(#2912,#2928),.PCURVE_S1.);
#2899 = B_SPLINE_CURVE_WITH_KNOTS('',6,(#2900,#2901,#2902,#2903,#2904,
    #2905,#2906,#2907,#2908,#2909,#2910,#2911),.UNSPECIFIED.,.F.,.F.,(7,
    5,7),(0.,0.491323459074,1.),.UNSPECIFIED.);
#2900 = CARTESIAN_POINT('',(52.32917960675,1.3416407865,7.236705434626)
  );
#2901 = CARTESIAN_POINT('',(52.430519292501,1.138961414997,
    7.212653007431));
#2902 = CARTESIAN_POINT('',(52.513797712256,0.926477072775,
    7.192831321258));
#2903 = CARTESIAN_POINT('',(52.577675143266,0.706340153961,
    7.177596303994));
#2904 = CARTESIAN_POINT('',(52.62124460012,0.480888450137,7.167194045103
    ));
#2905 = CARTESIAN_POINT('',(52.643957425037,0.252616850549,
    7.161770935646));
#2906 = CARTESIAN_POINT('',(52.6477084375,-0.21227421724,7.160875308371)
  );
#2907 = CARTESIAN_POINT('',(52.627247132642,-0.448995270134,
    7.165760822061));
#2908 = CARTESIAN_POINT('',(52.584371974016,-0.682980630495,
    7.175998930124));
#2909 = CARTESIAN_POINT('',(52.519659906381,-0.911452330072,
    7.191435936619));
#2910 = CARTESIAN_POINT('',(52.434097210255,-1.13180557949,
    7.211803807973));
#2911 = CARTESIAN_POINT('',(52.32917960675,-1.3416407865,7.236705434626)
  );
#2912 = PCURVE('',#2797,#2913);
#2913 = DEFINITIONAL_REPRESENTATION('',(#2914),#2927);
#2914 = B_SPLINE_CURVE_WITH_KNOTS('',6,(#2915,#2916,#2917,#2918,#2919,
    #2920,#2921,#2922,#2923,#2924,#2925,#2926),.UNSPECIFIED.,.F.,.F.,(7,
    5,7),(0.,0.491323459074,1.),.UNSPECIFIED.);
#2915 = CARTESIAN_POINT('',(0.927295218002,32.236705434626));
#2916 = CARTESIAN_POINT('',(0.851761075949,32.212653007431));
#2917 = CARTESIAN_POINT('',(0.775996226412,32.192831321258));
#2918 = CARTESIAN_POINT('',(0.700065330684,32.177596303994));
#2919 = CARTESIAN_POINT('',(0.624004789366,32.167194045103));
#2920 = CARTESIAN_POINT('',(0.547855791698,32.161770935646));
#2921 = CARTESIAN_POINT('',(0.39288705829,32.160875308371));
#2922 = CARTESIAN_POINT('',(0.314037813598,32.165760822061));
#2923 = CARTESIAN_POINT('',(0.235277927847,32.175998930124));
#2924 = CARTESIAN_POINT('',(0.156652340582,32.191435936619));
#2925 = CARTESIAN_POINT('',(7.8200964491E-02,32.211803807973));
#2926 = CARTESIAN_POINT('',(0.,32.236705434626));
#2927 = ( GEOMETRIC_REPRESENTATION_CONTEXT(2) 
PARAMETRIC_REPRESENTATION_CONTEXT() REPRESENTATION_CONTEXT('2D SPACE',''
  ) );
#2928 = PCURVE('',#364,#2929);
#2929 = DEFINITIONAL_REPRESENTATION('',(#2930),#2943);
#2930 = B_SPLINE_CURVE_WITH_KNOTS('',6,(#2931,#2932,#2933,#2934,#2935,
    #2936,#2937,#2938,#2939,#2940,#2941,#2942),.UNSPECIFIED.,.F.,.F.,(7,
    5,7),(0.,0.491323459074,1.),.UNSPECIFIED.);
#2931 = CARTESIAN_POINT('',(71.67000750382,-22.6083592135));
#2932 = CARTESIAN_POINT('',(71.774184590301,-22.811038585));
#2933 = CARTESIAN_POINT('',(71.859813023734,-23.02352292722));
#2934 = CARTESIAN_POINT('',(71.925503114719,-23.24365984603));
#2935 = CARTESIAN_POINT('',(71.970312449309,-23.46911154986));
#2936 = CARTESIAN_POINT('',(71.993671753736,-23.69738314945));
#2937 = CARTESIAN_POINT('',(71.997529533023,-24.16227421724));
#2938 = CARTESIAN_POINT('',(71.976485835184,-24.39899527013));
#2939 = CARTESIAN_POINT('',(71.932390032333,-24.63298063049));
#2940 = CARTESIAN_POINT('',(71.865840668662,-24.86145233007));
#2941 = CARTESIAN_POINT('',(71.777862685851,-25.08180557949));
#2942 = CARTESIAN_POINT('',(71.67000750382,-25.2916407865));
#2943 = ( GEOMETRIC_REPRESENTATION_CONTEXT(2) 
PARAMETRIC_REPRESENTATION_CONTEXT() REPRESENTATION_CONTEXT('2D SPACE',''
  ) );
#2944 = ADVANCED_FACE('',(#2945),#2858,.T.);
#2945 = FACE_BOUND('',#2946,.T.);
#2946 = EDGE_LOOP('',(#2947,#2968,#2996,#3023));
#2947 = ORIENTED_EDGE('',*,*,#2948,.F.);
#2948 = EDGE_CURVE('',#2949,#2841,#2951,.T.);
#2949 = VERTEX_POINT('',#2950);
#2950 = CARTESIAN_POINT('',(50.509024234487,-4.981951531025,-17.));
#2951 = SURFACE_CURVE('',#2952,(#2956,#2962),.PCURVE_S1.);
#2952 = LINE('',#2953,#2954);
#2953 = CARTESIAN_POINT('',(62.59,19.18,-17.));
#2954 = VECTOR('',#2955,1.);
#2955 = DIRECTION('',(0.4472135955,0.894427191,-9.930136612989E-17));
#2956 = PCURVE('',#2858,#2957);
#2957 = DEFINITIONAL_REPRESENTATION('',(#2958),#2961);
#2958 = B_SPLINE_CURVE_WITH_KNOTS('',1,(#2959,#2960),.UNSPECIFIED.,.F.,
  .F.,(2,2),(-27.01388304621,-22.94389190422),.PIECEWISE_BEZIER_KNOTS.);
#2959 = CARTESIAN_POINT('',(1.138212790509,-8.));
#2960 = CARTESIAN_POINT('',(5.208203932499,-8.));
#2961 = ( GEOMETRIC_REPRESENTATION_CONTEXT(2) 
PARAMETRIC_REPRESENTATION_CONTEXT() REPRESENTATION_CONTEXT('2D SPACE',''
  ) );
#2962 = PCURVE('',#2453,#2963);
#2963 = DEFINITIONAL_REPRESENTATION('',(#2964),#2967);
#2964 = B_SPLINE_CURVE_WITH_KNOTS('',1,(#2965,#2966),.UNSPECIFIED.,.F.,
  .F.,(2,2),(-27.01388304621,-22.94389190422),.PIECEWISE_BEZIER_KNOTS.);
#2965 = CARTESIAN_POINT('',(65.490975765513,-28.93195153102));
#2966 = CARTESIAN_POINT('',(63.67082039325,-25.2916407865));
#2967 = ( GEOMETRIC_REPRESENTATION_CONTEXT(2) 
PARAMETRIC_REPRESENTATION_CONTEXT() REPRESENTATION_CONTEXT('2D SPACE',''
  ) );
#2968 = ORIENTED_EDGE('',*,*,#2969,.T.);
#2969 = EDGE_CURVE('',#2949,#2970,#2972,.T.);
#2970 = VERTEX_POINT('',#2971);
#2971 = CARTESIAN_POINT('',(50.509024234487,-4.981951531025,
    7.660904682432));
#2972 = SURFACE_CURVE('',#2973,(#2977,#2984),.PCURVE_S1.);
#2973 = LINE('',#2974,#2975);
#2974 = CARTESIAN_POINT('',(50.509024234487,-4.981951531025,-25.));
#2975 = VECTOR('',#2976,1.);
#2976 = DIRECTION('',(0.,0.,1.));
#2977 = PCURVE('',#2858,#2978);
#2978 = DEFINITIONAL_REPRESENTATION('',(#2979),#2983);
#2979 = LINE('',#2980,#2981);
#2980 = CARTESIAN_POINT('',(1.138212790509,0.));
#2981 = VECTOR('',#2982,1.);
#2982 = DIRECTION('',(0.,-1.));
#2983 = ( GEOMETRIC_REPRESENTATION_CONTEXT(2) 
PARAMETRIC_REPRESENTATION_CONTEXT() REPRESENTATION_CONTEXT('2D SPACE',''
  ) );
#2984 = PCURVE('',#2985,#2990);
#2985 = CYLINDRICAL_SURFACE('',#2986,3.);
#2986 = AXIS2_PLACEMENT_3D('',#2987,#2988,#2989);
#2987 = CARTESIAN_POINT('',(47.825742661488,-3.640310744525,-25.));
#2988 = DIRECTION('',(0.,0.,1.));
#2989 = DIRECTION('',(0.372680584277,-0.927959687758,0.));
#2990 = DEFINITIONAL_REPRESENTATION('',(#2991),#2995);
#2991 = LINE('',#2992,#2993);
#2992 = CARTESIAN_POINT('',(0.725252680654,0.));
#2993 = VECTOR('',#2994,1.);
#2994 = DIRECTION('',(0.,1.));
#2995 = ( GEOMETRIC_REPRESENTATION_CONTEXT(2) 
PARAMETRIC_REPRESENTATION_CONTEXT() REPRESENTATION_CONTEXT('2D SPACE',''
  ) );
#2996 = ORIENTED_EDGE('',*,*,#2997,.T.);
#2997 = EDGE_CURVE('',#2970,#2843,#2998,.T.);
#2998 = SURFACE_CURVE('',#2999,(#3005,#3014),.PCURVE_S1.);
#2999 = B_SPLINE_CURVE_WITH_KNOTS('',4,(#3000,#3001,#3002,#3003,#3004),
  .UNSPECIFIED.,.F.,.F.,(5,5),(0.,1.),.PIECEWISE_BEZIER_KNOTS.);
#3000 = CARTESIAN_POINT('',(50.509024234487,-4.981951531025,
    7.660904682432));
#3001 = CARTESIAN_POINT('',(50.964177696088,-4.071644607823,
    7.556848615161));
#3002 = CARTESIAN_POINT('',(51.419252169327,-3.161495661346,
    7.451417810262));
#3003 = CARTESIAN_POINT('',(51.874251438143,-2.251497123713,
    7.344680178908));
#3004 = CARTESIAN_POINT('',(52.32917960675,-1.3416407865,7.236705434626)
  );
#3005 = PCURVE('',#2858,#3006);
#3006 = DEFINITIONAL_REPRESENTATION('',(#3007),#3013);
#3007 = B_SPLINE_CURVE_WITH_KNOTS('',4,(#3008,#3009,#3010,#3011,#3012),
  .UNSPECIFIED.,.F.,.F.,(5,5),(0.,1.),.PIECEWISE_BEZIER_KNOTS.);
#3008 = CARTESIAN_POINT('',(1.138212790509,-32.66090468243));
#3009 = CARTESIAN_POINT('',(2.155966870843,-32.55684861516));
#3010 = CARTESIAN_POINT('',(3.173544327829,-32.45141781026));
#3011 = CARTESIAN_POINT('',(4.190953622615,-32.3446801789));
#3012 = CARTESIAN_POINT('',(5.208203932499,-32.23670543462));
#3013 = ( GEOMETRIC_REPRESENTATION_CONTEXT(2) 
PARAMETRIC_REPRESENTATION_CONTEXT() REPRESENTATION_CONTEXT('2D SPACE',''
  ) );
#3014 = PCURVE('',#364,#3015);
#3015 = DEFINITIONAL_REPRESENTATION('',(#3016),#3022);
#3016 = B_SPLINE_CURVE_WITH_KNOTS('',4,(#3017,#3018,#3019,#3020,#3021),
  .UNSPECIFIED.,.F.,.F.,(5,5),(0.,1.),.PIECEWISE_BEZIER_KNOTS.);
#3017 = CARTESIAN_POINT('',(69.801466489977,-28.93195153102));
#3018 = CARTESIAN_POINT('',(70.268046318174,-28.02164460782));
#3019 = CARTESIAN_POINT('',(70.735013036129,-27.11149566134));
#3020 = CARTESIAN_POINT('',(71.202341845652,-26.20149712371));
#3021 = CARTESIAN_POINT('',(71.67000750706,-25.2916407865));
#3022 = ( GEOMETRIC_REPRESENTATION_CONTEXT(2) 
PARAMETRIC_REPRESENTATION_CONTEXT() REPRESENTATION_CONTEXT('2D SPACE',''
  ) );
#3023 = ORIENTED_EDGE('',*,*,#2840,.F.);
#3024 = ADVANCED_FACE('',(#3025),#2985,.F.);
#3025 = FACE_BOUND('',#3026,.F.);
#3026 = EDGE_LOOP('',(#3027,#3057,#3083,#3084));
#3027 = ORIENTED_EDGE('',*,*,#3028,.F.);
#3028 = EDGE_CURVE('',#3029,#3031,#3033,.T.);
#3029 = VERTEX_POINT('',#3030);
#3030 = CARTESIAN_POINT('',(48.943784414318,-6.424189807798,-17.));
#3031 = VERTEX_POINT('',#3032);
#3032 = CARTESIAN_POINT('',(48.943784414318,-6.424189807798,
    8.012398472666));
#3033 = SURFACE_CURVE('',#3034,(#3038,#3045),.PCURVE_S1.);
#3034 = LINE('',#3035,#3036);
#3035 = CARTESIAN_POINT('',(48.943784414318,-6.424189807798,-25.));
#3036 = VECTOR('',#3037,1.);
#3037 = DIRECTION('',(0.,0.,1.));
#3038 = PCURVE('',#2985,#3039);
#3039 = DEFINITIONAL_REPRESENTATION('',(#3040),#3044);
#3040 = LINE('',#3041,#3042);
#3041 = CARTESIAN_POINT('',(0.,0.));
#3042 = VECTOR('',#3043,1.);
#3043 = DIRECTION('',(0.,1.));
#3044 = ( GEOMETRIC_REPRESENTATION_CONTEXT(2) 
PARAMETRIC_REPRESENTATION_CONTEXT() REPRESENTATION_CONTEXT('2D SPACE',''
  ) );
#3045 = PCURVE('',#3046,#3051);
#3046 = PLANE('',#3047);
#3047 = AXIS2_PLACEMENT_3D('',#3048,#3049,#3050);
#3048 = CARTESIAN_POINT('',(19.,-18.45,-25.));
#3049 = DIRECTION('',(-0.372680584277,0.927959687758,0.));
#3050 = DIRECTION('',(0.927959687758,0.372680584277,0.));
#3051 = DEFINITIONAL_REPRESENTATION('',(#3052),#3056);
#3052 = LINE('',#3053,#3054);
#3053 = CARTESIAN_POINT('',(32.268410804222,0.));
#3054 = VECTOR('',#3055,1.);
#3055 = DIRECTION('',(0.,-1.));
#3056 = ( GEOMETRIC_REPRESENTATION_CONTEXT(2) 
PARAMETRIC_REPRESENTATION_CONTEXT() REPRESENTATION_CONTEXT('2D SPACE',''
  ) );
#3057 = ORIENTED_EDGE('',*,*,#3058,.T.);
#3058 = EDGE_CURVE('',#3029,#2949,#3059,.T.);
#3059 = SURFACE_CURVE('',#3060,(#3065,#3072),.PCURVE_S1.);
#3060 = CIRCLE('',#3061,3.);
#3061 = AXIS2_PLACEMENT_3D('',#3062,#3063,#3064);
#3062 = CARTESIAN_POINT('',(47.825742661488,-3.640310744525,-17.));
#3063 = DIRECTION('',(0.,0.,1.));
#3064 = DIRECTION('',(0.372680584277,-0.927959687758,0.));
#3065 = PCURVE('',#2985,#3066);
#3066 = DEFINITIONAL_REPRESENTATION('',(#3067),#3071);
#3067 = LINE('',#3068,#3069);
#3068 = CARTESIAN_POINT('',(-1.028328284155E-17,8.));
#3069 = VECTOR('',#3070,1.);
#3070 = DIRECTION('',(1.,0.));
#3071 = ( GEOMETRIC_REPRESENTATION_CONTEXT(2) 
PARAMETRIC_REPRESENTATION_CONTEXT() REPRESENTATION_CONTEXT('2D SPACE',''
  ) );
#3072 = PCURVE('',#2453,#3073);
#3073 = DEFINITIONAL_REPRESENTATION('',(#3074),#3082);
#3074 = ( BOUNDED_CURVE() B_SPLINE_CURVE(2,(#3075,#3076,#3077,#3078,
#3079,#3080,#3081),.UNSPECIFIED.,.T.,.F.) B_SPLINE_CURVE_WITH_KNOTS((1,2
    ,2,2,2,1),(-2.094395102393,0.,2.094395102393,4.188790204786,
6.28318530718,8.377580409573),.UNSPECIFIED.) CURVE() 
GEOMETRIC_REPRESENTATION_ITEM() RATIONAL_B_SPLINE_CURVE((1.,0.5,1.,0.5,
1.,0.5,1.)) REPRESENTATION_ITEM('') );
#3075 = CARTESIAN_POINT('',(67.056215585682,-30.37418980779));
#3076 = CARTESIAN_POINT('',(62.234395605966,-28.43768468691));
#3077 = CARTESIAN_POINT('',(66.32236822507,-25.23011865244));
#3078 = CARTESIAN_POINT('',(70.410340844173,-22.02255261798));
#3079 = CARTESIAN_POINT('',(71.144188204785,-27.16662377333));
#3080 = CARTESIAN_POINT('',(71.878035565397,-32.31069492868));
#3081 = CARTESIAN_POINT('',(67.056215585682,-30.37418980779));
#3082 = ( GEOMETRIC_REPRESENTATION_CONTEXT(2) 
PARAMETRIC_REPRESENTATION_CONTEXT() REPRESENTATION_CONTEXT('2D SPACE',''
  ) );
#3083 = ORIENTED_EDGE('',*,*,#2969,.T.);
#3084 = ORIENTED_EDGE('',*,*,#3085,.T.);
#3085 = EDGE_CURVE('',#2970,#3031,#3086,.T.);
#3086 = SURFACE_CURVE('',#3087,(#3096,#3108),.PCURVE_S1.);
#3087 = B_SPLINE_CURVE_WITH_KNOTS('',7,(#3088,#3089,#3090,#3091,#3092,
    #3093,#3094,#3095),.UNSPECIFIED.,.F.,.F.,(8,8),(0.,1.),
  .PIECEWISE_BEZIER_KNOTS.);
#3088 = CARTESIAN_POINT('',(50.509024234487,-4.981951531025,
    7.660904682432));
#3089 = CARTESIAN_POINT('',(50.368453830029,-5.263092339942,
    7.693041543284));
#3090 = CARTESIAN_POINT('',(50.193989581229,-5.526104401008,
    7.732810793387));
#3091 = CARTESIAN_POINT('',(49.988738699674,-5.765825658923,
    7.779400576488));
#3092 = CARTESIAN_POINT('',(49.756635055477,-5.978293433844,
    7.831783808866));
#3093 = CARTESIAN_POINT('',(49.50196413837,-6.160327836874,
    7.888857597473));
#3094 = CARTESIAN_POINT('',(49.22935696804,-6.309500185416,
    7.949458434793));
#3095 = CARTESIAN_POINT('',(48.943784414318,-6.424189807798,
    8.012398472666));
#3096 = PCURVE('',#2985,#3097);
#3097 = DEFINITIONAL_REPRESENTATION('',(#3098),#3107);
#3098 = B_SPLINE_CURVE_WITH_KNOTS('',7,(#3099,#3100,#3101,#3102,#3103,
    #3104,#3105,#3106),.UNSPECIFIED.,.F.,.F.,(8,8),(0.,1.),
  .PIECEWISE_BEZIER_KNOTS.);
#3099 = CARTESIAN_POINT('',(0.725252680654,32.660904682432));
#3100 = CARTESIAN_POINT('',(0.620477687323,32.693041543284));
#3101 = CARTESIAN_POINT('',(0.51605514759,32.732810793387));
#3102 = CARTESIAN_POINT('',(0.412107770962,32.779400576488));
#3103 = CARTESIAN_POINT('',(0.308585474557,32.831783808866));
#3104 = CARTESIAN_POINT('',(0.205435048925,32.888857597473));
#3105 = CARTESIAN_POINT('',(0.102580804421,32.949458434793));
#3106 = CARTESIAN_POINT('',(0.,33.012398472666));
#3107 = ( GEOMETRIC_REPRESENTATION_CONTEXT(2) 
PARAMETRIC_REPRESENTATION_CONTEXT() REPRESENTATION_CONTEXT('2D SPACE',''
  ) );
#3108 = PCURVE('',#364,#3109);
#3109 = DEFINITIONAL_REPRESENTATION('',(#3110),#3119);
#3110 = B_SPLINE_CURVE_WITH_KNOTS('',7,(#3111,#3112,#3113,#3114,#3115,
    #3116,#3117,#3118),.UNSPECIFIED.,.F.,.F.,(8,8),(0.,1.),
  .PIECEWISE_BEZIER_KNOTS.);
#3111 = CARTESIAN_POINT('',(69.801466487037,-28.93195153102));
#3112 = CARTESIAN_POINT('',(69.657367143201,-29.21309233994));
#3113 = CARTESIAN_POINT('',(69.478562174571,-29.476104401));
#3114 = CARTESIAN_POINT('',(69.268270832792,-29.71582565892));
#3115 = CARTESIAN_POINT('',(69.030569443122,-29.92829343384));
#3116 = CARTESIAN_POINT('',(68.769892390228,-30.11032783687));
#3117 = CARTESIAN_POINT('',(68.491024296748,-30.25950018541));
#3118 = CARTESIAN_POINT('',(68.199078669864,-30.37418980779));
#3119 = ( GEOMETRIC_REPRESENTATION_CONTEXT(2) 
PARAMETRIC_REPRESENTATION_CONTEXT() REPRESENTATION_CONTEXT('2D SPACE',''
  ) );
#3120 = ADVANCED_FACE('',(#3121),#3046,.T.);
#3121 = FACE_BOUND('',#3122,.T.);
#3122 = EDGE_LOOP('',(#3123,#3144,#3170,#3196,#3224,#3314));
#3123 = ORIENTED_EDGE('',*,*,#3124,.F.);
#3124 = EDGE_CURVE('',#3125,#3029,#3127,.T.);
#3125 = VERTEX_POINT('',#3126);
#3126 = CARTESIAN_POINT('',(24.975903614458,-16.05,-17.));
#3127 = SURFACE_CURVE('',#3128,(#3132,#3138),.PCURVE_S1.);
#3128 = LINE('',#3129,#3130);
#3129 = CARTESIAN_POINT('',(68.095445574719,1.267364432427,-17.));
#3130 = VECTOR('',#3131,1.);
#3131 = DIRECTION('',(0.927959687758,0.372680584277,-4.137585654949E-17)
  );
#3132 = PCURVE('',#3046,#3133);
#3133 = DEFINITIONAL_REPRESENTATION('',(#3134),#3137);
#3134 = B_SPLINE_CURVE_WITH_KNOTS('',1,(#3135,#3136),.UNSPECIFIED.,.F.,
  .F.,(2,2),(-52.32696394297,-20.63846243868),.PIECEWISE_BEZIER_KNOTS.);
#3135 = CARTESIAN_POINT('',(0.579909299935,-8.));
#3136 = CARTESIAN_POINT('',(32.268410804222,-8.));
#3137 = ( GEOMETRIC_REPRESENTATION_CONTEXT(2) 
PARAMETRIC_REPRESENTATION_CONTEXT() REPRESENTATION_CONTEXT('2D SPACE',''
  ) );
#3138 = PCURVE('',#2453,#3139);
#3139 = DEFINITIONAL_REPRESENTATION('',(#3140),#3143);
#3140 = B_SPLINE_CURVE_WITH_KNOTS('',1,(#3141,#3142),.UNSPECIFIED.,.F.,
  .F.,(2,2),(-52.32696394297,-20.63846243868),.PIECEWISE_BEZIER_KNOTS.);
#3141 = CARTESIAN_POINT('',(96.461867547105,-42.18387906327));
#3142 = CARTESIAN_POINT('',(67.056215585682,-30.37418980779));
#3143 = ( GEOMETRIC_REPRESENTATION_CONTEXT(2) 
PARAMETRIC_REPRESENTATION_CONTEXT() REPRESENTATION_CONTEXT('2D SPACE',''
  ) );
#3144 = ORIENTED_EDGE('',*,*,#3145,.T.);
#3145 = EDGE_CURVE('',#3125,#3146,#3148,.T.);
#3146 = VERTEX_POINT('',#3147);
#3147 = CARTESIAN_POINT('',(24.975903614458,-16.05,-11.7558453162));
#3148 = SURFACE_CURVE('',#3149,(#3153,#3159),.PCURVE_S1.);
#3149 = LINE('',#3150,#3151);
#3150 = CARTESIAN_POINT('',(24.975903614458,-16.05,-16.94519359641));
#3151 = VECTOR('',#3152,1.);
#3152 = DIRECTION('',(2.764410744047E-16,1.110223024625E-16,1.));
#3153 = PCURVE('',#3046,#3154);
#3154 = DEFINITIONAL_REPRESENTATION('',(#3155),#3158);
#3155 = B_SPLINE_CURVE_WITH_KNOTS('',1,(#3156,#3157),.UNSPECIFIED.,.F.,
  .F.,(2,2),(-5.480640358859E-02,29.829528106607),
  .PIECEWISE_BEZIER_KNOTS.);
#3156 = CARTESIAN_POINT('',(6.439831054406,-8.));
#3157 = CARTESIAN_POINT('',(6.439831054406,-37.88433451019));
#3158 = ( GEOMETRIC_REPRESENTATION_CONTEXT(2) 
PARAMETRIC_REPRESENTATION_CONTEXT() REPRESENTATION_CONTEXT('2D SPACE',''
  ) );
#3159 = PCURVE('',#3160,#3165);
#3160 = PLANE('',#3161);
#3161 = AXIS2_PLACEMENT_3D('',#3162,#3163,#3164);
#3162 = CARTESIAN_POINT('',(-8.890387192823,-16.05,-8.890387192823));
#3163 = DIRECTION('',(0.,-1.,1.110223024625E-16));
#3164 = DIRECTION('',(1.,0.,0.));
#3165 = DEFINITIONAL_REPRESENTATION('',(#3166),#3169);
#3166 = B_SPLINE_CURVE_WITH_KNOTS('',1,(#3167,#3168),.UNSPECIFIED.,.F.,
  .F.,(2,2),(-5.480640358859E-02,29.829528106607),
  .PIECEWISE_BEZIER_KNOTS.);
#3167 = CARTESIAN_POINT('',(33.866290807281,-8.109612807177));
#3168 = CARTESIAN_POINT('',(33.866290807281,21.774721703019));
#3169 = ( GEOMETRIC_REPRESENTATION_CONTEXT(2) 
PARAMETRIC_REPRESENTATION_CONTEXT() REPRESENTATION_CONTEXT('2D SPACE',''
  ) );
#3170 = ORIENTED_EDGE('',*,*,#3171,.T.);
#3171 = EDGE_CURVE('',#3146,#3172,#3174,.T.);
#3172 = VERTEX_POINT('',#3173);
#3173 = CARTESIAN_POINT('',(19.538132452895,-18.23387906327,
    -9.196354471469));
#3174 = SURFACE_CURVE('',#3175,(#3179,#3185),.PCURVE_S1.);
#3175 = LINE('',#3176,#3177);
#3176 = CARTESIAN_POINT('',(37.666823116998,-10.95316297398,
    -17.72930232882));
#3177 = VECTOR('',#3178,1.);
#3178 = DIRECTION('',(-0.85038206209,-0.341524408807,0.40026419608));
#3179 = PCURVE('',#3046,#3180);
#3180 = DEFINITIONAL_REPRESENTATION('',(#3181),#3184);
#3181 = B_SPLINE_CURVE_WITH_KNOTS('',1,(#3182,#3183),.UNSPECIFIED.,.F.,
  .F.,(2,2),(14.923785517468,21.318289122348),.PIECEWISE_BEZIER_KNOTS.);
#3182 = CARTESIAN_POINT('',(6.439831054406,-13.24415468379));
#3183 = CARTESIAN_POINT('',(0.579909299935,-15.80364552853));
#3184 = ( GEOMETRIC_REPRESENTATION_CONTEXT(2) 
PARAMETRIC_REPRESENTATION_CONTEXT() REPRESENTATION_CONTEXT('2D SPACE',''
  ) );
#3185 = PCURVE('',#3186,#3191);
#3186 = PLANE('',#3187);
#3187 = AXIS2_PLACEMENT_3D('',#3188,#3189,#3190);
#3188 = CARTESIAN_POINT('',(54.287046084247,-16.05,-25.55223331622));
#3189 = DIRECTION('',(-0.42587055527,-1.004512141694E-16,-0.904784101404
    ));
#3190 = DIRECTION('',(-0.904784101404,4.728112959711E-17,0.42587055527)
  );
#3191 = DEFINITIONAL_REPRESENTATION('',(#3192),#3195);
#3192 = B_SPLINE_CURVE_WITH_KNOTS('',1,(#3193,#3194),.UNSPECIFIED.,.F.,
  .F.,(2,2),(14.923785517468,21.318289122348),.PIECEWISE_BEZIER_KNOTS.);
#3193 = CARTESIAN_POINT('',(32.395731118951,2.250080827107E-15));
#3194 = CARTESIAN_POINT('',(38.405751800264,-2.183879063273));
#3195 = ( GEOMETRIC_REPRESENTATION_CONTEXT(2) 
PARAMETRIC_REPRESENTATION_CONTEXT() REPRESENTATION_CONTEXT('2D SPACE',''
  ) );
#3196 = ORIENTED_EDGE('',*,*,#3197,.T.);
#3197 = EDGE_CURVE('',#3172,#3198,#3200,.T.);
#3198 = VERTEX_POINT('',#3199);
#3199 = CARTESIAN_POINT('',(19.538132452895,-18.23387906327,
    12.884334510196));
#3200 = SURFACE_CURVE('',#3201,(#3205,#3212),.PCURVE_S1.);
#3201 = LINE('',#3202,#3203);
#3202 = CARTESIAN_POINT('',(19.538132452895,-18.23387906327,-25.));
#3203 = VECTOR('',#3204,1.);
#3204 = DIRECTION('',(0.,0.,1.));
#3205 = PCURVE('',#3046,#3206);
#3206 = DEFINITIONAL_REPRESENTATION('',(#3207),#3211);
#3207 = LINE('',#3208,#3209);
#3208 = CARTESIAN_POINT('',(0.579909299935,0.));
#3209 = VECTOR('',#3210,1.);
#3210 = DIRECTION('',(0.,-1.));
#3211 = ( GEOMETRIC_REPRESENTATION_CONTEXT(2) 
PARAMETRIC_REPRESENTATION_CONTEXT() REPRESENTATION_CONTEXT('2D SPACE',''
  ) );
#3212 = PCURVE('',#3213,#3218);
#3213 = CYLINDRICAL_SURFACE('',#3214,3.);
#3214 = AXIS2_PLACEMENT_3D('',#3215,#3216,#3217);
#3215 = CARTESIAN_POINT('',(18.420090700065,-15.45,-25.));
#3216 = DIRECTION('',(0.,0.,1.));
#3217 = DIRECTION('',(0.,-1.,0.));
#3218 = DEFINITIONAL_REPRESENTATION('',(#3219),#3223);
#3219 = LINE('',#3220,#3221);
#3220 = CARTESIAN_POINT('',(0.381896037141,0.));
#3221 = VECTOR('',#3222,1.);
#3222 = DIRECTION('',(0.,1.));
#3223 = ( GEOMETRIC_REPRESENTATION_CONTEXT(2) 
PARAMETRIC_REPRESENTATION_CONTEXT() REPRESENTATION_CONTEXT('2D SPACE',''
  ) );
#3224 = ORIENTED_EDGE('',*,*,#3225,.T.);
#3225 = EDGE_CURVE('',#3198,#3031,#3226,.T.);
#3226 = SURFACE_CURVE('',#3227,(#3254,#3284),.PCURVE_S1.);
#3227 = B_SPLINE_CURVE_WITH_KNOTS('',7,(#3228,#3229,#3230,#3231,#3232,
    #3233,#3234,#3235,#3236,#3237,#3238,#3239,#3240,#3241,#3242,#3243,
    #3244,#3245,#3246,#3247,#3248,#3249,#3250,#3251,#3252,#3253),
  .UNSPECIFIED.,.F.,.F.,(8,6,6,6,8),(0.,6.346836563365E-02,
    0.221809552066,0.69553576857,1.),.UNSPECIFIED.);
#3228 = CARTESIAN_POINT('',(19.538132452895,-18.23387906327,
    12.884334510196));
#3229 = CARTESIAN_POINT('',(19.804728583171,-18.1268106174,
    12.848925503295));
#3230 = CARTESIAN_POINT('',(20.07126727433,-18.01976523982,
    12.813437629462));
#3231 = CARTESIAN_POINT('',(20.337754940727,-17.91274035445,
    12.777867052181));
#3232 = CARTESIAN_POINT('',(20.604198016544,-17.80573337722,
    12.742209946649));
#3233 = CARTESIAN_POINT('',(20.870602955791,-17.69874171614,
    12.706462499782));
#3234 = CARTESIAN_POINT('',(21.136976232304,-17.59176277122,
    12.670620910211));
#3235 = CARTESIAN_POINT('',(22.067810890096,-17.21792756188,
    12.545019294658));
#3236 = CARTESIAN_POINT('',(22.732140816649,-16.95112409137,
    12.454747711011));
#3237 = CARTESIAN_POINT('',(23.396413906962,-16.68434344704,
    12.363807708444));
#3238 = CARTESIAN_POINT('',(24.060734398598,-16.41754376572,
    12.272141497353));
#3239 = CARTESIAN_POINT('',(24.725197534959,-16.15068679644,
    12.179691367976));
#3240 = CARTESIAN_POINT('',(25.389908744188,-15.88373019789,
    12.086402059594));
#3241 = CARTESIAN_POINT('',(28.044674378867,-14.81754206397,
    11.710440849079));
#3242 = CARTESIAN_POINT('',(30.037382194589,-14.01724489281,
    11.420656164295));
#3243 = CARTESIAN_POINT('',(32.032054773077,-13.21615864758,
    11.121022906767));
#3244 = CARTESIAN_POINT('',(34.027671841971,-12.41469308282,
    10.809717940896));
#3245 = CARTESIAN_POINT('',(36.023212132837,-11.6132583531,
    10.484916777462));
#3246 = CARTESIAN_POINT('',(38.01764157822,-10.81226975326,
    10.144773478493));
#3247 = CARTESIAN_POINT('',(41.290328614927,-9.497916411102,
    9.557716692996));
#3248 = CARTESIAN_POINT('',(42.569855742778,-8.984041806529,
    9.32091661569));
#3249 = CARTESIAN_POINT('',(43.848200369731,-8.470642109576,
    9.076499719833));
#3250 = CARTESIAN_POINT('',(45.125071508505,-7.957834184488,
    8.823959240874));
#3251 = CARTESIAN_POINT('',(46.400168624336,-7.445738729904,
    8.562780456538));
#3252 = CARTESIAN_POINT('',(47.673180552247,-6.934480713695,
    8.292438883267));
#3253 = CARTESIAN_POINT('',(48.943784414318,-6.424189807798,
    8.012398472666));
#3254 = PCURVE('',#3046,#3255);
#3255 = DEFINITIONAL_REPRESENTATION('',(#3256),#3283);
#3256 = B_SPLINE_CURVE_WITH_KNOTS('',7,(#3257,#3258,#3259,#3260,#3261,
    #3262,#3263,#3264,#3265,#3266,#3267,#3268,#3269,#3270,#3271,#3272,
    #3273,#3274,#3275,#3276,#3277,#3278,#3279,#3280,#3281,#3282),
  .UNSPECIFIED.,.F.,.F.,(8,6,6,6,8),(0.,6.346836563365E-02,
    0.221809552066,0.69553576857,1.),.UNSPECIFIED.);
#3257 = CARTESIAN_POINT('',(0.579909299935,-37.88433451019));
#3258 = CARTESIAN_POINT('',(0.867202092707,-37.84892550329));
#3259 = CARTESIAN_POINT('',(1.15443298719,-37.81343762946));
#3260 = CARTESIAN_POINT('',(1.441608895705,-37.77786705218));
#3261 = CARTESIAN_POINT('',(1.728736751939,-37.74220994664));
#3262 = CARTESIAN_POINT('',(2.015823510945,-37.70646249978));
#3263 = CARTESIAN_POINT('',(2.302876149144,-37.67062091021));
#3264 = CARTESIAN_POINT('',(3.305974311782,-37.54501929465));
#3265 = CARTESIAN_POINT('',(4.021878176269,-37.45474771101));
#3266 = CARTESIAN_POINT('',(4.737720792146,-37.36380770844));
#3267 = CARTESIAN_POINT('',(5.453614489253,-37.27214149735));
#3268 = CARTESIAN_POINT('',(6.169661905028,-37.17969136797));
#3269 = CARTESIAN_POINT('',(6.885976652315,-37.08640205959));
#3270 = CARTESIAN_POINT('',(9.746839758443,-36.71044084907));
#3271 = CARTESIAN_POINT('',(11.894247498252,-36.42065616429));
#3272 = CARTESIAN_POINT('',(14.043772531293,-36.12102290676));
#3273 = CARTESIAN_POINT('',(16.194315378382,-35.80971794089));
#3274 = CARTESIAN_POINT('',(18.344775486933,-35.48491677746));
#3275 = CARTESIAN_POINT('',(20.494038511712,-35.14477347849));
#3276 = CARTESIAN_POINT('',(24.020794123926,-34.55771669299));
#3277 = CARTESIAN_POINT('',(25.399654805842,-34.32091661569));
#3278 = CARTESIAN_POINT('',(26.777241185743,-34.07649971983));
#3279 = CARTESIAN_POINT('',(28.15323968613,-33.82395924087));
#3280 = CARTESIAN_POINT('',(29.527326440817,-33.56278045653));
#3281 = CARTESIAN_POINT('',(30.89916612815,-33.29243888326));
#3282 = CARTESIAN_POINT('',(32.268410804222,-33.01239847266));
#3283 = ( GEOMETRIC_REPRESENTATION_CONTEXT(2) 
PARAMETRIC_REPRESENTATION_CONTEXT() REPRESENTATION_CONTEXT('2D SPACE',''
  ) );
#3284 = PCURVE('',#364,#3285);
#3285 = DEFINITIONAL_REPRESENTATION('',(#3286),#3313);
#3286 = B_SPLINE_CURVE_WITH_KNOTS('',7,(#3287,#3288,#3289,#3290,#3291,
    #3292,#3293,#3294,#3295,#3296,#3297,#3298,#3299,#3300,#3301,#3302,
    #3303,#3304,#3305,#3306,#3307,#3308,#3309,#3310,#3311,#3312),
  .UNSPECIFIED.,.F.,.F.,(8,6,6,6,8),(0.,6.346836563365E-02,
    0.221809552066,0.69553576857,1.),.UNSPECIFIED.);
#3287 = CARTESIAN_POINT('',(38.2977148967,-42.18387906327));
#3288 = CARTESIAN_POINT('',(38.570225409827,-42.0768106174));
#3289 = CARTESIAN_POINT('',(38.842799991751,-41.96976523982));
#3290 = CARTESIAN_POINT('',(39.115429784998,-41.86274035445));
#3291 = CARTESIAN_POINT('',(39.388105914437,-41.75573337722));
#3292 = CARTESIAN_POINT('',(39.66081948728,-41.64874171614));
#3293 = CARTESIAN_POINT('',(39.933561593085,-41.54176277122));
#3294 = CARTESIAN_POINT('',(40.886810542531,-41.16792756188));
#3295 = CARTESIAN_POINT('',(41.567419465004,-40.90112409137));
#3296 = CARTESIAN_POINT('',(42.2480132003,-40.63434344704));
#3297 = CARTESIAN_POINT('',(42.928448684431,-40.36754376572));
#3298 = CARTESIAN_POINT('',(43.608593961292,-40.10068679644));
#3299 = CARTESIAN_POINT('',(44.288303620751,-39.83373019789));
#3300 = CARTESIAN_POINT('',(46.999309001437,-38.76754206397));
#3301 = CARTESIAN_POINT('',(49.026164611351,-37.96724489281));
#3302 = CARTESIAN_POINT('',(51.049062089225,-37.16615864758));
#3303 = CARTESIAN_POINT('',(53.068994196527,-36.36469308282));
#3304 = CARTESIAN_POINT('',(55.086909614038,-35.5632583531));
#3305 = CARTESIAN_POINT('',(57.103725282417,-34.76226975326));
#3306 = CARTESIAN_POINT('',(60.416417882785,-33.4479164111));
#3307 = CARTESIAN_POINT('',(61.712409527177,-32.93404180652));
#3308 = CARTESIAN_POINT('',(63.008550158262,-32.42064210957));
#3309 = CARTESIAN_POINT('',(64.305068378938,-31.90783418448));
#3310 = CARTESIAN_POINT('',(65.602185972375,-31.3957387299));
#3311 = CARTESIAN_POINT('',(66.900118961733,-30.88448071369));
#3312 = CARTESIAN_POINT('',(68.199078669864,-30.37418980779));
#3313 = ( GEOMETRIC_REPRESENTATION_CONTEXT(2) 
PARAMETRIC_REPRESENTATION_CONTEXT() REPRESENTATION_CONTEXT('2D SPACE',''
  ) );
#3314 = ORIENTED_EDGE('',*,*,#3028,.F.);
#3315 = ADVANCED_FACE('',(#3316),#3160,.T.);
#3316 = FACE_BOUND('',#3317,.T.);
#3317 = EDGE_LOOP('',(#3318,#3341,#3342));
#3318 = ORIENTED_EDGE('',*,*,#3319,.T.);
#3319 = EDGE_CURVE('',#3320,#3146,#3322,.T.);
#3320 = VERTEX_POINT('',#3321);
#3321 = CARTESIAN_POINT('',(36.11738246168,-16.05,-17.));
#3322 = SURFACE_CURVE('',#3323,(#3327,#3334),.PCURVE_S1.);
#3323 = LINE('',#3324,#3325);
#3324 = CARTESIAN_POINT('',(54.287046084247,-16.05,-25.55223331622));
#3325 = VECTOR('',#3326,1.);
#3326 = DIRECTION('',(-0.904784101404,4.728112959711E-17,0.42587055527)
  );
#3327 = PCURVE('',#3160,#3328);
#3328 = DEFINITIONAL_REPRESENTATION('',(#3329),#3333);
#3329 = LINE('',#3330,#3331);
#3330 = CARTESIAN_POINT('',(63.17743327707,-16.6618461234));
#3331 = VECTOR('',#3332,1.);
#3332 = DIRECTION('',(-0.904784101404,0.42587055527));
#3333 = ( GEOMETRIC_REPRESENTATION_CONTEXT(2) 
PARAMETRIC_REPRESENTATION_CONTEXT() REPRESENTATION_CONTEXT('2D SPACE',''
  ) );
#3334 = PCURVE('',#3186,#3335);
#3335 = DEFINITIONAL_REPRESENTATION('',(#3336),#3340);
#3336 = LINE('',#3337,#3338);
#3337 = CARTESIAN_POINT('',(0.,0.));
#3338 = VECTOR('',#3339,1.);
#3339 = DIRECTION('',(1.,0.));
#3340 = ( GEOMETRIC_REPRESENTATION_CONTEXT(2) 
PARAMETRIC_REPRESENTATION_CONTEXT() REPRESENTATION_CONTEXT('2D SPACE',''
  ) );
#3341 = ORIENTED_EDGE('',*,*,#3145,.F.);
#3342 = ORIENTED_EDGE('',*,*,#3343,.F.);
#3343 = EDGE_CURVE('',#3320,#3125,#3344,.T.);
#3344 = SURFACE_CURVE('',#3345,(#3349,#3355),.PCURVE_S1.);
#3345 = LINE('',#3346,#3347);
#3346 = CARTESIAN_POINT('',(53.554806403589,-16.05,-17.));
#3347 = VECTOR('',#3348,1.);
#3348 = DIRECTION('',(-1.,-0.,0.));
#3349 = PCURVE('',#3160,#3350);
#3350 = DEFINITIONAL_REPRESENTATION('',(#3351),#3354);
#3351 = B_SPLINE_CURVE_WITH_KNOTS('',1,(#3352,#3353),.UNSPECIFIED.,.F.,
  .F.,(2,2),(-0.732239680658,68.054806403589),.PIECEWISE_BEZIER_KNOTS.);
#3352 = CARTESIAN_POINT('',(63.17743327707,-8.109612807177));
#3353 = CARTESIAN_POINT('',(-5.609612807177,-8.109612807177));
#3354 = ( GEOMETRIC_REPRESENTATION_CONTEXT(2) 
PARAMETRIC_REPRESENTATION_CONTEXT() REPRESENTATION_CONTEXT('2D SPACE',''
  ) );
#3355 = PCURVE('',#2453,#3356);
#3356 = DEFINITIONAL_REPRESENTATION('',(#3357),#3360);
#3357 = B_SPLINE_CURVE_WITH_KNOTS('',1,(#3358,#3359),.UNSPECIFIED.,.F.,
  .F.,(2,2),(-0.732239680658,68.054806403589),.PIECEWISE_BEZIER_KNOTS.);
#3358 = CARTESIAN_POINT('',(61.712953915753,-40.));
#3359 = CARTESIAN_POINT('',(130.5,-40.));
#3360 = ( GEOMETRIC_REPRESENTATION_CONTEXT(2) 
PARAMETRIC_REPRESENTATION_CONTEXT() REPRESENTATION_CONTEXT('2D SPACE',''
  ) );
#3361 = ADVANCED_FACE('',(#3362),#3186,.T.);
#3362 = FACE_BOUND('',#3363,.T.);
#3363 = EDGE_LOOP('',(#3364,#3365,#3386,#3434,#3460,#3488,#3514,#3540,
    #3566,#3592,#3618,#3643));
#3364 = ORIENTED_EDGE('',*,*,#3319,.F.);
#3365 = ORIENTED_EDGE('',*,*,#3366,.F.);
#3366 = EDGE_CURVE('',#3367,#3320,#3369,.T.);
#3367 = VERTEX_POINT('',#3368);
#3368 = CARTESIAN_POINT('',(36.11738246168,-20.29678459494,-17.));
#3369 = SURFACE_CURVE('',#3370,(#3374,#3380),.PCURVE_S1.);
#3370 = LINE('',#3371,#3372);
#3371 = CARTESIAN_POINT('',(36.11738246168,3.95,-17.));
#3372 = VECTOR('',#3373,1.);
#3373 = DIRECTION('',(0.,1.,-1.110223024625E-16));
#3374 = PCURVE('',#3186,#3375);
#3375 = DEFINITIONAL_REPRESENTATION('',(#3376),#3379);
#3376 = B_SPLINE_CURVE_WITH_KNOTS('',1,(#3377,#3378),.UNSPECIFIED.,.F.,
  .F.,(2,2),(-27.9,-20.),.PIECEWISE_BEZIER_KNOTS.);
#3377 = CARTESIAN_POINT('',(20.081767124743,-7.9));
#3378 = CARTESIAN_POINT('',(20.081767124743,0.));
#3379 = ( GEOMETRIC_REPRESENTATION_CONTEXT(2) 
PARAMETRIC_REPRESENTATION_CONTEXT() REPRESENTATION_CONTEXT('2D SPACE',''
  ) );
#3380 = PCURVE('',#2453,#3381);
#3381 = DEFINITIONAL_REPRESENTATION('',(#3382),#3385);
#3382 = B_SPLINE_CURVE_WITH_KNOTS('',1,(#3383,#3384),.UNSPECIFIED.,.F.,
  .F.,(2,2),(-27.9,-20.),.PIECEWISE_BEZIER_KNOTS.);
#3383 = CARTESIAN_POINT('',(79.88261753832,-47.9));
#3384 = CARTESIAN_POINT('',(79.88261753832,-40.));
#3385 = ( GEOMETRIC_REPRESENTATION_CONTEXT(2) 
PARAMETRIC_REPRESENTATION_CONTEXT() REPRESENTATION_CONTEXT('2D SPACE',''
  ) );
#3386 = ORIENTED_EDGE('',*,*,#3387,.T.);
#3387 = EDGE_CURVE('',#3367,#3388,#3390,.T.);
#3388 = VERTEX_POINT('',#3389);
#3389 = CARTESIAN_POINT('',(19.,-23.95,-8.943062259362));
#3390 = SURFACE_CURVE('',#3391,(#3399,#3410),.PCURVE_S1.);
#3391 = B_SPLINE_CURVE_WITH_KNOTS('',6,(#3392,#3393,#3394,#3395,#3396,
    #3397,#3398),.UNSPECIFIED.,.F.,.F.,(7,7),(0.,1.),
  .PIECEWISE_BEZIER_KNOTS.);
#3392 = CARTESIAN_POINT('',(36.117383736411,-20.29678426107,-17.0000006)
  );
#3393 = CARTESIAN_POINT('',(33.287937201522,-21.03600110859,
    -15.66821551994));
#3394 = CARTESIAN_POINT('',(30.45073407014,-21.7385720661,
    -14.33277950697));
#3395 = CARTESIAN_POINT('',(27.604186259345,-22.39292235214,
    -12.99294507033));
#3396 = CARTESIAN_POINT('',(24.747193538941,-22.98738567708,
    -11.64819434543));
#3397 = CARTESIAN_POINT('',(21.879151769149,-23.51023358965,
    -10.29824297123));
#3398 = CARTESIAN_POINT('',(19.,-23.95,-8.943062259362));
#3399 = PCURVE('',#3186,#3400);
#3400 = DEFINITIONAL_REPRESENTATION('',(#3401),#3409);
#3401 = B_SPLINE_CURVE_WITH_KNOTS('',6,(#3402,#3403,#3404,#3405,#3406,
    #3407,#3408),.UNSPECIFIED.,.F.,.F.,(7,7),(0.,1.),
  .PIECEWISE_BEZIER_KNOTS.);
#3402 = CARTESIAN_POINT('',(20.081765715864,-4.246784261077));
#3403 = CARTESIAN_POINT('',(23.208972007948,-4.986001108591));
#3404 = CARTESIAN_POINT('',(26.344751170048,-5.688572066102));
#3405 = CARTESIAN_POINT('',(29.490858408645,-6.342922352141));
#3406 = CARTESIAN_POINT('',(32.648509737807,-6.937385677089));
#3407 = CARTESIAN_POINT('',(35.818372874595,-7.46023358965));
#3408 = CARTESIAN_POINT('',(39.000515183109,-7.9));
#3409 = ( GEOMETRIC_REPRESENTATION_CONTEXT(2) 
PARAMETRIC_REPRESENTATION_CONTEXT() REPRESENTATION_CONTEXT('2D SPACE',''
  ) );
#3410 = PCURVE('',#3411,#3424);
#3411 = SURFACE_OF_LINEAR_EXTRUSION('',#3412,#3422);
#3412 = B_SPLINE_CURVE_WITH_KNOTS('',3,(#3413,#3414,#3415,#3416,#3417,
    #3418,#3419,#3420,#3421),.UNSPECIFIED.,.F.,.F.,(4,1,1,1,1,1,4),(0.,
    23.591576886677,47.336260502173,71.44621695174,91.502388071871,
    101.35124587366,106.45026538726),.UNSPECIFIED.);
#3413 = CARTESIAN_POINT('',(19.,-23.95,-20.));
#3414 = CARTESIAN_POINT('',(26.776467914441,-22.76220940952,-20.));
#3415 = CARTESIAN_POINT('',(42.119222411164,-18.86753016831,-20.));
#3416 = CARTESIAN_POINT('',(64.853647963417,-11.89460116045,-20.));
#3417 = CARTESIAN_POINT('',(87.976646104408,-10.28002386923,-20.));
#3418 = CARTESIAN_POINT('',(104.90342489931,-10.29414935143,-20.));
#3419 = CARTESIAN_POINT('',(118.20933796476,-6.928521426885,-20.));
#3420 = CARTESIAN_POINT('',(119.25015575846,-2.100943677804,-20.));
#3421 = CARTESIAN_POINT('',(119.,0.,-20.));
#3422 = VECTOR('',#3423,1.);
#3423 = DIRECTION('',(-0.,-0.,-1.));
#3424 = DEFINITIONAL_REPRESENTATION('',(#3425),#3433);
#3425 = B_SPLINE_CURVE_WITH_KNOTS('',6,(#3426,#3427,#3428,#3429,#3430,
    #3431,#3432),.UNSPECIFIED.,.F.,.F.,(7,7),(0.,1.),
  .PIECEWISE_BEZIER_KNOTS.);
#3426 = CARTESIAN_POINT('',(17.501739465858,-2.9999994));
#3427 = CARTESIAN_POINT('',(14.58056171329,-4.331784480055));
#3428 = CARTESIAN_POINT('',(11.661082078099,-5.667220493024));
#3429 = CARTESIAN_POINT('',(8.742916403036,-7.007054929665));
#3430 = CARTESIAN_POINT('',(5.826185324119,-8.351805654567));
#3431 = CARTESIAN_POINT('',(2.91150734402,-9.701757028762));
#3432 = CARTESIAN_POINT('',(0.,-11.05693774063));
#3433 = ( GEOMETRIC_REPRESENTATION_CONTEXT(2) 
PARAMETRIC_REPRESENTATION_CONTEXT() REPRESENTATION_CONTEXT('2D SPACE',''
  ) );
#3434 = ORIENTED_EDGE('',*,*,#3435,.T.);
#3435 = EDGE_CURVE('',#3388,#3436,#3438,.T.);
#3436 = VERTEX_POINT('',#3437);
#3437 = CARTESIAN_POINT('',(9.093080219111,-23.95,-4.279999080468));
#3438 = SURFACE_CURVE('',#3439,(#3443,#3449),.PCURVE_S1.);
#3439 = LINE('',#3440,#3441);
#3440 = CARTESIAN_POINT('',(47.720719421135,-23.95,-22.46154551814));
#3441 = VECTOR('',#3442,1.);
#3442 = DIRECTION('',(-0.904784101404,4.728112959711E-17,0.42587055527)
  );
#3443 = PCURVE('',#3186,#3444);
#3444 = DEFINITIONAL_REPRESENTATION('',(#3445),#3448);
#3445 = B_SPLINE_CURVE_WITH_KNOTS('',1,(#3446,#3447),.UNSPECIFIED.,.F.,
  .F.,(2,2),(31.743174284964,42.692659101855),.PIECEWISE_BEZIER_KNOTS.);
#3446 = CARTESIAN_POINT('',(39.000515183109,-7.9));
#3447 = CARTESIAN_POINT('',(49.95,-7.9));
#3448 = ( GEOMETRIC_REPRESENTATION_CONTEXT(2) 
PARAMETRIC_REPRESENTATION_CONTEXT() REPRESENTATION_CONTEXT('2D SPACE',''
  ) );
#3449 = PCURVE('',#3450,#3455);
#3450 = PLANE('',#3451);
#3451 = AXIS2_PLACEMENT_3D('',#3452,#3453,#3454);
#3452 = CARTESIAN_POINT('',(47.664806985459,-23.95,-5.539144741464));
#3453 = DIRECTION('',(-0.,1.,-1.110223024625E-16));
#3454 = DIRECTION('',(-1.,0.,0.));
#3455 = DEFINITIONAL_REPRESENTATION('',(#3456),#3459);
#3456 = B_SPLINE_CURVE_WITH_KNOTS('',1,(#3457,#3458),.UNSPECIFIED.,.F.,
  .F.,(2,2),(31.743174284964,42.692659101855),.PIECEWISE_BEZIER_KNOTS.);
#3457 = CARTESIAN_POINT('',(28.664806985459,-3.403917517899));
#3458 = CARTESIAN_POINT('',(38.571726766347,1.259145660996));
#3459 = ( GEOMETRIC_REPRESENTATION_CONTEXT(2) 
PARAMETRIC_REPRESENTATION_CONTEXT() REPRESENTATION_CONTEXT('2D SPACE',''
  ) );
#3460 = ORIENTED_EDGE('',*,*,#3461,.F.);
#3461 = EDGE_CURVE('',#3462,#3436,#3464,.T.);
#3462 = VERTEX_POINT('',#3463);
#3463 = CARTESIAN_POINT('',(9.093080219111,-18.45,-4.279999080468));
#3464 = SURFACE_CURVE('',#3465,(#3469,#3476),.PCURVE_S1.);
#3465 = LINE('',#3466,#3467);
#3466 = CARTESIAN_POINT('',(9.093080219111,-16.05,-4.279999080468));
#3467 = VECTOR('',#3468,1.);
#3468 = DIRECTION('',(0.,-1.,1.110223024625E-16));
#3469 = PCURVE('',#3186,#3470);
#3470 = DEFINITIONAL_REPRESENTATION('',(#3471),#3475);
#3471 = LINE('',#3472,#3473);
#3472 = CARTESIAN_POINT('',(49.95,1.191021255425E-15));
#3473 = VECTOR('',#3474,1.);
#3474 = DIRECTION('',(0.,-1.));
#3475 = ( GEOMETRIC_REPRESENTATION_CONTEXT(2) 
PARAMETRIC_REPRESENTATION_CONTEXT() REPRESENTATION_CONTEXT('2D SPACE',''
  ) );
#3476 = PCURVE('',#3477,#3482);
#3477 = CYLINDRICAL_SURFACE('',#3478,10.05);
#3478 = AXIS2_PLACEMENT_3D('',#3479,#3480,#3481);
#3479 = CARTESIAN_POINT('',(-5.834698879568E-16,-16.05,
    5.361837518247E-17));
#3480 = DIRECTION('',(0.,1.,-1.110223024625E-16));
#3481 = DIRECTION('',(0.904784101404,-4.728112959711E-17,-0.42587055527)
  );
#3482 = DEFINITIONAL_REPRESENTATION('',(#3483),#3487);
#3483 = LINE('',#3484,#3485);
#3484 = CARTESIAN_POINT('',(0.,0.));
#3485 = VECTOR('',#3486,1.);
#3486 = DIRECTION('',(0.,-1.));
#3487 = ( GEOMETRIC_REPRESENTATION_CONTEXT(2) 
PARAMETRIC_REPRESENTATION_CONTEXT() REPRESENTATION_CONTEXT('2D SPACE',''
  ) );
#3488 = ORIENTED_EDGE('',*,*,#3489,.F.);
#3489 = EDGE_CURVE('',#3490,#3462,#3492,.T.);
#3490 = VERTEX_POINT('',#3491);
#3491 = CARTESIAN_POINT('',(9.681189885024,-18.45,-4.556814941394));
#3492 = SURFACE_CURVE('',#3493,(#3497,#3503),.PCURVE_S1.);
#3493 = LINE('',#3494,#3495);
#3494 = CARTESIAN_POINT('',(23.773691686397,-18.45,-11.18997920454));
#3495 = VECTOR('',#3496,1.);
#3496 = DIRECTION('',(-0.904784101404,0.,0.42587055527));
#3497 = PCURVE('',#3186,#3498);
#3498 = DEFINITIONAL_REPRESENTATION('',(#3499),#3502);
#3499 = B_SPLINE_CURVE_WITH_KNOTS('',1,(#3500,#3501),.UNSPECIFIED.,.F.,
  .F.,(2,2),(14.449515266801,16.225540926839),.PIECEWISE_BEZIER_KNOTS.);
#3500 = CARTESIAN_POINT('',(48.173974339961,-2.4));
#3501 = CARTESIAN_POINT('',(49.95,-2.4));
#3502 = ( GEOMETRIC_REPRESENTATION_CONTEXT(2) 
PARAMETRIC_REPRESENTATION_CONTEXT() REPRESENTATION_CONTEXT('2D SPACE',''
  ) );
#3503 = PCURVE('',#3504,#3509);
#3504 = PLANE('',#3505);
#3505 = AXIS2_PLACEMENT_3D('',#3506,#3507,#3508);
#3506 = CARTESIAN_POINT('',(-20.,-18.45,-25.));
#3507 = DIRECTION('',(0.,1.,0.));
#3508 = DIRECTION('',(1.,0.,0.));
#3509 = DEFINITIONAL_REPRESENTATION('',(#3510),#3513);
#3510 = B_SPLINE_CURVE_WITH_KNOTS('',1,(#3511,#3512),.UNSPECIFIED.,.F.,
  .F.,(2,2),(14.449515266801,16.225540926839),.PIECEWISE_BEZIER_KNOTS.);
#3511 = CARTESIAN_POINT('',(30.7,-19.96364388551));
#3512 = CARTESIAN_POINT('',(29.093080219111,-20.72000091953));
#3513 = ( GEOMETRIC_REPRESENTATION_CONTEXT(2) 
PARAMETRIC_REPRESENTATION_CONTEXT() REPRESENTATION_CONTEXT('2D SPACE',''
  ) );
#3514 = ORIENTED_EDGE('',*,*,#3515,.T.);
#3515 = EDGE_CURVE('',#3490,#3516,#3518,.T.);
#3516 = VERTEX_POINT('',#3517);
#3517 = CARTESIAN_POINT('',(9.681189885024,-20.65,-4.556814941394));
#3518 = SURFACE_CURVE('',#3519,(#3523,#3529),.PCURVE_S1.);
#3519 = LINE('',#3520,#3521);
#3520 = CARTESIAN_POINT('',(9.681189885024,-18.44,-4.556814941394));
#3521 = VECTOR('',#3522,1.);
#3522 = DIRECTION('',(0.,-1.,0.));
#3523 = PCURVE('',#3186,#3524);
#3524 = DEFINITIONAL_REPRESENTATION('',(#3525),#3528);
#3525 = B_SPLINE_CURVE_WITH_KNOTS('',1,(#3526,#3527),.UNSPECIFIED.,.F.,
  .F.,(2,2),(9.999400000002E-03,2.2100006),.PIECEWISE_BEZIER_KNOTS.);
#3526 = CARTESIAN_POINT('',(49.3,-2.3999994));
#3527 = CARTESIAN_POINT('',(49.3,-4.6000006));
#3528 = ( GEOMETRIC_REPRESENTATION_CONTEXT(2) 
PARAMETRIC_REPRESENTATION_CONTEXT() REPRESENTATION_CONTEXT('2D SPACE',''
  ) );
#3529 = PCURVE('',#3530,#3535);
#3530 = CYLINDRICAL_SURFACE('',#3531,10.7);
#3531 = AXIS2_PLACEMENT_3D('',#3532,#3533,#3534);
#3532 = CARTESIAN_POINT('',(0.,-18.44,0.));
#3533 = DIRECTION('',(0.,-1.,0.));
#3534 = DIRECTION('',(0.,-0.,-1.));
#3535 = DEFINITIONAL_REPRESENTATION('',(#3536),#3539);
#3536 = B_SPLINE_CURVE_WITH_KNOTS('',1,(#3537,#3538),.UNSPECIFIED.,.F.,
  .F.,(2,2),(9.999400000002E-03,2.2100006),.PIECEWISE_BEZIER_KNOTS.);
#3537 = CARTESIAN_POINT('',(1.13087248975,9.999400000002E-03));
#3538 = CARTESIAN_POINT('',(1.13087248975,2.2100006));
#3539 = ( GEOMETRIC_REPRESENTATION_CONTEXT(2) 
PARAMETRIC_REPRESENTATION_CONTEXT() REPRESENTATION_CONTEXT('2D SPACE',''
  ) );
#3540 = ORIENTED_EDGE('',*,*,#3541,.T.);
#3541 = EDGE_CURVE('',#3516,#3542,#3544,.T.);
#3542 = VERTEX_POINT('',#3543);
#3543 = CARTESIAN_POINT('',(22.167210484401,-20.65,-10.43382860412));
#3544 = SURFACE_CURVE('',#3545,(#3549,#3555),.PCURVE_S1.);
#3545 = LINE('',#3546,#3547);
#3546 = CARTESIAN_POINT('',(27.143523042124,-20.65,-12.77611665811));
#3547 = VECTOR('',#3548,1.);
#3548 = DIRECTION('',(0.904784101404,0.,-0.42587055527));
#3549 = PCURVE('',#3186,#3550);
#3550 = DEFINITIONAL_REPRESENTATION('',(#3551),#3554);
#3551 = B_SPLINE_CURVE_WITH_KNOTS('',1,(#3552,#3553),.UNSPECIFIED.,.F.,
  .F.,(2,2),(-19.95,-2.921716946641),.PIECEWISE_BEZIER_KNOTS.);
#3552 = CARTESIAN_POINT('',(49.95,-4.6));
#3553 = CARTESIAN_POINT('',(32.921716946641,-4.6));
#3554 = ( GEOMETRIC_REPRESENTATION_CONTEXT(2) 
PARAMETRIC_REPRESENTATION_CONTEXT() REPRESENTATION_CONTEXT('2D SPACE',''
  ) );
#3555 = PCURVE('',#3556,#3561);
#3556 = PLANE('',#3557);
#3557 = AXIS2_PLACEMENT_3D('',#3558,#3559,#3560);
#3558 = CARTESIAN_POINT('',(0.,-20.65,0.));
#3559 = DIRECTION('',(0.,-1.,0.));
#3560 = DIRECTION('',(0.,-0.,-1.));
#3561 = DEFINITIONAL_REPRESENTATION('',(#3562),#3565);
#3562 = B_SPLINE_CURVE_WITH_KNOTS('',1,(#3563,#3564),.UNSPECIFIED.,.F.,
  .F.,(2,2),(-19.95,-2.921716946641),.PIECEWISE_BEZIER_KNOTS.);
#3563 = CARTESIAN_POINT('',(4.279999080468,9.093080219111));
#3564 = CARTESIAN_POINT('',(11.531843439704,24.5));
#3565 = ( GEOMETRIC_REPRESENTATION_CONTEXT(2) 
PARAMETRIC_REPRESENTATION_CONTEXT() REPRESENTATION_CONTEXT('2D SPACE',''
  ) );
#3566 = ORIENTED_EDGE('',*,*,#3567,.F.);
#3567 = EDGE_CURVE('',#3568,#3542,#3570,.T.);
#3568 = VERTEX_POINT('',#3569);
#3569 = CARTESIAN_POINT('',(22.167210484401,-18.44,-10.43382860412));
#3570 = SURFACE_CURVE('',#3571,(#3575,#3581),.PCURVE_S1.);
#3571 = LINE('',#3572,#3573);
#3572 = CARTESIAN_POINT('',(22.167210484401,-18.44,-10.43382860412));
#3573 = VECTOR('',#3574,1.);
#3574 = DIRECTION('',(0.,-1.,0.));
#3575 = PCURVE('',#3186,#3576);
#3576 = DEFINITIONAL_REPRESENTATION('',(#3577),#3580);
#3577 = B_SPLINE_CURVE_WITH_KNOTS('',1,(#3578,#3579),.UNSPECIFIED.,.F.,
  .F.,(2,2),(-6.000000034589E-07,2.2100006),.PIECEWISE_BEZIER_KNOTS.);
#3578 = CARTESIAN_POINT('',(35.5,-2.3899994));
#3579 = CARTESIAN_POINT('',(35.5,-4.6000006));
#3580 = ( GEOMETRIC_REPRESENTATION_CONTEXT(2) 
PARAMETRIC_REPRESENTATION_CONTEXT() REPRESENTATION_CONTEXT('2D SPACE',''
  ) );
#3581 = PCURVE('',#3582,#3587);
#3582 = CYLINDRICAL_SURFACE('',#3583,24.5);
#3583 = AXIS2_PLACEMENT_3D('',#3584,#3585,#3586);
#3584 = CARTESIAN_POINT('',(0.,-18.44,0.));
#3585 = DIRECTION('',(0.,-1.,0.));
#3586 = DIRECTION('',(0.,-0.,-1.));
#3587 = DEFINITIONAL_REPRESENTATION('',(#3588),#3591);
#3588 = B_SPLINE_CURVE_WITH_KNOTS('',1,(#3589,#3590),.UNSPECIFIED.,.F.,
  .F.,(2,2),(-6.000000034589E-07,2.2100006),.PIECEWISE_BEZIER_KNOTS.);
#3589 = CARTESIAN_POINT('',(1.13087248975,-6.000000034589E-07));
#3590 = CARTESIAN_POINT('',(1.13087248975,2.2100006));
#3591 = ( GEOMETRIC_REPRESENTATION_CONTEXT(2) 
PARAMETRIC_REPRESENTATION_CONTEXT() REPRESENTATION_CONTEXT('2D SPACE',''
  ) );
#3592 = ORIENTED_EDGE('',*,*,#3593,.F.);
#3593 = EDGE_CURVE('',#3594,#3568,#3596,.T.);
#3594 = VERTEX_POINT('',#3595);
#3595 = CARTESIAN_POINT('',(18.664835465075,-18.44,-8.785304506575));
#3596 = SURFACE_CURVE('',#3597,(#3601,#3607),.PCURVE_S1.);
#3597 = LINE('',#3598,#3599);
#3598 = CARTESIAN_POINT('',(27.143523042124,-18.44,-12.77611665811));
#3599 = VECTOR('',#3600,1.);
#3600 = DIRECTION('',(0.904784101404,0.,-0.42587055527));
#3601 = PCURVE('',#3186,#3602);
#3602 = DEFINITIONAL_REPRESENTATION('',(#3603),#3606);
#3603 = B_SPLINE_CURVE_WITH_KNOTS('',1,(#3604,#3605),.UNSPECIFIED.,.F.,
  .F.,(2,2),(-9.370952004481,-2.921716946641),.PIECEWISE_BEZIER_KNOTS.);
#3604 = CARTESIAN_POINT('',(39.370952004481,-2.39));
#3605 = CARTESIAN_POINT('',(32.921716946641,-2.39));
#3606 = ( GEOMETRIC_REPRESENTATION_CONTEXT(2) 
PARAMETRIC_REPRESENTATION_CONTEXT() REPRESENTATION_CONTEXT('2D SPACE',''
  ) );
#3607 = PCURVE('',#3608,#3613);
#3608 = PLANE('',#3609);
#3609 = AXIS2_PLACEMENT_3D('',#3610,#3611,#3612);
#3610 = CARTESIAN_POINT('',(0.,-18.44,0.));
#3611 = DIRECTION('',(0.,-1.,0.));
#3612 = DIRECTION('',(0.,-0.,-1.));
#3613 = DEFINITIONAL_REPRESENTATION('',(#3614),#3617);
#3614 = B_SPLINE_CURVE_WITH_KNOTS('',1,(#3615,#3616),.UNSPECIFIED.,.F.,
  .F.,(2,2),(-9.370952004481,-2.921716946641),.PIECEWISE_BEZIER_KNOTS.);
#3615 = CARTESIAN_POINT('',(8.785304124552,18.664834653448));
#3616 = CARTESIAN_POINT('',(11.531843439704,24.5));
#3617 = ( GEOMETRIC_REPRESENTATION_CONTEXT(2) 
PARAMETRIC_REPRESENTATION_CONTEXT() REPRESENTATION_CONTEXT('2D SPACE',''
  ) );
#3618 = ORIENTED_EDGE('',*,*,#3619,.F.);
#3619 = EDGE_CURVE('',#3172,#3594,#3620,.T.);
#3620 = SURFACE_CURVE('',#3621,(#3626,#3633),.PCURVE_S1.);
#3621 = ELLIPSE('',#3622,3.315708128983,3.);
#3622 = AXIS2_PLACEMENT_3D('',#3623,#3624,#3625);
#3623 = CARTESIAN_POINT('',(18.420090700065,-15.45,-8.670106208094));
#3624 = DIRECTION('',(-0.42587055527,-1.004512141694E-16,-0.904784101404
    ));
#3625 = DIRECTION('',(-0.904784101404,-2.134138188762E-16,0.42587055527)
  );
#3626 = PCURVE('',#3186,#3627);
#3627 = DEFINITIONAL_REPRESENTATION('',(#3628),#3632);
#3628 = ELLIPSE('',#3629,3.315708128983,3.);
#3629 = AXIS2_PLACEMENT_2D('',#3630,#3631);
#3630 = CARTESIAN_POINT('',(39.641451843065,0.6));
#3631 = DIRECTION('',(1.,-2.606949484733E-16));
#3632 = ( GEOMETRIC_REPRESENTATION_CONTEXT(2) 
PARAMETRIC_REPRESENTATION_CONTEXT() REPRESENTATION_CONTEXT('2D SPACE',''
  ) );
#3633 = PCURVE('',#3213,#3634);
#3634 = DEFINITIONAL_REPRESENTATION('',(#3635),#3642);
#3635 = B_SPLINE_CURVE_WITH_KNOTS('',5,(#3636,#3637,#3638,#3639,#3640,
    #3641),.UNSPECIFIED.,.F.,.F.,(6,6),(4.330492943244,4.712388980385),
  .PIECEWISE_BEZIER_KNOTS.);
#3636 = CARTESIAN_POINT('',(0.381896037141,15.803645528531));
#3637 = CARTESIAN_POINT('',(0.305516829712,15.903728033212));
#3638 = CARTESIAN_POINT('',(0.229137622284,16.007648032795));
#3639 = CARTESIAN_POINT('',(0.152758414856,16.114189346109));
#3640 = CARTESIAN_POINT('',(7.637920742811E-02,16.222041580219));
#3641 = CARTESIAN_POINT('',(0.,16.329893791906));
#3642 = ( GEOMETRIC_REPRESENTATION_CONTEXT(2) 
PARAMETRIC_REPRESENTATION_CONTEXT() REPRESENTATION_CONTEXT('2D SPACE',''
  ) );
#3643 = ORIENTED_EDGE('',*,*,#3171,.F.);
#3644 = ADVANCED_FACE('',(#3645),#3411,.F.);
#3645 = FACE_BOUND('',#3646,.F.);
#3646 = EDGE_LOOP('',(#3647,#3883,#4261,#4262,#4285,#5124));
#3647 = ORIENTED_EDGE('',*,*,#3648,.T.);
#3648 = EDGE_CURVE('',#3649,#3651,#3653,.T.);
#3649 = VERTEX_POINT('',#3650);
#3650 = CARTESIAN_POINT('',(119.,0.,-13.44219885215));
#3651 = VERTEX_POINT('',#3652);
#3652 = CARTESIAN_POINT('',(116.,-6.786828433859,-17.));
#3653 = SURFACE_CURVE('',#3654,(#3723,#3795),.PCURVE_S1.);
#3654 = B_SPLINE_CURVE_WITH_KNOTS('',7,(#3655,#3656,#3657,#3658,#3659,
    #3660,#3661,#3662,#3663,#3664,#3665,#3666,#3667,#3668,#3669,#3670,
    #3671,#3672,#3673,#3674,#3675,#3676,#3677,#3678,#3679,#3680,#3681,
    #3682,#3683,#3684,#3685,#3686,#3687,#3688,#3689,#3690,#3691,#3692,
    #3693,#3694,#3695,#3696,#3697,#3698,#3699,#3700,#3701,#3702,#3703,
    #3704,#3705,#3706,#3707,#3708,#3709,#3710,#3711,#3712,#3713,#3714,
    #3715,#3716,#3717,#3718,#3719,#3720,#3721,#3722),.UNSPECIFIED.,.F.,
  .F.,(8,6,6,6,6,6,6,6,6,6,6,8),(0.,7.506991601222E-02,0.104902186348,
    0.133357881022,0.151960660797,0.171287211092,0.210827852058,
    0.252469677618,0.358035267966,0.501322713036,0.658820899639,1.),
  .UNSPECIFIED.);
#3655 = CARTESIAN_POINT('',(119.,0.,-13.44219885215));
#3656 = CARTESIAN_POINT('',(119.01071169273,-8.99626027292E-02,
    -13.39729034192));
#3657 = CARTESIAN_POINT('',(119.02062462715,-0.179817246092,
    -13.35244067122));
#3658 = CARTESIAN_POINT('',(119.02972883355,-0.269612219402,
    -13.30771458202));
#3659 = CARTESIAN_POINT('',(119.03801296722,-0.359396115455,
    -13.26319221876));
#3660 = CARTESIAN_POINT('',(119.04546334734,-0.449270382668,
    -13.21905711124));
#3661 = CARTESIAN_POINT('',(119.05206691114,-0.539338322926,
    -13.17550978575));
#3662 = CARTESIAN_POINT('',(119.06008469642,-0.666024065833,
    -13.11645337177));
#3663 = CARTESIAN_POINT('',(119.06222772443,-0.702139286782,
    -13.09986447673));
#3664 = CARTESIAN_POINT('',(119.06423278532,-0.738371254106,
    -13.08352330453));
#3665 = CARTESIAN_POINT('',(119.06609829728,-0.774750941361,
    -13.0674892554));
#3666 = CARTESIAN_POINT('',(119.06782222146,-0.811313593243,
    -13.05184244999));
#3667 = CARTESIAN_POINT('',(119.06940195766,-0.848106264342,
    -13.03669772439));
#3668 = CARTESIAN_POINT('',(119.07219975566,-0.920583957446,
    -13.00842840663));
#3669 = CARTESIAN_POINT('',(119.0734301045,-0.956215118565,
    -12.99525341674));
#3670 = CARTESIAN_POINT('',(119.0745234168,-0.992188161289,
    -12.98284078615));
#3671 = CARTESIAN_POINT('',(119.07547437348,-1.028567173677,
    -12.97140384784));
#3672 = CARTESIAN_POINT('',(119.07627565758,-1.065389026052,
    -12.96123358091));
#3673 = CARTESIAN_POINT('',(119.07691792627,-1.102684362503,
    -12.95275218838));
#3674 = CARTESIAN_POINT('',(119.0777009198,-1.165088163509,
    -12.9421507414));
#3675 = CARTESIAN_POINT('',(119.07793828766,-1.189944044133,
    -12.93884365498));
#3676 = CARTESIAN_POINT('',(119.07810031862,-1.214938245564,
    -12.93653833716));
#3677 = CARTESIAN_POINT('',(119.07818449954,-1.240015299993,
    -12.9353267877));
#3678 = CARTESIAN_POINT('',(119.07818932203,-1.2651110769,
    -12.93526042821));
#3679 = CARTESIAN_POINT('',(119.07811462231,-1.29015099988,
    -12.93633549997));
#3680 = CARTESIAN_POINT('',(119.07780327895,-1.340914194418,
    -12.94070479886));
#3681 = CARTESIAN_POINT('',(119.07756037452,-1.366634896526,
    -12.94408774412));
#3682 = CARTESIAN_POINT('',(119.0772347515,-1.392143241945,
    -12.94855226904));
#3683 = CARTESIAN_POINT('',(119.0768288875,-1.417401117049,
    -12.95398196026));
#3684 = CARTESIAN_POINT('',(119.07634561784,-1.442393576174,
    -12.96024338455));
#3685 = CARTESIAN_POINT('',(119.07578755936,-1.467122995354,
    -12.96721045368));
#3686 = CARTESIAN_POINT('',(119.07386550491,-1.541687902233,
    -12.9902934835));
#3687 = CARTESIAN_POINT('',(119.07227035317,-1.590683355208,
    -13.00833667999));
#3688 = CARTESIAN_POINT('',(119.07038543988,-1.638834976801,
    -13.02808459104));
#3689 = CARTESIAN_POINT('',(119.06821778587,-1.686290472458,
    -13.04900889263));
#3690 = CARTESIAN_POINT('',(119.06577308568,-1.733149635902,
    -13.07081052374));
#3691 = CARTESIAN_POINT('',(119.0630528808,-1.77952489276,
    -13.09328938358));
#3692 = CARTESIAN_POINT('',(119.05689238139,-1.874012987918,
    -13.14062055069));
#3693 = CARTESIAN_POINT('',(119.05342486829,-1.922035883805,
    -13.16550909624));
#3694 = CARTESIAN_POINT('',(119.04964965646,-1.969701848284,
    -13.19085063725));
#3695 = CARTESIAN_POINT('',(119.04556581002,-2.017060117814,
    -13.21655260988));
#3696 = CARTESIAN_POINT('',(119.04117202535,-2.064144007598,
    -13.24255347867));
#3697 = CARTESIAN_POINT('',(119.03646668706,-2.110981557504,
    -13.26880629932));
#3698 = CARTESIAN_POINT('',(119.01872368162,-2.275763991375,
    -13.362392036));
#3699 = CARTESIAN_POINT('',(119.00398539508,-2.392474378448,
    -13.43090883919));
#3700 = CARTESIAN_POINT('',(118.98720182282,-2.508056362276,
    -13.50029041125));
#3701 = CARTESIAN_POINT('',(118.9683394292,-2.622559753339,
    -13.57040136438));
#3702 = CARTESIAN_POINT('',(118.94736603434,-2.73604846038,
    -13.64109697507));
#3703 = CARTESIAN_POINT('',(118.92424819814,-2.848532869054,
    -13.71231938726));
#3704 = CARTESIAN_POINT('',(118.86461544515,-3.111358532346,
    -13.88133368889));
#3705 = CARTESIAN_POINT('',(118.82626795866,-3.260851707987,
    -13.97951826566));
#3706 = CARTESIAN_POINT('',(118.78382809896,-3.408509707489,
    -14.0784417788));
#3707 = CARTESIAN_POINT('',(118.73721844002,-3.554289439212,
    -14.17803428573));
#3708 = CARTESIAN_POINT('',(118.68636627324,-3.69813183344,
    -14.27824400798));
#3709 = CARTESIAN_POINT('',(118.63120478785,-3.839975071171,
    -14.37902071787));
#3710 = CARTESIAN_POINT('',(118.50623958514,-4.133386294364,
    -14.59167220741));
#3711 = CARTESIAN_POINT('',(118.43552650982,-4.284523438527,
    -14.7036554179));
#3712 = CARTESIAN_POINT('',(118.3594566286,-4.43306737673,
    -14.81621488758));
#3713 = CARTESIAN_POINT('',(118.27796246229,-4.578920064873,
    -14.92929594746));
#3714 = CARTESIAN_POINT('',(118.19098964557,-4.721981832166,
    -15.04284477575));
#3715 = CARTESIAN_POINT('',(118.09849917188,-4.862154227289,
    -15.15680611139));
#3716 = CARTESIAN_POINT('',(117.78811399899,-5.296526577294,
    -15.51875454747));
#3717 = CARTESIAN_POINT('',(117.54974902302,-5.579729098229,
    -15.76806659306));
#3718 = CARTESIAN_POINT('',(117.28595831211,-5.848996878654,
    -16.01752701488));
#3719 = CARTESIAN_POINT('',(116.99769342444,-6.10418820608,
    -16.2661963036));
#3720 = CARTESIAN_POINT('',(116.68623412938,-6.345389408431,
    -16.51324846557));
#3721 = CARTESIAN_POINT('',(116.35310348769,-6.572810824383,
    -16.75803622862));
#3722 = CARTESIAN_POINT('',(116.,-6.786828433859,-17.));
#3723 = PCURVE('',#3411,#3724);
#3724 = DEFINITIONAL_REPRESENTATION('',(#3725),#3794);
#3725 = B_SPLINE_CURVE_WITH_KNOTS('',7,(#3726,#3727,#3728,#3729,#3730,
    #3731,#3732,#3733,#3734,#3735,#3736,#3737,#3738,#3739,#3740,#3741,
    #3742,#3743,#3744,#3745,#3746,#3747,#3748,#3749,#3750,#3751,#3752,
    #3753,#3754,#3755,#3756,#3757,#3758,#3759,#3760,#3761,#3762,#3763,
    #3764,#3765,#3766,#3767,#3768,#3769,#3770,#3771,#3772,#3773,#3774,
    #3775,#3776,#3777,#3778,#3779,#3780,#3781,#3782,#3783,#3784,#3785,
    #3786,#3787,#3788,#3789,#3790,#3791,#3792,#3793),.UNSPECIFIED.,.F.,
  .F.,(8,6,6,6,6,6,6,6,6,6,6,8),(0.,7.506991601222E-02,0.104902186348,
    0.133357881022,0.151960660797,0.171287211092,0.210827852058,
    0.252469677618,0.358035267966,0.501322713036,0.658820899639,1.),
  .UNSPECIFIED.);
#3726 = CARTESIAN_POINT('',(106.45026538726,-6.55780114785));
#3727 = CARTESIAN_POINT('',(106.37748522476,-6.602709658071));
#3728 = CARTESIAN_POINT('',(106.30426846258,-6.647559328778));
#3729 = CARTESIAN_POINT('',(106.23056582836,-6.692285417971));
#3730 = CARTESIAN_POINT('',(106.15632687444,-6.736807781238));
#3731 = CARTESIAN_POINT('',(106.08145266865,-6.780942888751));
#3732 = CARTESIAN_POINT('',(106.00584305371,-6.824490214243));
#3733 = CARTESIAN_POINT('',(105.89864899668,-6.883546628222));
#3734 = CARTESIAN_POINT('',(105.86799555463,-6.900135523261));
#3735 = CARTESIAN_POINT('',(105.8371466994,-6.916476695465));
#3736 = CARTESIAN_POINT('',(105.80607388917,-6.9325107446));
#3737 = CARTESIAN_POINT('',(105.77474448575,-6.948157550003));
#3738 = CARTESIAN_POINT('',(105.74311499009,-6.963302275604));
#3739 = CARTESIAN_POINT('',(105.68059957549,-6.991571593368));
#3740 = CARTESIAN_POINT('',(105.64976965604,-7.004746583253));
#3741 = CARTESIAN_POINT('',(105.61854508355,-7.017159213845));
#3742 = CARTESIAN_POINT('',(105.58686542539,-7.028596152156));
#3743 = CARTESIAN_POINT('',(105.55469309935,-7.038766419084));
#3744 = CARTESIAN_POINT('',(105.52199471243,-7.04724781162));
#3745 = CARTESIAN_POINT('',(105.46708916653,-7.057849258598));
#3746 = CARTESIAN_POINT('',(105.44517046375,-7.061156345013));
#3747 = CARTESIAN_POINT('',(105.42307893279,-7.063461662835));
#3748 = CARTESIAN_POINT('',(105.40086217914,-7.064673212294));
#3749 = CARTESIAN_POINT('',(105.37857616905,-7.064739571782));
#3750 = CARTESIAN_POINT('',(105.35628703828,-7.063664500024));
#3751 = CARTESIAN_POINT('',(105.31099448704,-7.05929520114));
#3752 = CARTESIAN_POINT('',(105.28798919795,-7.055912255871));
#3753 = CARTESIAN_POINT('',(105.26511768653,-7.051447730954));
#3754 = CARTESIAN_POINT('',(105.24241545501,-7.046018039732));
#3755 = CARTESIAN_POINT('',(105.21989766521,-7.039756615445));
#3756 = CARTESIAN_POINT('',(105.19756394896,-7.032789546313));
#3757 = CARTESIAN_POINT('',(105.13006406223,-7.009706516499));
#3758 = CARTESIAN_POINT('',(105.08549085955,-6.99166332001));
#3759 = CARTESIAN_POINT('',(105.04147524095,-6.97191540896));
#3760 = CARTESIAN_POINT('',(104.99789072691,-6.950991107363));
#3761 = CARTESIAN_POINT('',(104.95465251084,-6.929189476254));
#3762 = CARTESIAN_POINT('',(104.91166181288,-6.906710616414));
#3763 = CARTESIAN_POINT('',(104.82366074528,-6.859379449308));
#3764 = CARTESIAN_POINT('',(104.7787122598,-6.834490903759));
#3765 = CARTESIAN_POINT('',(104.73387734015,-6.809149362747));
#3766 = CARTESIAN_POINT('',(104.68911169956,-6.783447390114));
#3767 = CARTESIAN_POINT('',(104.64438494921,-6.757446521323));
#3768 = CARTESIAN_POINT('',(104.59967118033,-6.731193700673));
#3769 = CARTESIAN_POINT('',(104.44157536159,-6.637607963996));
#3770 = CARTESIAN_POINT('',(104.32816668186,-6.569091160806));
#3771 = CARTESIAN_POINT('',(104.21441055401,-6.499709588745));
#3772 = CARTESIAN_POINT('',(104.10024166262,-6.429598635619));
#3773 = CARTESIAN_POINT('',(103.98558312215,-6.358903024922));
#3774 = CARTESIAN_POINT('',(103.87040480456,-6.287680612732));
#3775 = CARTESIAN_POINT('',(103.5975886221,-6.118666311106));
#3776 = CARTESIAN_POINT('',(103.4394985373,-6.020481734334));
#3777 = CARTESIAN_POINT('',(103.28034932813,-5.921558221191));
#3778 = CARTESIAN_POINT('',(103.12013142033,-5.82196571427));
#3779 = CARTESIAN_POINT('',(102.9588527323,-5.721755992015));
#3780 = CARTESIAN_POINT('',(102.79652769411,-5.620979282126));
#3781 = CARTESIAN_POINT('',(102.45363726088,-5.408327792583));
#3782 = CARTESIAN_POINT('',(102.27285976122,-5.296344582099));
#3783 = CARTESIAN_POINT('',(102.09088638566,-5.183785112412));
#3784 = CARTESIAN_POINT('',(101.90776492794,-5.070704052533));
#3785 = CARTESIAN_POINT('',(101.7235534702,-4.957155224246));
#3786 = CARTESIAN_POINT('',(101.53831928459,-4.843193888608));
#3787 = CARTESIAN_POINT('',(100.94882354464,-4.481245452522));
#3788 = CARTESIAN_POINT('',(100.5410351699,-4.231933406935));
#3789 = CARTESIAN_POINT('',(100.12882889037,-3.982472985116));
#3790 = CARTESIAN_POINT('',(99.712639651962,-3.733803696392));
#3791 = CARTESIAN_POINT('',(99.292885963314,-3.486751534427));
#3792 = CARTESIAN_POINT('',(98.870018375925,-3.241963771373));
#3793 = CARTESIAN_POINT('',(98.444443393013,-3.));
#3794 = ( GEOMETRIC_REPRESENTATION_CONTEXT(2) 
PARAMETRIC_REPRESENTATION_CONTEXT() REPRESENTATION_CONTEXT('2D SPACE',''
  ) );
#3795 = PCURVE('',#3796,#3812);
#3796 = SURFACE_OF_LINEAR_EXTRUSION('',#3797,#3810);
#3797 = B_SPLINE_CURVE_WITH_KNOTS('',3,(#3798,#3799,#3800,#3801,#3802,
    #3803,#3804,#3805,#3806,#3807,#3808,#3809),.UNSPECIFIED.,.F.,.F.,(4,
    1,1,1,1,1,1,1,1,4),(0.,12.747548783982,25.747548783982,
    44.911316680719,68.256551740576,96.149203102539,121.6443006705,
    134.98596473462,142.05703254649,147.88798444134),.UNSPECIFIED.);
#3798 = CARTESIAN_POINT('',(-14.5,23.95,5.));
#3799 = CARTESIAN_POINT('',(-12.77777335017,23.95,10.50734489801));
#3800 = CARTESIAN_POINT('',(-6.725555850754,23.95,16.256592478655));
#3801 = CARTESIAN_POINT('',(9.41665366166,23.95,14.186130362434));
#3802 = CARTESIAN_POINT('',(27.241879669264,23.95,11.941002356747));
#3803 = CARTESIAN_POINT('',(50.671598427996,23.95,8.196104824948));
#3804 = CARTESIAN_POINT('',(75.067022087384,23.95,0.954707874414));
#3805 = CARTESIAN_POINT('',(97.063849933052,23.95,-4.09917432805));
#3806 = CARTESIAN_POINT('',(112.00463258081,23.95,-4.779285919526));
#3807 = CARTESIAN_POINT('',(120.40902292121,23.95,-11.5719145646));
#3808 = CARTESIAN_POINT('',(118.5276671711,23.95,-15.26791888834));
#3809 = CARTESIAN_POINT('',(116.,23.95,-17.));
#3810 = VECTOR('',#3811,1.);
#3811 = DIRECTION('',(-0.,1.,-1.110223024625E-16));
#3812 = DEFINITIONAL_REPRESENTATION('',(#3813),#3882);
#3813 = B_SPLINE_CURVE_WITH_KNOTS('',7,(#3814,#3815,#3816,#3817,#3818,
    #3819,#3820,#3821,#3822,#3823,#3824,#3825,#3826,#3827,#3828,#3829,
    #3830,#3831,#3832,#3833,#3834,#3835,#3836,#3837,#3838,#3839,#3840,
    #3841,#3842,#3843,#3844,#3845,#3846,#3847,#3848,#3849,#3850,#3851,
    #3852,#3853,#3854,#3855,#3856,#3857,#3858,#3859,#3860,#3861,#3862,
    #3863,#3864,#3865,#3866,#3867,#3868,#3869,#3870,#3871,#3872,#3873,
    #3874,#3875,#3876,#3877,#3878,#3879,#3880,#3881),.UNSPECIFIED.,.F.,
  .F.,(8,6,6,6,6,6,6,6,6,6,6,8),(0.,7.506991601222E-02,0.104902186348,
    0.133357881022,0.151960660797,0.171287211092,0.210827852058,
    0.252469677618,0.358035267966,0.501322713036,0.658820899639,1.),
  .UNSPECIFIED.);
#3814 = CARTESIAN_POINT('',(143.78859536271,-23.95));
#3815 = CARTESIAN_POINT('',(143.73536603017,-24.03996260272));
#3816 = CARTESIAN_POINT('',(143.68215835741,-24.12981724609));
#3817 = CARTESIAN_POINT('',(143.62904911463,-24.2196122194));
#3818 = CARTESIAN_POINT('',(143.57613346156,-24.30939611545));
#3819 = CARTESIAN_POINT('',(143.52363050019,-24.39927038266));
#3820 = CARTESIAN_POINT('',(143.47177975911,-24.48933832292));
#3821 = CARTESIAN_POINT('',(143.40140344733,-24.61602406583));
#3822 = CARTESIAN_POINT('',(143.38162790159,-24.65213928678));
#3823 = CARTESIAN_POINT('',(143.36214094924,-24.6883712541));
#3824 = CARTESIAN_POINT('',(143.34301377147,-24.72475094136));
#3825 = CARTESIAN_POINT('',(143.32434239306,-24.76131359324));
#3826 = CARTESIAN_POINT('',(143.30626447572,-24.79810626434));
#3827 = CARTESIAN_POINT('',(143.27251037621,-24.87058395744));
#3828 = CARTESIAN_POINT('',(143.25677448496,-24.90621511856));
#3829 = CARTESIAN_POINT('',(143.24194491776,-24.94218816128));
#3830 = CARTESIAN_POINT('',(143.22827740281,-24.97856717367));
#3831 = CARTESIAN_POINT('',(143.2161207474,-25.01538902605));
#3832 = CARTESIAN_POINT('',(143.20598115426,-25.0526843625));
#3833 = CARTESIAN_POINT('',(143.1933057367,-25.1150881635));
#3834 = CARTESIAN_POINT('',(143.18935123832,-25.13994404413));
#3835 = CARTESIAN_POINT('',(143.18659439831,-25.16493824556));
#3836 = CARTESIAN_POINT('',(143.18514549051,-25.19001529999));
#3837 = CARTESIAN_POINT('',(143.18506614394,-25.2151110769));
#3838 = CARTESIAN_POINT('',(143.18635183618,-25.24015099988));
#3839 = CARTESIAN_POINT('',(143.19157663734,-25.29091419441));
#3840 = CARTESIAN_POINT('',(143.1956218393,-25.31663489652));
#3841 = CARTESIAN_POINT('',(143.20096002828,-25.34214324194));
#3842 = CARTESIAN_POINT('',(143.20745162249,-25.36740111704));
#3843 = CARTESIAN_POINT('',(143.21493663329,-25.39239357617));
#3844 = CARTESIAN_POINT('',(143.22326387577,-25.41712299535));
#3845 = CARTESIAN_POINT('',(143.25084868258,-25.49168790223));
#3846 = CARTESIAN_POINT('',(143.27240480108,-25.5406833552));
#3847 = CARTESIAN_POINT('',(143.29598861204,-25.5888349768));
#3848 = CARTESIAN_POINT('',(143.3209664131,-25.63629047245));
#3849 = CARTESIAN_POINT('',(143.34697963185,-25.6831496359));
#3850 = CARTESIAN_POINT('',(143.37378822167,-25.72952489276));
#3851 = CARTESIAN_POINT('',(143.4302085924,-25.82401298791));
#3852 = CARTESIAN_POINT('',(143.45986214545,-25.8720358838));
#3853 = CARTESIAN_POINT('',(143.49003998206,-25.91970184828));
#3854 = CARTESIAN_POINT('',(143.52063100149,-25.96706011781));
#3855 = CARTESIAN_POINT('',(143.55156132769,-26.01414400759));
#3856 = CARTESIAN_POINT('',(143.58277458114,-26.0609815575));
#3857 = CARTESIAN_POINT('',(143.69398291848,-26.22576399137));
#3858 = CARTESIAN_POINT('',(143.77529301952,-26.34247437844));
#3859 = CARTESIAN_POINT('',(143.85751476881,-26.45805636227));
#3860 = CARTESIAN_POINT('',(143.9404848105,-26.57255975333));
#3861 = CARTESIAN_POINT('',(144.02402869992,-26.68604846038));
#3862 = CARTESIAN_POINT('',(144.10807622106,-26.79853286905));
#3863 = CARTESIAN_POINT('',(144.30724253729,-27.06135853234));
#3864 = CARTESIAN_POINT('',(144.42272377483,-27.21085170798));
#3865 = CARTESIAN_POINT('',(144.53885188848,-27.35850970748));
#3866 = CARTESIAN_POINT('',(144.6555415695,-27.50428943921));
#3867 = CARTESIAN_POINT('',(144.77272968961,-27.64813183344));
#3868 = CARTESIAN_POINT('',(144.89035540871,-27.78997507117));
#3869 = CARTESIAN_POINT('',(145.13808677086,-28.08338629436));
#3870 = CARTESIAN_POINT('',(145.26827198079,-28.23452343852));
#3871 = CARTESIAN_POINT('',(145.3988552034,-28.38306737673));
#3872 = CARTESIAN_POINT('',(145.52977149561,-28.52892006487));
#3873 = CARTESIAN_POINT('',(145.66095773637,-28.67198183216));
#3874 = CARTESIAN_POINT('',(145.79234996077,-28.81215422728));
#3875 = CARTESIAN_POINT('',(146.20880802116,-29.24652657729));
#3876 = CARTESIAN_POINT('',(146.49440778996,-29.52972909822));
#3877 = CARTESIAN_POINT('',(146.77892370114,-29.79899687865));
#3878 = CARTESIAN_POINT('',(147.0613244961,-30.05418820608));
#3879 = CARTESIAN_POINT('',(147.34072637123,-30.29538940843));
#3880 = CARTESIAN_POINT('',(147.61646538031,-30.52281082438));
#3881 = CARTESIAN_POINT('',(147.88798444134,-30.73682843385));
#3882 = ( GEOMETRIC_REPRESENTATION_CONTEXT(2) 
PARAMETRIC_REPRESENTATION_CONTEXT() REPRESENTATION_CONTEXT('2D SPACE',''
  ) );
#3883 = ORIENTED_EDGE('',*,*,#3884,.T.);
#3884 = EDGE_CURVE('',#3651,#3367,#3885,.T.);
#3885 = SURFACE_CURVE('',#3886,(#4009,#4135),.PCURVE_S1.);
#3886 = B_SPLINE_CURVE_WITH_KNOTS('',7,(#3887,#3888,#3889,#3890,#3891,
    #3892,#3893,#3894,#3895,#3896,#3897,#3898,#3899,#3900,#3901,#3902,
    #3903,#3904,#3905,#3906,#3907,#3908,#3909,#3910,#3911,#3912,#3913,
    #3914,#3915,#3916,#3917,#3918,#3919,#3920,#3921,#3922,#3923,#3924,
    #3925,#3926,#3927,#3928,#3929,#3930,#3931,#3932,#3933,#3934,#3935,
    #3936,#3937,#3938,#3939,#3940,#3941,#3942,#3943,#3944,#3945,#3946,
    #3947,#3948,#3949,#3950,#3951,#3952,#3953,#3954,#3955,#3956,#3957,
    #3958,#3959,#3960,#3961,#3962,#3963,#3964,#3965,#3966,#3967,#3968,
    #3969,#3970,#3971,#3972,#3973,#3974,#3975,#3976,#3977,#3978,#3979,
    #3980,#3981,#3982,#3983,#3984,#3985,#3986,#3987,#3988,#3989,#3990,
    #3991,#3992,#3993,#3994,#3995,#3996,#3997,#3998,#3999,#4000,#4001,
    #4002,#4003,#4004,#4005,#4006,#4007,#4008),.UNSPECIFIED.,.F.,.F.,(8,
    6,6,6,6,6,6,6,6,6,6,6,6,6,6,6,6,6,6,6,8),(0.,4.930771629691E-02,
    6.173809379074E-02,7.303843212085E-02,0.151270857849,0.215502602412,
    0.244227688135,0.261262135585,0.271917613322,0.281515907267,
    0.439919182146,0.520008889515,0.58693512002,0.653781778509,
    0.697982954416,0.723860707982,0.751900102752,0.76592232539,
    0.779946257642,0.978430562245,1.),.UNSPECIFIED.);
#3887 = CARTESIAN_POINT('',(116.,-6.786828433859,-17.));
#3888 = CARTESIAN_POINT('',(115.41263877974,-7.142830706954,-17.));
#3889 = CARTESIAN_POINT('',(114.78533355104,-7.452457216042,-17.));
#3890 = CARTESIAN_POINT('',(114.12835264981,-7.722566385995,-17.));
#3891 = CARTESIAN_POINT('',(113.45006201365,-7.959365786152,-17.));
#3892 = CARTESIAN_POINT('',(112.75690323901,-8.168342218155,-17.));
#3893 = CARTESIAN_POINT('',(112.05355507246,-8.354350166705,-17.));
#3894 = CARTESIAN_POINT('',(111.16421897958,-8.564087160424,-17.));
#3895 = CARTESIAN_POINT('',(110.9846022989,-8.605167596365,-17.));
#3896 = CARTESIAN_POINT('',(110.80453543825,-8.645155577585,-17.));
#3897 = CARTESIAN_POINT('',(110.62412554172,-8.684106760599,-17.));
#3898 = CARTESIAN_POINT('',(110.44347975341,-8.72207680192,-17.));
#3899 = CARTESIAN_POINT('',(110.26270521742,-8.759121358065,-17.));
#3900 = CARTESIAN_POINT('',(109.91754902142,-8.828182187338,-17.));
#3901 = CARTESIAN_POINT('',(109.75316999306,-8.860348530172,-17.));
#3902 = CARTESIAN_POINT('',(109.58885705577,-8.891841155684,-17.));
#3903 = CARTESIAN_POINT('',(109.42468368934,-8.922694885351,-17.));
#3904 = CARTESIAN_POINT('',(109.26073264048,-8.952953806588,-17.));
#3905 = CARTESIAN_POINT('',(109.09709251822,-8.982667927716,-17.));
#3906 = CARTESIAN_POINT('',(107.80356200335,-9.214004742777,-17.));
#3907 = CARTESIAN_POINT('',(106.67910872467,-9.393265776202,-17.));
#3908 = CARTESIAN_POINT('',(105.56050833933,-9.550704994689,-17.));
#3909 = CARTESIAN_POINT('',(104.44762113643,-9.687687269413,-17.));
#3910 = CARTESIAN_POINT('',(103.34013678931,-9.805867273913,-17.));
#3911 = CARTESIAN_POINT('',(102.23758710454,-9.907152001563,-17.));
#3912 = CARTESIAN_POINT('',(100.23768249709,-10.06465894092,-17.));
#3913 = CARTESIAN_POINT('',(99.338918070059,-10.1257018663,-17.));
#3914 = CARTESIAN_POINT('',(98.442721967111,-10.17793854039,-17.));
#3915 = CARTESIAN_POINT('',(97.54868788683,-10.222623514,-17.));
#3916 = CARTESIAN_POINT('',(96.656360345033,-10.26107946687,-17.));
#3917 = CARTESIAN_POINT('',(95.765242657584,-10.29467557338,-17.));
#3918 = CARTESIAN_POINT('',(94.476592163674,-10.33828044082,-17.));
#3919 = CARTESIAN_POINT('',(94.078516612215,-10.35106180159,-17.));
#3920 = CARTESIAN_POINT('',(93.680531536352,-10.36327459036,-17.));
#3921 = CARTESIAN_POINT('',(93.282589664704,-10.37504439664,-17.));
#3922 = CARTESIAN_POINT('',(92.884643333327,-10.38649737247,-17.));
#3923 = CARTESIAN_POINT('',(92.486644632069,-10.39775984525,-17.));
#3924 = CARTESIAN_POINT('',(91.852466259687,-10.41559857897,-17.));
#3925 = CARTESIAN_POINT('',(91.616351732834,-10.42221656865,-17.));
#3926 = CARTESIAN_POINT('',(91.380191978176,-10.42883823334,-17.));
#3927 = CARTESIAN_POINT('',(91.143977062367,-10.43548983739,-17.));
#3928 = CARTESIAN_POINT('',(90.907697110899,-10.44219757574,-17.));
#3929 = CARTESIAN_POINT('',(90.671342308108,-10.44898757393,-17.));
#3930 = CARTESIAN_POINT('',(90.287004065303,-10.4602009581,-17.));
#3931 = CARTESIAN_POINT('',(90.139039656421,-10.46455935226,-17.));
#3932 = CARTESIAN_POINT('',(89.991004779636,-10.46896754576,-17.));
#3933 = CARTESIAN_POINT('',(89.842894544063,-10.47343201377,-17.));
#3934 = CARTESIAN_POINT('',(89.694704058815,-10.47795923146,-17.));
#3935 = CARTESIAN_POINT('',(89.546428433009,-10.482555674,-17.));
#3936 = CARTESIAN_POINT('',(89.264417225114,-10.49143641225,-17.));
#3937 = CARTESIAN_POINT('',(89.13073570903,-10.49570444845,-17.));
#3938 = CARTESIAN_POINT('',(88.997014856215,-10.50003913199,-17.));
#3939 = CARTESIAN_POINT('',(88.863253598913,-10.50444411566,-17.));
#3940 = CARTESIAN_POINT('',(88.729452351607,-10.50892076906,-17.));
#3941 = CARTESIAN_POINT('',(88.595612189718,-10.51346944936,-17.));
#3942 = CARTESIAN_POINT('',(86.252306048161,-10.59435772753,-17.));
#3943 = CARTESIAN_POINT('',(84.032531353575,-10.69047055534,-17.));
#3944 = CARTESIAN_POINT('',(81.80533236043,-10.8108268823,-17.));
#3945 = CARTESIAN_POINT('',(79.573565311863,-10.95975406556,-17.));
#3946 = CARTESIAN_POINT('',(77.340105774411,-11.14160834548,-17.));
#3947 = CARTESIAN_POINT('',(75.107912642287,-11.36085549989,-17.));
#3948 = CARTESIAN_POINT('',(71.753659511024,-11.75423657228,-17.));
#3949 = CARTESIAN_POINT('',(70.62837389561,-11.89708322307,-17.));
#3950 = CARTESIAN_POINT('',(69.504619247757,-12.05127109877,-17.));
#3951 = CARTESIAN_POINT('',(68.382819554297,-12.21740841208,-17.));
#3952 = CARTESIAN_POINT('',(67.263418507356,-12.39611424677,-17.));
#3953 = CARTESIAN_POINT('',(66.146880667012,-12.58801936257,-17.));
#3954 = CARTESIAN_POINT('',(64.10346723031,-12.9656981292,-17.));
#3955 = CARTESIAN_POINT('',(63.175592753088,-13.14731935577,-17.));
#3956 = CARTESIAN_POINT('',(62.249974282329,-13.33799494903,-17.));
#3957 = CARTESIAN_POINT('',(61.326496387243,-13.53706764836,-17.));
#3958 = CARTESIAN_POINT('',(60.405034700033,-13.74389248257,-17.));
#3959 = CARTESIAN_POINT('',(59.485446353054,-13.957809841,-17.));
#3960 = CARTESIAN_POINT('',(57.650798961537,-14.39826132355,-17.));
#3961 = CARTESIAN_POINT('',(56.735738175123,-14.62477932907,-17.));
#3962 = CARTESIAN_POINT('',(55.822240001198,-14.8570679735,-17.));
#3963 = CARTESIAN_POINT('',(54.910141233389,-15.0944736972,-17.));
#3964 = CARTESIAN_POINT('',(53.999270381753,-15.33634299039,-17.));
#3965 = CARTESIAN_POINT('',(53.0894479496,-15.5820233807,-17.));
#3966 = CARTESIAN_POINT('',(51.579452095603,-15.9954061767,-17.));
#3967 = CARTESIAN_POINT('',(50.978794750729,-16.16132966669,-17.));
#3968 = CARTESIAN_POINT('',(50.378460878793,-16.3284466472,-17.));
#3969 = CARTESIAN_POINT('',(49.778396042549,-16.49656905239,-17.));
#3970 = CARTESIAN_POINT('',(49.178545164416,-16.66550899394,-17.));
#3971 = CARTESIAN_POINT('',(48.578852526468,-16.83507876106,-17.));
#3972 = CARTESIAN_POINT('',(47.628228986666,-17.10462505427,-17.));
#3973 = CARTESIAN_POINT('',(47.277231194014,-17.20431087464,-17.));
#3974 = CARTESIAN_POINT('',(46.92625712338,-17.30411064593,-17.));
#3975 = CARTESIAN_POINT('',(46.575295494831,-17.40398674427,-17.));
#3976 = CARTESIAN_POINT('',(46.224335017606,-17.50390155751,-17.));
#3977 = CARTESIAN_POINT('',(45.873364390115,-17.60381748528,-17.));
#3978 = CARTESIAN_POINT('',(45.14206085782,-17.81191960299,-17.));
#3979 = CARTESIAN_POINT('',(44.761724248867,-17.92009943834,-17.));
#3980 = CARTESIAN_POINT('',(44.381348078049,-18.02818862843,-17.));
#3981 = CARTESIAN_POINT('',(44.000918003119,-18.13613936097,-17.));
#3982 = CARTESIAN_POINT('',(43.620419734613,-18.24390382796,-17.));
#3983 = CARTESIAN_POINT('',(43.239839035854,-18.35143422567,-17.));
#3984 = CARTESIAN_POINT('',(42.66878878234,-18.51231667801,-17.));
#3985 = CARTESIAN_POINT('',(42.478391550795,-18.56587979517,-17.));
#3986 = CARTESIAN_POINT('',(42.28796882587,-18.61936747299,-17.));
#3987 = CARTESIAN_POINT('',(42.097518100361,-18.67277196525,-17.));
#3988 = CARTESIAN_POINT('',(41.907037410588,-18.72608681048,-17.));
#3989 = CARTESIAN_POINT('',(41.716526015251,-18.77930842869,-17.));
#3990 = CARTESIAN_POINT('',(41.335418563271,-18.88556788278,-17.));
#3991 = CARTESIAN_POINT('',(41.144822337634,-18.9386053216,-17.));
#3992 = CARTESIAN_POINT('',(40.954194645309,-18.99154400131,-17.));
#3993 = CARTESIAN_POINT('',(40.76353490738,-19.04438068829,-17.));
#3994 = CARTESIAN_POINT('',(40.572842548662,-19.09711214767,-17.));
#3995 = CARTESIAN_POINT('',(40.382116997707,-19.14973514325,-17.));
#3996 = CARTESIAN_POINT('',(37.49149230733,-19.94545223288,-17.));
#3997 = CARTESIAN_POINT('',(34.784949745316,-20.66625910789,-17.));
#3998 = CARTESIAN_POINT('',(32.069972802466,-21.35553145243,-17.));
#3999 = CARTESIAN_POINT('',(29.345136117305,-22.0040214321,-17.));
#4000 = CARTESIAN_POINT('',(26.60934243417,-22.60233095603,-17.));
#4001 = CARTESIAN_POINT('',(23.861833585442,-23.14096035098,-17.));
#4002 = CARTESIAN_POINT('',(20.802326501423,-23.66146285264,-17.));
#4003 = CARTESIAN_POINT('',(20.502294892652,-23.71166521532,-17.));
#4004 = CARTESIAN_POINT('',(20.202121053291,-23.76103865531,-17.));
#4005 = CARTESIAN_POINT('',(19.901804754734,-23.80957100679,-17.));
#4006 = CARTESIAN_POINT('',(19.601345847188,-23.85725011247,-17.));
#4007 = CARTESIAN_POINT('',(19.300744259668,-23.90406382361,-17.));
#4008 = CARTESIAN_POINT('',(19.,-23.95,-17.));
#4009 = PCURVE('',#3411,#4010);
#4010 = DEFINITIONAL_REPRESENTATION('',(#4011),#4134);
#4011 = B_SPLINE_CURVE_WITH_KNOTS('',7,(#4012,#4013,#4014,#4015,#4016,
    #4017,#4018,#4019,#4020,#4021,#4022,#4023,#4024,#4025,#4026,#4027,
    #4028,#4029,#4030,#4031,#4032,#4033,#4034,#4035,#4036,#4037,#4038,
    #4039,#4040,#4041,#4042,#4043,#4044,#4045,#4046,#4047,#4048,#4049,
    #4050,#4051,#4052,#4053,#4054,#4055,#4056,#4057,#4058,#4059,#4060,
    #4061,#4062,#4063,#4064,#4065,#4066,#4067,#4068,#4069,#4070,#4071,
    #4072,#4073,#4074,#4075,#4076,#4077,#4078,#4079,#4080,#4081,#4082,
    #4083,#4084,#4085,#4086,#4087,#4088,#4089,#4090,#4091,#4092,#4093,
    #4094,#4095,#4096,#4097,#4098,#4099,#4100,#4101,#4102,#4103,#4104,
    #4105,#4106,#4107,#4108,#4109,#4110,#4111,#4112,#4113,#4114,#4115,
    #4116,#4117,#4118,#4119,#4120,#4121,#4122,#4123,#4124,#4125,#4126,
    #4127,#4128,#4129,#4130,#4131,#4132,#4133),.UNSPECIFIED.,.F.,.F.,(8,
    6,6,6,6,6,6,6,6,6,6,6,6,6,6,6,6,6,6,6,8),(0.,4.930771629691E-02,
    6.173809379074E-02,7.303843212085E-02,0.151270857849,0.215502602412,
    0.244227688135,0.261262135585,0.271917613322,0.281515907267,
    0.439919182146,0.520008889515,0.58693512002,0.653781778509,
    0.697982954416,0.723860707982,0.751900102752,0.76592232539,
    0.779946257642,0.978430562245,1.),.UNSPECIFIED.);
#4012 = CARTESIAN_POINT('',(98.444443393013,-3.));
#4013 = CARTESIAN_POINT('',(97.736531265316,-3.));
#4014 = CARTESIAN_POINT('',(97.03959380982,-3.));
#4015 = CARTESIAN_POINT('',(96.352921127237,-3.));
#4016 = CARTESIAN_POINT('',(95.675309711886,-3.));
#4017 = CARTESIAN_POINT('',(95.005048961136,-3.));
#4018 = CARTESIAN_POINT('',(94.339780959987,-3.));
#4019 = CARTESIAN_POINT('',(93.508954552322,-3.));
#4020 = CARTESIAN_POINT('',(93.341675563857,-3.));
#4021 = CARTESIAN_POINT('',(93.174396575391,-3.));
#4022 = CARTESIAN_POINT('',(93.007117586925,-3.));
#4023 = CARTESIAN_POINT('',(92.83983859846,-3.));
#4024 = CARTESIAN_POINT('',(92.672559609994,-3.));
#4025 = CARTESIAN_POINT('',(92.353208879048,-3.));
#4026 = CARTESIAN_POINT('',(92.201137820529,-3.));
#4027 = CARTESIAN_POINT('',(92.049063756375,-3.));
#4028 = CARTESIAN_POINT('',(91.8969931203,-3.));
#4029 = CARTESIAN_POINT('',(91.744923808336,-3.));
#4030 = CARTESIAN_POINT('',(91.592848215142,-3.));
#4031 = CARTESIAN_POINT('',(90.387993175336,-3.));
#4032 = CARTESIAN_POINT('',(89.324556775052,-3.));
#4033 = CARTESIAN_POINT('',(88.251430372735,-3.));
#4034 = CARTESIAN_POINT('',(87.169627186699,-3.));
#4035 = CARTESIAN_POINT('',(86.080202675242,-3.));
#4036 = CARTESIAN_POINT('',(84.984236971446,-3.));
#4037 = CARTESIAN_POINT('',(82.97849571013,-3.));
#4038 = CARTESIAN_POINT('',(82.070501013882,-3.));
#4039 = CARTESIAN_POINT('',(81.159409140435,-3.));
#4040 = CARTESIAN_POINT('',(80.245810676938,-3.));
#4041 = CARTESIAN_POINT('',(79.330293852589,-3.));
#4042 = CARTESIAN_POINT('',(78.413435697561,-3.));
#4043 = CARTESIAN_POINT('',(77.085414198056,-3.));
#4044 = CARTESIAN_POINT('',(76.674879573925,-3.));
#4045 = CARTESIAN_POINT('',(76.264239817184,-3.));
#4046 = CARTESIAN_POINT('',(75.853545416341,-3.));
#4047 = CARTESIAN_POINT('',(75.442846707871,-3.));
#4048 = CARTESIAN_POINT('',(75.03219372333,-3.));
#4049 = CARTESIAN_POINT('',(74.378168587498,-3.));
#4050 = CARTESIAN_POINT('',(74.13473470762,-3.));
#4051 = CARTESIAN_POINT('',(73.891344782529,-3.));
#4052 = CARTESIAN_POINT('',(73.648009182101,-3.));
#4053 = CARTESIAN_POINT('',(73.404738260393,-3.));
#4054 = CARTESIAN_POINT('',(73.161542355643,-3.));
#4055 = CARTESIAN_POINT('',(72.766359982575,-3.));
#4056 = CARTESIAN_POINT('',(72.614288174879,-3.));
#4057 = CARTESIAN_POINT('',(72.462216367183,-3.));
#4058 = CARTESIAN_POINT('',(72.310144559487,-3.));
#4059 = CARTESIAN_POINT('',(72.158072751791,-3.));
#4060 = CARTESIAN_POINT('',(72.006000944095,-3.));
#4061 = CARTESIAN_POINT('',(71.716945141226,-3.));
#4062 = CARTESIAN_POINT('',(71.579998049666,-3.));
#4063 = CARTESIAN_POINT('',(71.443091451787,-3.));
#4064 = CARTESIAN_POINT('',(71.306226567804,-3.));
#4065 = CARTESIAN_POINT('',(71.169403100192,-3.));
#4066 = CARTESIAN_POINT('',(71.032620085789,-3.));
#4067 = CARTESIAN_POINT('',(68.639163975461,-3.));
#4068 = CARTESIAN_POINT('',(66.393343061546,-3.));
#4069 = CARTESIAN_POINT('',(64.155875708505,-3.));
#4070 = CARTESIAN_POINT('',(61.924521692275,-3.));
#4071 = CARTESIAN_POINT('',(59.697259627675,-3.));
#4072 = CARTESIAN_POINT('',(57.472228181863,-3.));
#4073 = CARTESIAN_POINT('',(54.12294588026,-3.));
#4074 = CARTESIAN_POINT('',(52.998342617889,-3.));
#4075 = CARTESIAN_POINT('',(51.873659868848,-3.));
#4076 = CARTESIAN_POINT('',(50.74869720263,-3.));
#4077 = CARTESIAN_POINT('',(49.62327078866,-3.));
#4078 = CARTESIAN_POINT('',(48.497212346712,-3.));
#4079 = CARTESIAN_POINT('',(46.428731019933,-3.));
#4080 = CARTESIAN_POINT('',(45.486543295634,-3.));
#4081 = CARTESIAN_POINT('',(44.543905498589,-3.));
#4082 = CARTESIAN_POINT('',(43.600908470972,-3.));
#4083 = CARTESIAN_POINT('',(42.657626710561,-3.));
#4084 = CARTESIAN_POINT('',(41.714124513644,-3.));
#4085 = CARTESIAN_POINT('',(39.82790075388,-3.));
#4086 = CARTESIAN_POINT('',(38.885182146313,-3.));
#4087 = CARTESIAN_POINT('',(37.942345539899,-3.));
#4088 = CARTESIAN_POINT('',(36.999432715553,-3.));
#4089 = CARTESIAN_POINT('',(36.056477493,-3.));
#4090 = CARTESIAN_POINT('',(35.113505707956,-3.));
#4091 = CARTESIAN_POINT('',(33.547012537438,-3.));
#4092 = CARTESIAN_POINT('',(32.923491196253,-3.));
#4093 = CARTESIAN_POINT('',(32.299976694557,-3.));
#4094 = CARTESIAN_POINT('',(31.676473894,-3.));
#4095 = CARTESIAN_POINT('',(31.052986989085,-3.));
#4096 = CARTESIAN_POINT('',(30.429519507161,-3.));
#4097 = CARTESIAN_POINT('',(29.441075846659,-3.));
#4098 = CARTESIAN_POINT('',(29.076085093522,-3.));
#4099 = CARTESIAN_POINT('',(28.711102662573,-3.));
#4100 = CARTESIAN_POINT('',(28.346129153289,-3.));
#4101 = CARTESIAN_POINT('',(27.981165151078,-3.));
#4102 = CARTESIAN_POINT('',(27.616211227273,-3.));
#4103 = CARTESIAN_POINT('',(26.855839916435,-3.));
#4104 = CARTESIAN_POINT('',(26.460424412272,-3.));
#4105 = CARTESIAN_POINT('',(26.065022131302,-3.));
#4106 = CARTESIAN_POINT('',(25.66963382694,-3.));
#4107 = CARTESIAN_POINT('',(25.274260301363,-3.));
#4108 = CARTESIAN_POINT('',(24.878902405506,-3.));
#4109 = CARTESIAN_POINT('',(24.285854751041,-3.));
#4110 = CARTESIAN_POINT('',(24.088152644577,-3.));
#4111 = CARTESIAN_POINT('',(23.890454645467,-3.));
#4112 = CARTESIAN_POINT('',(23.692761128226,-3.));
#4113 = CARTESIAN_POINT('',(23.495072287248,-3.));
#4114 = CARTESIAN_POINT('',(23.297387915255,-3.));
#4115 = CARTESIAN_POINT('',(22.902003161283,-3.));
#4116 = CARTESIAN_POINT('',(22.704302829842,-3.));
#4117 = CARTESIAN_POINT('',(22.506606348391,-3.));
#4118 = CARTESIAN_POINT('',(22.308913474694,-3.));
#4119 = CARTESIAN_POINT('',(22.111223970596,-3.));
#4120 = CARTESIAN_POINT('',(21.913537602027,-3.));
#4121 = CARTESIAN_POINT('',(18.917989461295,-3.));
#4122 = CARTESIAN_POINT('',(16.120795333802,-3.));
#4123 = CARTESIAN_POINT('',(13.323465851047,-3.));
#4124 = CARTESIAN_POINT('',(10.525549841357,-3.));
#4125 = CARTESIAN_POINT('',(7.726944872627,-3.));
#4126 = CARTESIAN_POINT('',(4.92789686461,-3.));
#4127 = CARTESIAN_POINT('',(1.82484766999,-3.));
#4128 = CARTESIAN_POINT('',(1.520692965464,-3.));
#4129 = CARTESIAN_POINT('',(1.216542162411,-3.));
#4130 = CARTESIAN_POINT('',(0.912396305369,-3.));
#4131 = CARTESIAN_POINT('',(0.608256515162,-3.));
#4132 = CARTESIAN_POINT('',(0.304123988904,-3.));
#4133 = CARTESIAN_POINT('',(0.,-3.));
#4134 = ( GEOMETRIC_REPRESENTATION_CONTEXT(2) 
PARAMETRIC_REPRESENTATION_CONTEXT() REPRESENTATION_CONTEXT('2D SPACE',''
  ) );
#4135 = PCURVE('',#2453,#4136);
#4136 = DEFINITIONAL_REPRESENTATION('',(#4137),#4260);
#4137 = B_SPLINE_CURVE_WITH_KNOTS('',7,(#4138,#4139,#4140,#4141,#4142,
    #4143,#4144,#4145,#4146,#4147,#4148,#4149,#4150,#4151,#4152,#4153,
    #4154,#4155,#4156,#4157,#4158,#4159,#4160,#4161,#4162,#4163,#4164,
    #4165,#4166,#4167,#4168,#4169,#4170,#4171,#4172,#4173,#4174,#4175,
    #4176,#4177,#4178,#4179,#4180,#4181,#4182,#4183,#4184,#4185,#4186,
    #4187,#4188,#4189,#4190,#4191,#4192,#4193,#4194,#4195,#4196,#4197,
    #4198,#4199,#4200,#4201,#4202,#4203,#4204,#4205,#4206,#4207,#4208,
    #4209,#4210,#4211,#4212,#4213,#4214,#4215,#4216,#4217,#4218,#4219,
    #4220,#4221,#4222,#4223,#4224,#4225,#4226,#4227,#4228,#4229,#4230,
    #4231,#4232,#4233,#4234,#4235,#4236,#4237,#4238,#4239,#4240,#4241,
    #4242,#4243,#4244,#4245,#4246,#4247,#4248,#4249,#4250,#4251,#4252,
    #4253,#4254,#4255,#4256,#4257,#4258,#4259),.UNSPECIFIED.,.F.,.F.,(8,
    6,6,6,6,6,6,6,6,6,6,6,6,6,6,6,6,6,6,6,8),(0.,4.930771629691E-02,
    6.173809379074E-02,7.303843212085E-02,0.151270857849,0.215502602412,
    0.244227688135,0.261262135585,0.271917613322,0.281515907267,
    0.439919182146,0.520008889515,0.58693512002,0.653781778509,
    0.697982954416,0.723860707982,0.751900102752,0.76592232539,
    0.779946257642,0.978430562245,1.),.UNSPECIFIED.);
#4138 = CARTESIAN_POINT('',(0.,-30.73682843385));
#4139 = CARTESIAN_POINT('',(0.587361220251,-31.09283070695));
#4140 = CARTESIAN_POINT('',(1.214666448954,-31.40245721604));
#4141 = CARTESIAN_POINT('',(1.87164735019,-31.67256638599));
#4142 = CARTESIAN_POINT('',(2.549937986345,-31.90936578615));
#4143 = CARTESIAN_POINT('',(3.243096760985,-32.11834221815));
#4144 = CARTESIAN_POINT('',(3.946444927538,-32.3043501667));
#4145 = CARTESIAN_POINT('',(4.835781020413,-32.51408716042));
#4146 = CARTESIAN_POINT('',(5.015397701098,-32.55516759636));
#4147 = CARTESIAN_POINT('',(5.19546456175,-32.59515557758));
#4148 = CARTESIAN_POINT('',(5.375874458277,-32.63410676059));
#4149 = CARTESIAN_POINT('',(5.556520246585,-32.67207680192));
#4150 = CARTESIAN_POINT('',(5.737294782579,-32.70912135806));
#4151 = CARTESIAN_POINT('',(6.082450978579,-32.77818218733));
#4152 = CARTESIAN_POINT('',(6.246830006932,-32.81034853017));
#4153 = CARTESIAN_POINT('',(6.411142944222,-32.84184115568));
#4154 = CARTESIAN_POINT('',(6.575316310651,-32.87269488535));
#4155 = CARTESIAN_POINT('',(6.73926735952,-32.90295380658));
#4156 = CARTESIAN_POINT('',(6.90290748178,-32.93266792771));
#4157 = CARTESIAN_POINT('',(8.196437996645,-33.16400474277));
#4158 = CARTESIAN_POINT('',(9.32089127533,-33.3432657762));
#4159 = CARTESIAN_POINT('',(10.439491660663,-33.50070499468));
#4160 = CARTESIAN_POINT('',(11.552378863563,-33.63768726941));
#4161 = CARTESIAN_POINT('',(12.659863210686,-33.75586727391));
#4162 = CARTESIAN_POINT('',(13.762412895456,-33.85715200156));
#4163 = CARTESIAN_POINT('',(15.762317502905,-34.01465894092));
#4164 = CARTESIAN_POINT('',(16.661081929941,-34.0757018663));
#4165 = CARTESIAN_POINT('',(17.557278032889,-34.12793854039));
#4166 = CARTESIAN_POINT('',(18.45131211317,-34.172623514));
#4167 = CARTESIAN_POINT('',(19.343639654967,-34.21107946687));
#4168 = CARTESIAN_POINT('',(20.234757342416,-34.24467557338));
#4169 = CARTESIAN_POINT('',(21.523407836326,-34.28828044082));
#4170 = CARTESIAN_POINT('',(21.921483387785,-34.30106180159));
#4171 = CARTESIAN_POINT('',(22.319468463648,-34.31327459036));
#4172 = CARTESIAN_POINT('',(22.717410335296,-34.32504439664));
#4173 = CARTESIAN_POINT('',(23.115356666673,-34.33649737247));
#4174 = CARTESIAN_POINT('',(23.513355367931,-34.34775984525));
#4175 = CARTESIAN_POINT('',(24.147533740313,-34.36559857897));
#4176 = CARTESIAN_POINT('',(24.383648267166,-34.37221656865));
#4177 = CARTESIAN_POINT('',(24.619808021824,-34.37883823334));
#4178 = CARTESIAN_POINT('',(24.856022937633,-34.38548983739));
#4179 = CARTESIAN_POINT('',(25.092302889101,-34.39219757574));
#4180 = CARTESIAN_POINT('',(25.328657691892,-34.39898757393));
#4181 = CARTESIAN_POINT('',(25.712995934697,-34.4102009581));
#4182 = CARTESIAN_POINT('',(25.860960343579,-34.41455935226));
#4183 = CARTESIAN_POINT('',(26.008995220364,-34.41896754576));
#4184 = CARTESIAN_POINT('',(26.157105455937,-34.42343201377));
#4185 = CARTESIAN_POINT('',(26.305295941185,-34.42795923146));
#4186 = CARTESIAN_POINT('',(26.453571566991,-34.432555674));
#4187 = CARTESIAN_POINT('',(26.735582774886,-34.44143641225));
#4188 = CARTESIAN_POINT('',(26.86926429097,-34.44570444845));
#4189 = CARTESIAN_POINT('',(27.002985143785,-34.45003913199));
#4190 = CARTESIAN_POINT('',(27.136746401087,-34.45444411566));
#4191 = CARTESIAN_POINT('',(27.270547648393,-34.45892076906));
#4192 = CARTESIAN_POINT('',(27.404387810282,-34.46346944936));
#4193 = CARTESIAN_POINT('',(29.747693951839,-34.54435772753));
#4194 = CARTESIAN_POINT('',(31.967468646425,-34.64047055534));
#4195 = CARTESIAN_POINT('',(34.19466763957,-34.7608268823));
#4196 = CARTESIAN_POINT('',(36.426434688137,-34.90975406556));
#4197 = CARTESIAN_POINT('',(38.659894225589,-35.09160834548));
#4198 = CARTESIAN_POINT('',(40.892087357713,-35.31085549989));
#4199 = CARTESIAN_POINT('',(44.246340488976,-35.70423657228));
#4200 = CARTESIAN_POINT('',(45.37162610439,-35.84708322307));
#4201 = CARTESIAN_POINT('',(46.495380752243,-36.00127109877));
#4202 = CARTESIAN_POINT('',(47.617180445703,-36.16740841208));
#4203 = CARTESIAN_POINT('',(48.736581492644,-36.34611424677));
#4204 = CARTESIAN_POINT('',(49.853119332988,-36.53801936257));
#4205 = CARTESIAN_POINT('',(51.89653276969,-36.9156981292));
#4206 = CARTESIAN_POINT('',(52.824407246912,-37.09731935577));
#4207 = CARTESIAN_POINT('',(53.750025717671,-37.28799494903));
#4208 = CARTESIAN_POINT('',(54.673503612757,-37.48706764836));
#4209 = CARTESIAN_POINT('',(55.594965299967,-37.69389248257));
#4210 = CARTESIAN_POINT('',(56.514553646946,-37.907809841));
#4211 = CARTESIAN_POINT('',(58.349201038463,-38.34826132355));
#4212 = CARTESIAN_POINT('',(59.264261824877,-38.57477932907));
#4213 = CARTESIAN_POINT('',(60.177759998802,-38.8070679735));
#4214 = CARTESIAN_POINT('',(61.089858766611,-39.0444736972));
#4215 = CARTESIAN_POINT('',(62.000729618247,-39.28634299039));
#4216 = CARTESIAN_POINT('',(62.9105520504,-39.5320233807));
#4217 = CARTESIAN_POINT('',(64.420547904397,-39.9454061767));
#4218 = CARTESIAN_POINT('',(65.021205249271,-40.11132966669));
#4219 = CARTESIAN_POINT('',(65.621539121207,-40.2784466472));
#4220 = CARTESIAN_POINT('',(66.221603957451,-40.44656905239));
#4221 = CARTESIAN_POINT('',(66.821454835584,-40.61550899394));
#4222 = CARTESIAN_POINT('',(67.421147473532,-40.78507876106));
#4223 = CARTESIAN_POINT('',(68.371771013334,-41.05462505427));
#4224 = CARTESIAN_POINT('',(68.722768805986,-41.15431087464));
#4225 = CARTESIAN_POINT('',(69.07374287662,-41.25411064593));
#4226 = CARTESIAN_POINT('',(69.424704505169,-41.35398674427));
#4227 = CARTESIAN_POINT('',(69.775664982394,-41.45390155751));
#4228 = CARTESIAN_POINT('',(70.126635609885,-41.55381748528));
#4229 = CARTESIAN_POINT('',(70.85793914218,-41.76191960299));
#4230 = CARTESIAN_POINT('',(71.238275751133,-41.87009943834));
#4231 = CARTESIAN_POINT('',(71.618651921951,-41.97818862843));
#4232 = CARTESIAN_POINT('',(71.999081996881,-42.08613936097));
#4233 = CARTESIAN_POINT('',(72.379580265387,-42.19390382796));
#4234 = CARTESIAN_POINT('',(72.760160964146,-42.30143422567));
#4235 = CARTESIAN_POINT('',(73.33121121766,-42.46231667801));
#4236 = CARTESIAN_POINT('',(73.521608449205,-42.51587979517));
#4237 = CARTESIAN_POINT('',(73.71203117413,-42.56936747299));
#4238 = CARTESIAN_POINT('',(73.902481899639,-42.62277196525));
#4239 = CARTESIAN_POINT('',(74.092962589412,-42.67608681048));
#4240 = CARTESIAN_POINT('',(74.283473984749,-42.72930842869));
#4241 = CARTESIAN_POINT('',(74.664581436729,-42.83556788278));
#4242 = CARTESIAN_POINT('',(74.855177662366,-42.8886053216));
#4243 = CARTESIAN_POINT('',(75.045805354691,-42.94154400131));
#4244 = CARTESIAN_POINT('',(75.23646509262,-42.99438068829));
#4245 = CARTESIAN_POINT('',(75.427157451338,-43.04711214767));
#4246 = CARTESIAN_POINT('',(75.617883002293,-43.09973514325));
#4247 = CARTESIAN_POINT('',(78.50850769267,-43.89545223288));
#4248 = CARTESIAN_POINT('',(81.215050254684,-44.61625910789));
#4249 = CARTESIAN_POINT('',(83.930027197534,-45.30553145243));
#4250 = CARTESIAN_POINT('',(86.654863882695,-45.9540214321));
#4251 = CARTESIAN_POINT('',(89.39065756583,-46.55233095603));
#4252 = CARTESIAN_POINT('',(92.138166414558,-47.09096035098));
#4253 = CARTESIAN_POINT('',(95.197673498577,-47.61146285264));
#4254 = CARTESIAN_POINT('',(95.497705107348,-47.66166521532));
#4255 = CARTESIAN_POINT('',(95.797878946709,-47.71103865531));
#4256 = CARTESIAN_POINT('',(96.098195245266,-47.75957100679));
#4257 = CARTESIAN_POINT('',(96.398654152812,-47.80725011247));
#4258 = CARTESIAN_POINT('',(96.699255740332,-47.85406382361));
#4259 = CARTESIAN_POINT('',(97.,-47.9));
#4260 = ( GEOMETRIC_REPRESENTATION_CONTEXT(2) 
PARAMETRIC_REPRESENTATION_CONTEXT() REPRESENTATION_CONTEXT('2D SPACE',''
  ) );
#4261 = ORIENTED_EDGE('',*,*,#3387,.T.);
#4262 = ORIENTED_EDGE('',*,*,#4263,.T.);
#4263 = EDGE_CURVE('',#3388,#4264,#4266,.T.);
#4264 = VERTEX_POINT('',#4265);
#4265 = CARTESIAN_POINT('',(19.,-23.95,12.955660196211));
#4266 = SURFACE_CURVE('',#4267,(#4271,#4278),.PCURVE_S1.);
#4267 = LINE('',#4268,#4269);
#4268 = CARTESIAN_POINT('',(19.,-23.95,-20.));
#4269 = VECTOR('',#4270,1.);
#4270 = DIRECTION('',(0.,0.,1.));
#4271 = PCURVE('',#3411,#4272);
#4272 = DEFINITIONAL_REPRESENTATION('',(#4273),#4277);
#4273 = LINE('',#4274,#4275);
#4274 = CARTESIAN_POINT('',(0.,0.));
#4275 = VECTOR('',#4276,1.);
#4276 = DIRECTION('',(0.,-1.));
#4277 = ( GEOMETRIC_REPRESENTATION_CONTEXT(2) 
PARAMETRIC_REPRESENTATION_CONTEXT() REPRESENTATION_CONTEXT('2D SPACE',''
  ) );
#4278 = PCURVE('',#3450,#4279);
#4279 = DEFINITIONAL_REPRESENTATION('',(#4280),#4284);
#4280 = LINE('',#4281,#4282);
#4281 = CARTESIAN_POINT('',(28.664806985459,-14.46085525853));
#4282 = VECTOR('',#4283,1.);
#4283 = DIRECTION('',(0.,1.));
#4284 = ( GEOMETRIC_REPRESENTATION_CONTEXT(2) 
PARAMETRIC_REPRESENTATION_CONTEXT() REPRESENTATION_CONTEXT('2D SPACE',''
  ) );
#4285 = ORIENTED_EDGE('',*,*,#4286,.T.);
#4286 = EDGE_CURVE('',#4264,#4287,#4289,.T.);
#4287 = VERTEX_POINT('',#4288);
#4288 = CARTESIAN_POINT('',(119.,0.,-12.));
#4289 = SURFACE_CURVE('',#4290,(#4566,#4845),.PCURVE_S1.);
#4290 = B_SPLINE_CURVE_WITH_KNOTS('',8,(#4291,#4292,#4293,#4294,#4295,
    #4296,#4297,#4298,#4299,#4300,#4301,#4302,#4303,#4304,#4305,#4306,
    #4307,#4308,#4309,#4310,#4311,#4312,#4313,#4314,#4315,#4316,#4317,
    #4318,#4319,#4320,#4321,#4322,#4323,#4324,#4325,#4326,#4327,#4328,
    #4329,#4330,#4331,#4332,#4333,#4334,#4335,#4336,#4337,#4338,#4339,
    #4340,#4341,#4342,#4343,#4344,#4345,#4346,#4347,#4348,#4349,#4350,
    #4351,#4352,#4353,#4354,#4355,#4356,#4357,#4358,#4359,#4360,#4361,
    #4362,#4363,#4364,#4365,#4366,#4367,#4368,#4369,#4370,#4371,#4372,
    #4373,#4374,#4375,#4376,#4377,#4378,#4379,#4380,#4381,#4382,#4383,
    #4384,#4385,#4386,#4387,#4388,#4389,#4390,#4391,#4392,#4393,#4394,
    #4395,#4396,#4397,#4398,#4399,#4400,#4401,#4402,#4403,#4404,#4405,
    #4406,#4407,#4408,#4409,#4410,#4411,#4412,#4413,#4414,#4415,#4416,
    #4417,#4418,#4419,#4420,#4421,#4422,#4423,#4424,#4425,#4426,#4427,
    #4428,#4429,#4430,#4431,#4432,#4433,#4434,#4435,#4436,#4437,#4438,
    #4439,#4440,#4441,#4442,#4443,#4444,#4445,#4446,#4447,#4448,#4449,
    #4450,#4451,#4452,#4453,#4454,#4455,#4456,#4457,#4458,#4459,#4460,
    #4461,#4462,#4463,#4464,#4465,#4466,#4467,#4468,#4469,#4470,#4471,
    #4472,#4473,#4474,#4475,#4476,#4477,#4478,#4479,#4480,#4481,#4482,
    #4483,#4484,#4485,#4486,#4487,#4488,#4489,#4490,#4491,#4492,#4493,
    #4494,#4495,#4496,#4497,#4498,#4499,#4500,#4501,#4502,#4503,#4504,
    #4505,#4506,#4507,#4508,#4509,#4510,#4511,#4512,#4513,#4514,#4515,
    #4516,#4517,#4518,#4519,#4520,#4521,#4522,#4523,#4524,#4525,#4526,
    #4527,#4528,#4529,#4530,#4531,#4532,#4533,#4534,#4535,#4536,#4537,
    #4538,#4539,#4540,#4541,#4542,#4543,#4544,#4545,#4546,#4547,#4548,
    #4549,#4550,#4551,#4552,#4553,#4554,#4555,#4556,#4557,#4558,#4559,
    #4560,#4561,#4562,#4563,#4564,#4565),.UNSPECIFIED.,.F.,.F.,(9,7,7,7,
    7,7,7,7,7,7,7,7,7,7,7,7,7,7,7,7,7,7,7,7,7,7,7,7,7,7,7,7,7,7,7,7,7,7,
    7,9),(0.,5.709081825144E-02,7.113167418068E-02,0.114390121033,
    0.171289866321,0.199772721874,0.214223238427,0.228685415025,
    0.283171743472,0.291038523911,0.436578018589,0.507029713418,
    0.524538801979,0.537524381527,0.557391447225,0.577588593045,
    0.660971902723,0.680995634078,0.771903281534,0.783034755749,
    0.832470349559,0.840460426289,0.84386394105,0.850702154846,
    0.87430198438,0.884379177815,0.888996700547,0.893387410906,
    0.920299842371,0.932875648688,0.939236982251,0.945454353542,
    0.968644574439,0.975741311406,0.982684441316,0.985359057385,
    0.987987384133,0.990952237028,0.99527942927,1.),.UNSPECIFIED.);
#4291 = CARTESIAN_POINT('',(19.,-23.95,12.955660196211));
#4292 = CARTESIAN_POINT('',(19.770846073286,-23.8322596939,
    12.853698962107));
#4293 = CARTESIAN_POINT('',(20.540372507775,-23.70893327918,
    12.751240005134));
#4294 = CARTESIAN_POINT('',(21.308683589726,-23.58020607627,
    12.648204368594));
#4295 = CARTESIAN_POINT('',(22.075886162297,-23.44625868477,
    12.544514092151));
#4296 = CARTESIAN_POINT('',(22.842089005897,-23.30726744646,
    12.440092645301));
#4297 = CARTESIAN_POINT('',(23.607402218554,-23.16340490824,
    12.334865360837));
#4298 = CARTESIAN_POINT('',(24.371936596263,-23.01484028517,
    12.228759868307));
#4299 = CARTESIAN_POINT('',(25.323667518361,-22.82408658111,
    12.095377941188));
#4300 = CARTESIAN_POINT('',(25.511491543232,-22.78615890847,
    12.068992020125));
#4301 = CARTESIAN_POINT('',(25.699277170099,-22.74795928475,
    12.042547815532));
#4302 = CARTESIAN_POINT('',(25.887024282002,-22.70949055501,
    12.016043974643));
#4303 = CARTESIAN_POINT('',(26.074737304238,-22.67075459097,
    11.989480006525));
#4304 = CARTESIAN_POINT('',(26.262418080053,-22.63175378822,
    11.962854952358));
#4305 = CARTESIAN_POINT('',(26.450061279651,-22.59249204927,
    11.936166520333));
#4306 = CARTESIAN_POINT('',(27.215668220732,-22.43121394456,
    11.826991170702));
#4307 = CARTESIAN_POINT('',(27.793324340678,-22.30700309219,
    11.743957064312));
#4308 = CARTESIAN_POINT('',(28.370622362886,-22.18042456083,
    11.660270577573));
#4309 = CARTESIAN_POINT('',(28.947548694341,-22.05156393999,
    11.575890994677));
#4310 = CARTESIAN_POINT('',(29.524090887429,-21.92050709252,
    11.490777732594));
#4311 = CARTESIAN_POINT('',(30.100237639932,-21.78734015451,
    11.404890341073));
#4312 = CARTESIAN_POINT('',(30.67597879503,-21.65214953536,
    11.318188502642));
#4313 = CARTESIAN_POINT('',(32.008057752041,-21.33465190723,
    11.115465141381));
#4314 = CARTESIAN_POINT('',(32.764092217021,-21.15093060964,
    10.998819605195));
#4315 = CARTESIAN_POINT('',(33.519388319674,-20.96405486505,
    10.880603657113));
#4316 = CARTESIAN_POINT('',(34.273927936657,-20.77422199525,
    10.760725698118));
#4317 = CARTESIAN_POINT('',(35.027695087764,-20.58162959017,
    10.639094062021));
#4318 = CARTESIAN_POINT('',(35.780675785825,-20.38647529431,
    10.515616780366));
#4319 = CARTESIAN_POINT('',(36.532857886616,-20.18895659323,
    10.390201347337));
#4320 = CARTESIAN_POINT('',(37.660353011048,-19.88931185187,
    10.198957176574));
#4321 = CARTESIAN_POINT('',(38.03627223831,-19.78881005003,
    10.134650844032));
#4322 = CARTESIAN_POINT('',(38.411987266985,-19.68778994537,
    10.069823809663));
#4323 = CARTESIAN_POINT('',(38.78749679126,-19.58627627239,
    10.004464341959));
#4324 = CARTESIAN_POINT('',(39.16279955307,-19.48429374914,
    9.938560655272));
#4325 = CARTESIAN_POINT('',(39.537894342095,-19.38186707714,
    9.872100909813));
#4326 = CARTESIAN_POINT('',(39.912779995768,-19.27902094149,
    9.805073211656));
#4327 = CARTESIAN_POINT('',(40.477543542297,-19.12340166775,
    9.703165515067));
#4328 = CARTESIAN_POINT('',(40.667577563062,-19.07092170632,
    9.668716152592));
#4329 = CARTESIAN_POINT('',(40.857557313361,-19.01834334749,
    9.634115963979));
#4330 = CARTESIAN_POINT('',(41.047482645575,-18.96566981083,
    9.59936338322));
#4331 = CARTESIAN_POINT('',(41.237353412665,-18.91290431446,
    9.564456839635));
#4332 = CARTESIAN_POINT('',(41.427169468173,-18.86005007509,
    9.529394757864));
#4333 = CARTESIAN_POINT('',(41.61693066622,-18.80711030796,
    9.494175557873));
#4334 = CARTESIAN_POINT('',(41.996496129724,-18.70102336257,
    9.423391205788));
#4335 = CARTESIAN_POINT('',(42.186300237722,-18.64787587282,
    9.387825809703));
#4336 = CARTESIAN_POINT('',(42.376048963519,-18.59464876108,
    9.352099893648));
#4337 = CARTESIAN_POINT('',(42.56574332605,-18.54134845601,
    9.316211644032));
#4338 = CARTESIAN_POINT('',(42.755384438278,-18.48798164404,
    9.280159219588));
#4339 = CARTESIAN_POINT('',(42.944973014051,-18.43455390819,
    9.243940842667));
#4340 = CARTESIAN_POINT('',(43.134509528701,-18.38107017314,
    9.207554768963));
#4341 = CARTESIAN_POINT('',(44.037882695747,-18.12585027366,
    9.033275589723));
#4342 = CARTESIAN_POINT('',(44.751044377297,-17.92345887874,
    8.893145645101));
#4343 = CARTESIAN_POINT('',(45.46352343842,-17.72067150914,
    8.750512129192));
#4344 = CARTESIAN_POINT('',(46.175361280764,-17.51779641985,
    8.605275843264));
#4345 = CARTESIAN_POINT('',(46.886597103219,-17.31514094811,
    8.457335364234));
#4346 = CARTESIAN_POINT('',(47.597267657884,-17.11301107816,
    8.306586846449));
#4347 = CARTESIAN_POINT('',(48.307407006036,-16.91171100591,
    8.152923823477));
#4348 = CARTESIAN_POINT('',(49.119504569094,-16.68264224136,
    7.973614440242));
#4349 = CARTESIAN_POINT('',(49.221952448345,-16.65376536901,
    7.950928928104));
#4350 = CARTESIAN_POINT('',(49.324390238587,-16.62491292968,
    7.928180852691));
#4351 = CARTESIAN_POINT('',(49.426818266343,-16.5960857654,
    7.905370593223));
#4352 = CARTESIAN_POINT('',(49.529236857921,-16.56728471716,
    7.88249852893));
#4353 = CARTESIAN_POINT('',(49.631646339417,-16.538510625,7.859565039051
    ));
#4354 = CARTESIAN_POINT('',(49.734047036715,-16.50976432791,
    7.836570502833));
#4355 = CARTESIAN_POINT('',(51.730748491801,-15.94975507142,
    7.386982149944));
#4356 = CARTESIAN_POINT('',(53.622071501045,-15.42828944734,
    6.939705059625));
#4357 = CARTESIAN_POINT('',(55.512604805468,-14.92191613825,
    6.474059066363));
#4358 = CARTESIAN_POINT('',(57.404384730572,-14.43582910484,
    5.992444748967));
#4359 = CARTESIAN_POINT('',(59.29930646166,-13.97516539908,5.49733405218
    ));
#4360 = CARTESIAN_POINT('',(61.19913748302,-13.54501387926,
    4.991305668175));
#4361 = CARTESIAN_POINT('',(63.105523392445,-13.15040901796,
    4.477069614695));
#4362 = CARTESIAN_POINT('',(65.946722192649,-12.62488795473,
    3.705961821472));
#4363 = CARTESIAN_POINT('',(66.875323429121,-12.46295333514,
    3.453196492688));
#4364 = CARTESIAN_POINT('',(67.80567548907,-12.3101084301,3.199585973899
    ));
#4365 = CARTESIAN_POINT('',(68.737680544376,-12.16597852296,
    2.945534626302));
#4366 = CARTESIAN_POINT('',(69.671253974219,-12.03020231573,
    2.691448263255));
#4367 = CARTESIAN_POINT('',(70.6063231164,-11.90243069567,2.437732551637
    ));
#4368 = CARTESIAN_POINT('',(71.542826018656,-11.78232550182,
    2.184791413196));
#4369 = CARTESIAN_POINT('',(72.713798933356,-11.64153269084,
    1.870454994081));
#4370 = CARTESIAN_POINT('',(72.946972800678,-11.61396034274,
    1.807957198197));
#4371 = CARTESIAN_POINT('',(73.180230926458,-11.5868362141,
    1.745538208543));
#4372 = CARTESIAN_POINT('',(73.413572461151,-11.56015530684,
    1.683204185658));
#4373 = CARTESIAN_POINT('',(73.64699657116,-11.53391265798,
    1.620961280332));
#4374 = CARTESIAN_POINT('',(73.880502438835,-11.50810333964,
    1.558815633602));
#4375 = CARTESIAN_POINT('',(74.114089262468,-11.48272245906,
    1.496773376754));
#4376 = CARTESIAN_POINT('',(74.521054902054,-11.43925562793,
    1.388908337961));
#4377 = CARTESIAN_POINT('',(74.694397642003,-11.42097908297,
    1.343036279939));
#4378 = CARTESIAN_POINT('',(74.867784154482,-11.40293354159,
    1.297226954168));
#4379 = CARTESIAN_POINT('',(75.041214119755,-11.38511703081,
    1.251482853702));
#4380 = CARTESIAN_POINT('',(75.214687220018,-11.36752758674,
    1.205806467737));
#4381 = CARTESIAN_POINT('',(75.388203139394,-11.35016325462,
    1.160200281612));
#4382 = CARTESIAN_POINT('',(75.561761563939,-11.33302208878,
    1.11466677681));
#4383 = CARTESIAN_POINT('',(76.000959482421,-11.29021578533,
    0.999660210925));
#4384 = CARTESIAN_POINT('',(76.266655453379,-11.2648472561,
    0.930287925601));
#4385 = CARTESIAN_POINT('',(76.53245016679,-11.23998951774,
    0.861100313712));
#4386 = CARTESIAN_POINT('',(76.798338221833,-11.21563608806,
    0.792106684378));
#4387 = CARTESIAN_POINT('',(77.064316873558,-11.19178024374,
    0.723316059556));
#4388 = CARTESIAN_POINT('',(77.33038419981,-11.16841520024,
    0.654737366528));
#4389 = CARTESIAN_POINT('',(77.596535924581,-11.14553442423,
    0.586379772376));
#4390 = CARTESIAN_POINT('',(78.133426429327,-11.10035580837,
    0.448992831967));
#4391 = CARTESIAN_POINT('',(78.404167844018,-11.07807397771,
    0.379971206337));
#4392 = CARTESIAN_POINT('',(78.674990537077,-11.0562787636,
    0.311196865595));
#4393 = CARTESIAN_POINT('',(78.945891274108,-11.0349632093,
    0.242679292858));
#4394 = CARTESIAN_POINT('',(79.216866809579,-11.01412037038,
    0.174427964252));
#4395 = CARTESIAN_POINT('',(79.487913886828,-10.99374331469,
    0.106452348922));
#4396 = CARTESIAN_POINT('',(79.759029238055,-10.97382512237,
    3.876190902283E-02));
#4397 = CARTESIAN_POINT('',(81.149769496091,-10.87399311325,
    -0.306875473996));
#4398 = CARTESIAN_POINT('',(82.270433213132,-10.80133088291,
    -0.580094174046));
#4399 = CARTESIAN_POINT('',(83.391975112037,-10.73588516691,
    -0.847626500599));
#4400 = CARTESIAN_POINT('',(84.514159053861,-10.6771719542,-1.1088086914
    ));
#4401 = CARTESIAN_POINT('',(85.636736481814,-10.62470660451,
    -1.362978010726));
#4402 = CARTESIAN_POINT('',(86.759444518949,-10.57800020236,
    -1.609474038358));
#4403 = CARTESIAN_POINT('',(87.882004065854,-10.53655591095,
    -1.847639958553));
#4404 = CARTESIAN_POINT('',(89.273583166848,-10.49105442121,
    -2.131860242637));
#4405 = CARTESIAN_POINT('',(89.543022568773,-10.48251739645,
    -2.186378629875));
#4406 = CARTESIAN_POINT('',(89.812443257869,-10.47421981466,
    -2.240372309941));
#4407 = CARTESIAN_POINT('',(90.081852541951,-10.46612690562,
    -2.293834506853));
#4408 = CARTESIAN_POINT('',(90.351257882894,-10.45820356614,
    -2.346758369431));
#4409 = CARTESIAN_POINT('',(90.620666896636,-10.45041436006,
    -2.399136971299));
#4410 = CARTESIAN_POINT('',(90.890087353173,-10.44272351822,
    -2.450963310881));
#4411 = CARTESIAN_POINT('',(92.382782724728,-10.40046122169,
    -2.734982255942));
#4412 = CARTESIAN_POINT('',(93.606371178072,-10.36711375598,
    -2.956192552751));
#4413 = CARTESIAN_POINT('',(94.83112657298,-10.33168111832,
    -3.165217031422));
#4414 = CARTESIAN_POINT('',(96.057822257029,-10.29070047201,
    -3.361343100903));
#4415 = CARTESIAN_POINT('',(97.287148557659,-10.24071522592,
    -3.543775879103));
#4416 = CARTESIAN_POINT('',(98.519682907001,-10.17840067659,
    -3.71162732139));
#4417 = CARTESIAN_POINT('',(99.755859987674,-10.1006852231,
    -3.863912479267));
#4418 = CARTESIAN_POINT('',(101.14779613978,-9.993098029655,
    -4.016166445045));
#4419 = CARTESIAN_POINT('',(101.29970046852,-9.981089487118,
    -4.032525539046));
#4420 = CARTESIAN_POINT('',(101.45166031425,-9.968804301878,
    -4.04866807449));
#4421 = CARTESIAN_POINT('',(101.60367357321,-9.956237761147,
    -4.064627972607));
#4422 = CARTESIAN_POINT('',(101.75573817417,-9.943385254313,
    -4.080439303851));
#4423 = CARTESIAN_POINT('',(101.90785207849,-9.930242272944,
    -4.096136287897));
#4424 = CARTESIAN_POINT('',(102.06001328009,-9.916804410785,
    -4.111753293645));
#4425 = CARTESIAN_POINT('',(102.88817878593,-9.842060253321,
    -4.196479075839));
#4426 = CARTESIAN_POINT('',(103.56495130855,-9.775159533106,
    -4.264728291353));
#4427 = CARTESIAN_POINT('',(104.24247656199,-9.701981254014,
    -4.335106017133));
#4428 = CARTESIAN_POINT('',(104.92057153605,-9.622189200758,
    -4.410679479177));
#4429 = CARTESIAN_POINT('',(105.59892934699,-9.535508939557,
    -4.494548871707));
#4430 = CARTESIAN_POINT('',(106.27711995598,-9.441741010354,
    -4.589817375845));
#4431 = CARTESIAN_POINT('',(106.95459328056,-9.34077326355,
    -4.699531923385));
#4432 = CARTESIAN_POINT('',(107.73995864324,-9.215107492743,
    -4.847131353452));
#4433 = CARTESIAN_POINT('',(107.84919424638,-9.19743457372,
    -4.868120754407));
#4434 = CARTESIAN_POINT('',(107.95838821575,-9.179573613758,
    -4.889575067489));
#4435 = CARTESIAN_POINT('',(108.0675371125,-9.161524729531,
    -4.911506298895));
#4436 = CARTESIAN_POINT('',(108.17663735191,-9.143288124831,
    -4.933926302026));
#4437 = CARTESIAN_POINT('',(108.28568520328,-9.124864090568,
    -4.956846777489));
#4438 = CARTESIAN_POINT('',(108.39467679001,-9.106253004771,
    -4.980279273101));
#4439 = CARTESIAN_POINT('',(108.55000930679,-9.079448131043,
    -5.014439628559));
#4440 = CARTESIAN_POINT('',(108.59639958433,-9.071407074226,
    -5.024739043054));
#4441 = CARTESIAN_POINT('',(108.64277861113,-9.0633321984,
    -5.035134306208));
#4442 = CARTESIAN_POINT('',(108.68914607133,-9.055223542901,
    -5.045626290365));
#4443 = CARTESIAN_POINT('',(108.73550164425,-9.047081150146,
    -5.056215861372));
#4444 = CARTESIAN_POINT('',(108.78184500435,-9.038905065626,
    -5.06690387858));
#4445 = CARTESIAN_POINT('',(108.82817582132,-9.030695337914,
    -5.07769119484));
#4446 = CARTESIAN_POINT('',(108.96755401958,-9.005889851779,
    -5.110453334835));
#4447 = CARTESIAN_POINT('',(109.06056152213,-8.989190896637,
    -5.132732084682));
#4448 = CARTESIAN_POINT('',(109.15351871169,-8.972363460771,
    -5.155423009325));
#4449 = CARTESIAN_POINT('',(109.24641211889,-8.955391792396,
    -5.178530350615));
#4450 = CARTESIAN_POINT('',(109.33923391546,-8.938268691366,
    -5.202059381123));
#4451 = CARTESIAN_POINT('',(109.43197891929,-8.920991008177,
    -5.226015733985));
#4452 = CARTESIAN_POINT('',(109.52463707241,-8.903548277811,
    -5.250403689686));
#4453 = CARTESIAN_POINT('',(109.93665657317,-8.825147428033,
    -5.360900611443));
#4454 = CARTESIAN_POINT('',(110.25499451615,-8.762322750657,
    -5.451769806285));
#4455 = CARTESIAN_POINT('',(110.57189123957,-8.697170831776,
    -5.548020365681));
#4456 = CARTESIAN_POINT('',(110.88702410681,-8.629408475892,
    -5.649797804611));
#4457 = CARTESIAN_POINT('',(111.20007067337,-8.558755361701,
    -5.757202188504));
#4458 = CARTESIAN_POINT('',(111.51070751255,-8.484930240458,
    -5.87028201091));
#4459 = CARTESIAN_POINT('',(111.81860904106,-8.407647134344,
    -5.989028071171));
#4460 = CARTESIAN_POINT('',(112.25361272872,-8.292009106455,
    -6.166460573954));
#4461 = CARTESIAN_POINT('',(112.38322068368,-8.25672232083,
    -6.220573696222));
#4462 = CARTESIAN_POINT('',(112.51224482501,-8.220728345723,
    -6.275701268787));
#4463 = CARTESIAN_POINT('',(112.64065973227,-8.184003869219,
    -6.331835675737));
#4464 = CARTESIAN_POINT('',(112.7684399491,-8.146525099727,
    -6.388967135351));
#4465 = CARTESIAN_POINT('',(112.89555998322,-8.108267765979,
    -6.4470837001));
#4466 = CARTESIAN_POINT('',(113.02199430645,-8.069207117032,
    -6.506171256652));
#4467 = CARTESIAN_POINT('',(113.2053255605,-8.011040088784,
    -6.593725803442));
#4468 = CARTESIAN_POINT('',(113.2627844239,-7.992588272176,
    -6.621438521647));
#4469 = CARTESIAN_POINT('',(113.32009148322,-7.973960032663,
    -6.649350105841));
#4470 = CARTESIAN_POINT('',(113.37724427159,-7.955152897276,
    -6.677458878526));
#4471 = CARTESIAN_POINT('',(113.43424031699,-7.936164359858,
    -6.705763059343));
#4472 = CARTESIAN_POINT('',(113.4910771422,-7.916991881063,
    -6.734260765076));
#4473 = CARTESIAN_POINT('',(113.54775226485,-7.897632888354,
    -6.76295000965));
#4474 = CARTESIAN_POINT('',(113.65799831711,-7.859496865484,
    -6.819288879286));
#4475 = CARTESIAN_POINT('',(113.71158490904,-7.840737983023,
    -6.846920328879));
#4476 = CARTESIAN_POINT('',(113.76502111694,-7.821805776898,
    -6.874721337487));
#4477 = CARTESIAN_POINT('',(113.81830446609,-7.802698096411,
    -6.902689922727));
#4478 = CARTESIAN_POINT('',(113.87143270633,-7.783412671002,
    -6.930824083855));
#4479 = CARTESIAN_POINT('',(113.92440399603,-7.763947038362,
    -6.95912185508));
#4480 = CARTESIAN_POINT('',(113.97721642692,-7.744298721527,
    -6.987581163591));
#4481 = CARTESIAN_POINT('',(114.3525827735,-7.602900805431,
    -7.191612750491));
#4482 = CARTESIAN_POINT('',(114.66918473812,-7.474405920963,
    -7.372988049187));
#4483 = CARTESIAN_POINT('',(114.97870353631,-7.338605443307,
    -7.559681514457));
#4484 = CARTESIAN_POINT('',(115.28019897202,-7.195129537393,
    -7.75112779812));
#4485 = CARTESIAN_POINT('',(115.57274861071,-7.043620121438,
    -7.94679766073));
#4486 = CARTESIAN_POINT('',(115.85544835918,-6.883737394411,
    -8.146177477012));
#4487 = CARTESIAN_POINT('',(116.12742003951,-6.715164601306,
    -8.34875697209));
#4488 = CARTESIAN_POINT('',(116.50950287974,-6.454639399987,
    -8.649924092281));
#4489 = CARTESIAN_POINT('',(116.62865522871,-6.369710545197,
    -8.746418525852));
#4490 = CARTESIAN_POINT('',(116.74519083367,-6.282793437956,
    -8.843439908137));
#4491 = CARTESIAN_POINT('',(116.85902361259,-6.193861186571,
    -8.940932272312));
#4492 = CARTESIAN_POINT('',(116.97006915223,-6.102888677313,
    -9.038838079164));
#4493 = CARTESIAN_POINT('',(117.07824516452,-6.009852469809,
    -9.137097722053));
#4494 = CARTESIAN_POINT('',(117.18347194298,-5.914730692422,
    -9.235649031871));
#4495 = CARTESIAN_POINT('',(117.33737001031,-5.768321345288,
    -9.384392422471));
#4496 = CARTESIAN_POINT('',(117.38829295972,-5.718600866832,
    -9.434415944334));
#4497 = CARTESIAN_POINT('',(117.43843170679,-5.668338897818,
    -9.484488953868));
#4498 = CARTESIAN_POINT('',(117.48777652311,-5.617532872486,
    -9.534602772338));
#4499 = CARTESIAN_POINT('',(117.53631791243,-5.566180263766,
    -9.584748435983));
#4500 = CARTESIAN_POINT('',(117.58404661064,-5.514278583279,
    -9.634916696021));
#4501 = CARTESIAN_POINT('',(117.63095358581,-5.461825381339,
    -9.685098018645));
#4502 = CARTESIAN_POINT('',(117.72206374201,-5.357010708127,
    -9.784331432902));
#4503 = CARTESIAN_POINT('',(117.76630400494,-5.304673890036,
    -9.833383219226));
#4504 = CARTESIAN_POINT('',(117.80974311472,-5.251806124605,
    -9.882429281983));
#4505 = CARTESIAN_POINT('',(117.85237216527,-5.198403698191,
    -9.931458837278));
#4506 = CARTESIAN_POINT('',(117.8941842469,-5.144465416145,
    -9.980462871653));
#4507 = CARTESIAN_POINT('',(117.9351722917,-5.089989317909,
    -10.02943137955));
#4508 = CARTESIAN_POINT('',(117.97532758359,-5.034970401311,
    -10.07835141179));
#4509 = CARTESIAN_POINT('',(118.1612950612,-4.772166388546,
    -10.30946410841));
#4510 = CARTESIAN_POINT('',(118.29629469981,-4.557379097035,
    -10.49091591229));
#4511 = CARTESIAN_POINT('',(118.41951370135,-4.335259687765,
    -10.67125162114));
#4512 = CARTESIAN_POINT('',(118.5309016022,-4.106046117532,
    -10.85016757216));
#4513 = CARTESIAN_POINT('',(118.63048180498,-3.870018070859,
    -11.02739863295));
#4514 = CARTESIAN_POINT('',(118.7183434083,-3.62743737323,
    -11.20264764463));
#4515 = CARTESIAN_POINT('',(118.79463558373,-3.378616047503,
    -11.37567010821));
#4516 = CARTESIAN_POINT('',(118.87942779157,-3.045686815704,
    -11.5981466349));
#4517 = CARTESIAN_POINT('',(118.89823144156,-2.96710464447,
    -11.65002600663));
#4518 = CARTESIAN_POINT('',(118.91597642642,-2.887954907818,
    -11.70164263348));
#4519 = CARTESIAN_POINT('',(118.93266895216,-2.80823935146,
    -11.75298104943));
#4520 = CARTESIAN_POINT('',(118.94831555572,-2.727958335245,
    -11.80402335111));
#4521 = CARTESIAN_POINT('',(118.96292311365,-2.647109377652,
    -11.8547472803));
#4522 = CARTESIAN_POINT('',(118.97649882787,-2.565683615907,
    -11.90512153389));
#4523 = CARTESIAN_POINT('',(119.00132987852,-2.403412123816,
    -12.00399333402));
#4524 = CARTESIAN_POINT('',(119.0126257786,-2.322613053779,
    -12.05249249711));
#4525 = CARTESIAN_POINT('',(119.02294785061,-2.241233309619,
    -12.10057944912));
#4526 = CARTESIAN_POINT('',(119.03230909108,-2.159191805694,
    -12.14814455224));
#4527 = CARTESIAN_POINT('',(119.04071393049,-2.076457245166,
    -12.1951192465));
#4528 = CARTESIAN_POINT('',(119.04816988401,-1.992896586847,
    -12.24126335367));
#4529 = CARTESIAN_POINT('',(119.05468287194,-1.908392975107,
    -12.28632904624));
#4530 = CARTESIAN_POINT('',(119.06239915053,-1.78934998305,
    -12.34611489276));
#4531 = CARTESIAN_POINT('',(119.06440428872,-1.75604475675,
    -12.36245170072));
#4532 = CARTESIAN_POINT('',(119.06626948873,-1.722503109494,
    -12.37845663684));
#4533 = CARTESIAN_POINT('',(119.06799441873,-1.688689996949,
    -12.39406840954));
#4534 = CARTESIAN_POINT('',(119.06957804848,-1.654569405595,
    -12.40920317907));
#4535 = CARTESIAN_POINT('',(119.07101877025,-1.620099679332,
    -12.42374586167));
#4536 = CARTESIAN_POINT('',(119.07231424968,-1.585226169379,
    -12.43753672194));
#4537 = CARTESIAN_POINT('',(119.07458791714,-1.515128130481,
    -12.4629479704));
#4538 = CARTESIAN_POINT('',(119.07557186926,-1.479899373563,
    -12.47460915929));
#4539 = CARTESIAN_POINT('',(119.07640864706,-1.444128859562,
    -12.48511889129));
#4540 = CARTESIAN_POINT('',(119.07709122466,-1.407798975671,
    -12.49417403435));
#4541 = CARTESIAN_POINT('',(119.07761175108,-1.370932794679,
    -12.50142096902));
#4542 = CARTESIAN_POINT('',(119.07796223948,-1.333583183836,
    -12.50640913793));
#4543 = CARTESIAN_POINT('',(119.0781364086,-1.295893732749,
    -12.50888739276));
#4544 = CARTESIAN_POINT('',(119.07813362936,-1.215538114998,
    -12.50884784611));
#4545 = CARTESIAN_POINT('',(119.07790887436,-1.172990018508,
    -12.5056501541));
#4546 = CARTESIAN_POINT('',(119.07746449006,-1.130828441322,
    -12.49932598184));
#4547 = CARTESIAN_POINT('',(119.07681419232,-1.089197157521,
    -12.49034510307));
#4548 = CARTESIAN_POINT('',(119.07597142527,-1.048131867524,
    -12.47939335996));
#4549 = CARTESIAN_POINT('',(119.07494878892,-1.007640654788,
    -12.46691446498));
#4550 = CARTESIAN_POINT('',(119.07375631676,-0.967670962915,
    -12.45328127899));
#4551 = CARTESIAN_POINT('',(119.07041672903,-0.870365718935,
    -12.41748226422));
#4552 = CARTESIAN_POINT('',(119.0680831248,-0.813499975066,
    -12.39427937699));
#4553 = CARTESIAN_POINT('',(119.06541293147,-0.757187317547,
    -12.36986615701));
#4554 = CARTESIAN_POINT('',(119.06241459831,-0.701276588493,
    -12.34462937959));
#4555 = CARTESIAN_POINT('',(119.05909528082,-0.645671889238,
    -12.31880622032));
#4556 = CARTESIAN_POINT('',(119.05546085962,-0.590292239058,
    -12.29255699563));
#4557 = CARTESIAN_POINT('',(119.05151419737,-0.535064883425,
    -12.26597696138));
#4558 = CARTESIAN_POINT('',(119.04260938173,-0.419739651475,
    -12.20983421724));
#4559 = CARTESIAN_POINT('',(119.03759510164,-0.359697190668,
    -12.1802403891));
#4560 = CARTESIAN_POINT('',(119.03221691635,-0.299724770162,
    -12.1504426652));
#4561 = CARTESIAN_POINT('',(119.02647881195,-0.239787298683,
    -12.12050252882));
#4562 = CARTESIAN_POINT('',(119.02038454026,-0.179861777392,
    -12.09046088282));
#4563 = CARTESIAN_POINT('',(119.01393770564,-0.119930935216,
    -12.06034822323));
#4564 = CARTESIAN_POINT('',(119.00714177341,-5.998048493177E-02,
    -12.03018897644));
#4565 = CARTESIAN_POINT('',(119.,0.,-12.));
#4566 = PCURVE('',#3411,#4567);
#4567 = DEFINITIONAL_REPRESENTATION('',(#4568),#4844);
#4568 = B_SPLINE_CURVE_WITH_KNOTS('',8,(#4569,#4570,#4571,#4572,#4573,
    #4574,#4575,#4576,#4577,#4578,#4579,#4580,#4581,#4582,#4583,#4584,
    #4585,#4586,#4587,#4588,#4589,#4590,#4591,#4592,#4593,#4594,#4595,
    #4596,#4597,#4598,#4599,#4600,#4601,#4602,#4603,#4604,#4605,#4606,
    #4607,#4608,#4609,#4610,#4611,#4612,#4613,#4614,#4615,#4616,#4617,
    #4618,#4619,#4620,#4621,#4622,#4623,#4624,#4625,#4626,#4627,#4628,
    #4629,#4630,#4631,#4632,#4633,#4634,#4635,#4636,#4637,#4638,#4639,
    #4640,#4641,#4642,#4643,#4644,#4645,#4646,#4647,#4648,#4649,#4650,
    #4651,#4652,#4653,#4654,#4655,#4656,#4657,#4658,#4659,#4660,#4661,
    #4662,#4663,#4664,#4665,#4666,#4667,#4668,#4669,#4670,#4671,#4672,
    #4673,#4674,#4675,#4676,#4677,#4678,#4679,#4680,#4681,#4682,#4683,
    #4684,#4685,#4686,#4687,#4688,#4689,#4690,#4691,#4692,#4693,#4694,
    #4695,#4696,#4697,#4698,#4699,#4700,#4701,#4702,#4703,#4704,#4705,
    #4706,#4707,#4708,#4709,#4710,#4711,#4712,#4713,#4714,#4715,#4716,
    #4717,#4718,#4719,#4720,#4721,#4722,#4723,#4724,#4725,#4726,#4727,
    #4728,#4729,#4730,#4731,#4732,#4733,#4734,#4735,#4736,#4737,#4738,
    #4739,#4740,#4741,#4742,#4743,#4744,#4745,#4746,#4747,#4748,#4749,
    #4750,#4751,#4752,#4753,#4754,#4755,#4756,#4757,#4758,#4759,#4760,
    #4761,#4762,#4763,#4764,#4765,#4766,#4767,#4768,#4769,#4770,#4771,
    #4772,#4773,#4774,#4775,#4776,#4777,#4778,#4779,#4780,#4781,#4782,
    #4783,#4784,#4785,#4786,#4787,#4788,#4789,#4790,#4791,#4792,#4793,
    #4794,#4795,#4796,#4797,#4798,#4799,#4800,#4801,#4802,#4803,#4804,
    #4805,#4806,#4807,#4808,#4809,#4810,#4811,#4812,#4813,#4814,#4815,
    #4816,#4817,#4818,#4819,#4820,#4821,#4822,#4823,#4824,#4825,#4826,
    #4827,#4828,#4829,#4830,#4831,#4832,#4833,#4834,#4835,#4836,#4837,
    #4838,#4839,#4840,#4841,#4842,#4843),.UNSPECIFIED.,.F.,.F.,(9,7,7,7,
    7,7,7,7,7,7,7,7,7,7,7,7,7,7,7,7,7,7,7,7,7,7,7,7,7,7,7,7,7,7,7,7,7,7,
    7,9),(0.,5.709081825144E-02,7.113167418068E-02,0.114390121033,
    0.171289866321,0.199772721874,0.214223238427,0.228685415025,
    0.283171743472,0.291038523911,0.436578018589,0.507029713418,
    0.524538801979,0.537524381527,0.557391447225,0.577588593045,
    0.660971902723,0.680995634078,0.771903281534,0.783034755749,
    0.832470349559,0.840460426289,0.84386394105,0.850702154846,
    0.87430198438,0.884379177815,0.888996700547,0.893387410906,
    0.920299842371,0.932875648688,0.939236982251,0.945454353542,
    0.968644574439,0.975741311406,0.982684441316,0.985359057385,
    0.987987384133,0.990952237028,0.99527942927,1.),.UNSPECIFIED.);
#4569 = CARTESIAN_POINT('',(0.,-32.95566019621));
#4570 = CARTESIAN_POINT('',(0.77950875238,-32.8536989621));
#4571 = CARTESIAN_POINT('',(1.558666472317,-32.75124000513));
#4572 = CARTESIAN_POINT('',(2.337556944734,-32.64820436859));
#4573 = CARTESIAN_POINT('',(3.11626722662,-32.54451409215));
#4574 = CARTESIAN_POINT('',(3.894886988898,-32.4400926453));
#4575 = CARTESIAN_POINT('',(4.673507858288,-32.33486536083));
#4576 = CARTESIAN_POINT('',(5.452222759179,-32.2287598683));
#4577 = CARTESIAN_POINT('',(6.422687718043,-32.09537794118));
#4578 = CARTESIAN_POINT('',(6.614261447603,-32.06899202012));
#4579 = CARTESIAN_POINT('',(6.80584827896,-32.04254781553));
#4580 = CARTESIAN_POINT('',(6.997447799883,-32.01604397464));
#4581 = CARTESIAN_POINT('',(7.189064241784,-31.98948000652));
#4582 = CARTESIAN_POINT('',(7.380699202199,-31.96285495235));
#4583 = CARTESIAN_POINT('',(7.572346951606,-31.93616652033));
#4584 = CARTESIAN_POINT('',(8.354500562024,-31.8269911707));
#4585 = CARTESIAN_POINT('',(8.94512429328,-31.74395706431));
#4586 = CARTESIAN_POINT('',(9.53585673152,-31.66027057757));
#4587 = CARTESIAN_POINT('',(10.126675411842,-31.57589099467));
#4588 = CARTESIAN_POINT('',(10.717558943754,-31.49077773259));
#4589 = CARTESIAN_POINT('',(11.308487011174,-31.40489034107));
#4590 = CARTESIAN_POINT('',(11.899440372429,-31.31818850264));
#4591 = CARTESIAN_POINT('',(13.267717284665,-31.11546514138));
#4592 = CARTESIAN_POINT('',(14.045045428278,-30.99881960519));
#4593 = CARTESIAN_POINT('',(14.822344097575,-30.88060365711));
#4594 = CARTESIAN_POINT('',(15.599574235051,-30.76072569811));
#4595 = CARTESIAN_POINT('',(16.376698799247,-30.63909406202));
#4596 = CARTESIAN_POINT('',(17.153682644779,-30.51561678036));
#4597 = CARTESIAN_POINT('',(17.930492402369,-30.39020134733));
#4598 = CARTESIAN_POINT('',(19.095848508865,-30.19895717657));
#4599 = CARTESIAN_POINT('',(19.484548972256,-30.13465084403));
#4600 = CARTESIAN_POINT('',(19.873193725154,-30.06982380966));
#4601 = CARTESIAN_POINT('',(20.261778788124,-30.00446434195));
#4602 = CARTESIAN_POINT('',(20.650300226192,-29.93856065527));
#4603 = CARTESIAN_POINT('',(21.038754148849,-29.87210090981));
#4604 = CARTESIAN_POINT('',(21.427136710042,-29.80507321165));
#4605 = CARTESIAN_POINT('',(22.012448319159,-29.70316551506));
#4606 = CARTESIAN_POINT('',(22.2094331786,-29.66871615259));
#4607 = CARTESIAN_POINT('',(22.406398187495,-29.63411596397));
#4608 = CARTESIAN_POINT('',(22.603342847225,-29.59936338322));
#4609 = CARTESIAN_POINT('',(22.800266659566,-29.56445683963));
#4610 = CARTESIAN_POINT('',(22.997169126688,-29.52939475786));
#4611 = CARTESIAN_POINT('',(23.194049751151,-29.49417555787));
#4612 = CARTESIAN_POINT('',(23.587925164582,-29.42339120578));
#4613 = CARTESIAN_POINT('',(23.784919948697,-29.3878258097));
#4614 = CARTESIAN_POINT('',(23.981891934693,-29.35209989364));
#4615 = CARTESIAN_POINT('',(24.178840000887,-29.31621164403));
#4616 = CARTESIAN_POINT('',(24.375762975043,-29.28015921958));
#4617 = CARTESIAN_POINT('',(24.572659899441,-29.24394084266));
#4618 = CARTESIAN_POINT('',(24.769529943458,-29.20755476896));
#4619 = CARTESIAN_POINT('',(25.707975337876,-29.03327558972));
#4620 = CARTESIAN_POINT('',(26.449180435126,-28.8931456451));
#4621 = CARTESIAN_POINT('',(27.189935256337,-28.75051212919));
#4622 = CARTESIAN_POINT('',(27.93018604871,-28.60527584326));
#4623 = CARTESIAN_POINT('',(28.669877202602,-28.45733536423));
#4624 = CARTESIAN_POINT('',(29.408951148426,-28.30658684644));
#4625 = CARTESIAN_POINT('',(30.147348253545,-28.15292382347));
#4626 = CARTESIAN_POINT('',(30.991510448718,-27.97361444024));
#4627 = CARTESIAN_POINT('',(31.097998789949,-27.9509289281));
#4628 = CARTESIAN_POINT('',(31.204471799159,-27.92818085269));
#4629 = CARTESIAN_POINT('',(31.31092953274,-27.90537059322));
#4630 = CARTESIAN_POINT('',(31.417372047189,-27.88249852893));
#4631 = CARTESIAN_POINT('',(31.523799399107,-27.85956503905));
#4632 = CARTESIAN_POINT('',(31.630211645199,-27.83657050283));
#4633 = CARTESIAN_POINT('',(33.705011852441,-27.38698214994));
#4634 = CARTESIAN_POINT('',(35.668169272666,-26.93970505962));
#4635 = CARTESIAN_POINT('',(37.626581234884,-26.47405906636));
#4636 = CARTESIAN_POINT('',(39.580617042732,-25.99244474896));
#4637 = CARTESIAN_POINT('',(41.530529802213,-25.49733405218));
#4638 = CARTESIAN_POINT('',(43.47646532774,-24.99130566817));
#4639 = CARTESIAN_POINT('',(45.418468605202,-24.47706961469));
#4640 = CARTESIAN_POINT('',(48.294634854788,-23.70596182147));
#4641 = CARTESIAN_POINT('',(49.231824857255,-23.45319649268));
#4642 = CARTESIAN_POINT('',(50.168299870284,-23.19958597389));
#4643 = CARTESIAN_POINT('',(51.104306154021,-22.9455346263));
#4644 = CARTESIAN_POINT('',(52.040098027389,-22.69144826325));
#4645 = CARTESIAN_POINT('',(52.975938435937,-22.43773255163));
#4646 = CARTESIAN_POINT('',(53.912099519686,-22.18479141319));
#4647 = CARTESIAN_POINT('',(55.081673448306,-21.87045499408));
#4648 = CARTESIAN_POINT('',(55.31452074771,-21.80795719819));
#4649 = CARTESIAN_POINT('',(55.547409344586,-21.74553820854));
#4650 = CARTESIAN_POINT('',(55.780343526173,-21.68320418565));
#4651 = CARTESIAN_POINT('',(56.013327601546,-21.62096128033));
#4652 = CARTESIAN_POINT('',(56.246365901619,-21.5588156336));
#4653 = CARTESIAN_POINT('',(56.479462779142,-21.49677337675));
#4654 = CARTESIAN_POINT('',(56.88554511712,-21.38890833796));
#4655 = CARTESIAN_POINT('',(57.058502250595,-21.34303627993));
#4656 = CARTESIAN_POINT('',(57.231495793271,-21.29722695416));
#4657 = CARTESIAN_POINT('',(57.404527535152,-21.2514828537));
#4658 = CARTESIAN_POINT('',(57.577599272099,-21.20580646773));
#4659 = CARTESIAN_POINT('',(57.750712805832,-21.16020028161));
#4660 = CARTESIAN_POINT('',(57.923869943934,-21.11466677681));
#4661 = CARTESIAN_POINT('',(58.362060792798,-20.99966021092));
#4662 = CARTESIAN_POINT('',(58.62715530515,-20.9302879256));
#4663 = CARTESIAN_POINT('',(58.892363721316,-20.86110031371));
#4664 = CARTESIAN_POINT('',(59.157688292007,-20.79210668437));
#4665 = CARTESIAN_POINT('',(59.423133947136,-20.72331605955));
#4666 = CARTESIAN_POINT('',(59.688706469869,-20.65473736652));
#4667 = CARTESIAN_POINT('',(59.954409330279,-20.58637977237));
#4668 = CARTESIAN_POINT('',(60.490502980128,-20.44899283196));
#4669 = CARTESIAN_POINT('',(60.760898207762,-20.37997120633));
#4670 = CARTESIAN_POINT('',(61.031438405901,-20.31119686559));
#4671 = CARTESIAN_POINT('',(61.302128556918,-20.24267929285));
#4672 = CARTESIAN_POINT('',(61.572973679626,-20.17442796425));
#4673 = CARTESIAN_POINT('',(61.843978829282,-20.10645234892));
#4674 = CARTESIAN_POINT('',(62.115149097584,-20.03876190902));
#4675 = CARTESIAN_POINT('',(63.506710776589,-19.693124526));
#4676 = CARTESIAN_POINT('',(64.629829599817,-19.41990582595));
#4677 = CARTESIAN_POINT('',(65.756212937553,-19.1523734994));
#4678 = CARTESIAN_POINT('',(66.886232239712,-18.8911913086));
#4679 = CARTESIAN_POINT('',(68.020266634122,-18.63702198927));
#4680 = CARTESIAN_POINT('',(69.158706009725,-18.39052596164));
#4681 = CARTESIAN_POINT('',(70.301954099778,-18.15236004144));
#4682 = CARTESIAN_POINT('',(71.72622781637,-17.86813975736));
#4683 = CARTESIAN_POINT('',(72.002325096466,-17.81362137012));
#4684 = CARTESIAN_POINT('',(72.278704041612,-17.75962769005));
#4685 = CARTESIAN_POINT('',(72.555345141378,-17.70616549314));
#4686 = CARTESIAN_POINT('',(72.832228738627,-17.65324163056));
#4687 = CARTESIAN_POINT('',(73.109335029517,-17.6008630287));
#4688 = CARTESIAN_POINT('',(73.386644063497,-17.54903668911));
#4689 = CARTESIAN_POINT('',(74.9239466823,-17.26501774405));
#4690 = CARTESIAN_POINT('',(76.187454808635,-17.04380744724));
#4691 = CARTESIAN_POINT('',(77.452881763308,-16.83478296857));
#4692 = CARTESIAN_POINT('',(78.718294452581,-16.63865689909));
#4693 = CARTESIAN_POINT('',(79.981656226168,-16.45622412089));
#4694 = CARTESIAN_POINT('',(81.240894385758,-16.28837267861));
#4695 = CARTESIAN_POINT('',(82.493966046087,-16.13608752073));
#4696 = CARTESIAN_POINT('',(83.891344778713,-15.98383355495));
#4697 = CARTESIAN_POINT('',(84.043662230215,-15.96747446095));
#4698 = CARTESIAN_POINT('',(84.195850472326,-15.95133192551));
#4699 = CARTESIAN_POINT('',(84.347903361757,-15.93537202739));
#4700 = CARTESIAN_POINT('',(84.499814864902,-15.91956069614));
#4701 = CARTESIAN_POINT('',(84.651579057839,-15.9038637121));
#4702 = CARTESIAN_POINT('',(84.803190126331,-15.88824670635));
#4703 = CARTESIAN_POINT('',(85.627251514298,-15.80352092416));
#4704 = CARTESIAN_POINT('',(86.29664807391,-15.73527170864));
#4705 = CARTESIAN_POINT('',(86.962446179376,-15.66489398286));
#4706 = CARTESIAN_POINT('',(87.624165914511,-15.58932052082));
#4707 = CARTESIAN_POINT('',(88.28124203338,-15.50545112829));
#4708 = CARTESIAN_POINT('',(88.933034773365,-15.41018262415));
#4709 = CARTESIAN_POINT('',(89.578842760147,-15.30046807661));
#4710 = CARTESIAN_POINT('',(90.32120917288,-15.15286864654));
#4711 = CARTESIAN_POINT('',(90.424322343541,-15.13187924559));
#4712 = CARTESIAN_POINT('',(90.52725390398,-15.11042493251));
#4713 = CARTESIAN_POINT('',(90.630000152356,-15.0884937011));
#4714 = CARTESIAN_POINT('',(90.732557297595,-15.06607369797));
#4715 = CARTESIAN_POINT('',(90.834921459387,-15.04315322251));
#4716 = CARTESIAN_POINT('',(90.937088668186,-15.01972072689));
#4717 = CARTESIAN_POINT('',(91.082489173603,-14.98556037144));
#4718 = CARTESIAN_POINT('',(91.125887008415,-14.97526095694));
#4719 = CARTESIAN_POINT('',(91.169248056031,-14.96486569379));
#4720 = CARTESIAN_POINT('',(91.212572000036,-14.95437370963));
#4721 = CARTESIAN_POINT('',(91.255858521222,-14.94378413862));
#4722 = CARTESIAN_POINT('',(91.299107297584,-14.93309612142));
#4723 = CARTESIAN_POINT('',(91.342318004322,-14.92230880516));
#4724 = CARTESIAN_POINT('',(91.472230493694,-14.88954666516));
#4725 = CARTESIAN_POINT('',(91.55881703318,-14.86726791531));
#4726 = CARTESIAN_POINT('',(91.64523826224,-14.84457699067));
#4727 = CARTESIAN_POINT('',(91.731510073629,-14.82146964938));
#4728 = CARTESIAN_POINT('',(91.817638375393,-14.79794061887));
#4729 = CARTESIAN_POINT('',(91.903624302227,-14.77398426601));
#4730 = CARTESIAN_POINT('',(91.989477319095,-14.74959631031));
#4731 = CARTESIAN_POINT('',(92.371049445895,-14.63909938855));
#4732 = CARTESIAN_POINT('',(92.665366107374,-14.54823019371));
#4733 = CARTESIAN_POINT('',(92.958371472974,-14.45197963431));
#4734 = CARTESIAN_POINT('',(93.250264360723,-14.35020219538));
#4735 = CARTESIAN_POINT('',(93.541227480197,-14.24279781149));
#4736 = CARTESIAN_POINT('',(93.831432644095,-14.12971798909));
#4737 = CARTESIAN_POINT('',(94.12104597982,-14.01097192882));
#4738 = CARTESIAN_POINT('',(94.533716870402,-13.83353942604));
#4739 = CARTESIAN_POINT('',(94.657123217582,-13.77942630377));
#4740 = CARTESIAN_POINT('',(94.78046506592,-13.72429873121));
#4741 = CARTESIAN_POINT('',(94.903755515356,-13.66816432426));
#4742 = CARTESIAN_POINT('',(95.027007882451,-13.61103286464));
#4743 = CARTESIAN_POINT('',(95.15023570039,-13.5529162999));
#4744 = CARTESIAN_POINT('',(95.273452718978,-13.49382874334));
#4745 = CARTESIAN_POINT('',(95.453134260875,-13.40627419655));
#4746 = CARTESIAN_POINT('',(95.509596302958,-13.37856147835));
#4747 = CARTESIAN_POINT('',(95.566060386791,-13.35064989415));
#4748 = CARTESIAN_POINT('',(95.622527888209,-13.32254112147));
#4749 = CARTESIAN_POINT('',(95.679000202977,-13.29423694065));
#4750 = CARTESIAN_POINT('',(95.735478746793,-13.26573923492));
#4751 = CARTESIAN_POINT('',(95.791964955284,-13.23704999035));
#4752 = CARTESIAN_POINT('',(95.902180566401,-13.18071112071));
#4753 = CARTESIAN_POINT('',(95.955909024074,-13.15307967112));
#4754 = CARTESIAN_POINT('',(96.009647202034,-13.12527866251));
#4755 = CARTESIAN_POINT('',(96.063396037377,-13.09731007727));
#4756 = CARTESIAN_POINT('',(96.117156723845,-13.06917591614));
#4757 = CARTESIAN_POINT('',(96.170930902318,-13.04087814492));
#4758 = CARTESIAN_POINT('',(96.224720177236,-13.0124188364));
#4759 = CARTESIAN_POINT('',(96.608316127526,-12.8083872495));
#4760 = CARTESIAN_POINT('',(96.938660344886,-12.62701195081));
#4761 = CARTESIAN_POINT('',(97.269389863125,-12.44031848554));
#4762 = CARTESIAN_POINT('',(97.60035814923,-12.24887220188));
#4763 = CARTESIAN_POINT('',(97.931424403914,-12.05320233926));
#4764 = CARTESIAN_POINT('',(98.262446667799,-11.85382252298));
#4765 = CARTESIAN_POINT('',(98.593281468701,-11.65124302791));
#4766 = CARTESIAN_POINT('',(99.078229069346,-11.35007590771));
#4767 = CARTESIAN_POINT('',(99.232594748773,-11.25358147414));
#4768 = CARTESIAN_POINT('',(99.386868770345,-11.15656009186));
#4769 = CARTESIAN_POINT('',(99.541034056279,-11.05906772768));
#4770 = CARTESIAN_POINT('',(99.695073041303,-10.96116192083));
#4771 = CARTESIAN_POINT('',(99.848968031218,-10.86290227794));
#4772 = CARTESIAN_POINT('',(100.00270156146,-10.76435096812));
#4773 = CARTESIAN_POINT('',(100.23393096487,-10.61560757752));
#4774 = CARTESIAN_POINT('',(100.31155956533,-10.56558405566));
#4775 = CARTESIAN_POINT('',(100.3891403175,-10.51551104613));
#4776 = CARTESIAN_POINT('',(100.46667109043,-10.46539722766));
#4777 = CARTESIAN_POINT('',(100.54414986171,-10.41525156401));
#4778 = CARTESIAN_POINT('',(100.62157471753,-10.36508330397));
#4779 = CARTESIAN_POINT('',(100.69894385261,-10.31490198135));
#4780 = CARTESIAN_POINT('',(100.85181765946,-10.21566856709));
#4781 = CARTESIAN_POINT('',(100.92732500307,-10.16661678077));
#4782 = CARTESIAN_POINT('',(101.00277562274,-10.11757071801));
#4783 = CARTESIAN_POINT('',(101.07816919905,-10.06854116272));
#4784 = CARTESIAN_POINT('',(101.15350367943,-10.01953712834));
#4785 = CARTESIAN_POINT('',(101.22877777453,-9.970568620441));
#4786 = CARTESIAN_POINT('',(101.30399268306,-9.921648588203));
#4787 = CARTESIAN_POINT('',(101.65946275515,-9.690535891587));
#4788 = CARTESIAN_POINT('',(101.93891742903,-9.509084087714));
#4789 = CARTESIAN_POINT('',(102.21721905415,-9.328748378849));
#4790 = CARTESIAN_POINT('',(102.4941066483,-9.149832427852));
#4791 = CARTESIAN_POINT('',(102.76933097612,-8.97260136704));
#4792 = CARTESIAN_POINT('',(103.04270243304,-8.797352355363));
#4793 = CARTESIAN_POINT('',(103.31402715565,-8.62432989179));
#4794 = CARTESIAN_POINT('',(103.66569859147,-8.401853365097));
#4795 = CARTESIAN_POINT('',(103.74790886372,-8.349973993362));
#4796 = CARTESIAN_POINT('',(103.82992710169,-8.298357366513));
#4797 = CARTESIAN_POINT('',(103.91175544846,-8.247018950563));
#4798 = CARTESIAN_POINT('',(103.99339750453,-8.195976648889));
#4799 = CARTESIAN_POINT('',(104.07485962656,-8.145252719697));
#4800 = CARTESIAN_POINT('',(104.15615406236,-8.094878466107));
#4801 = CARTESIAN_POINT('',(104.31669731359,-7.99600666598));
#4802 = CARTESIAN_POINT('',(104.39593142642,-7.947507502881));
#4803 = CARTESIAN_POINT('',(104.47503883688,-7.899420550877));
#4804 = CARTESIAN_POINT('',(104.55409981258,-7.851855447755));
#4805 = CARTESIAN_POINT('',(104.63314474678,-7.804880753499));
#4806 = CARTESIAN_POINT('',(104.71229644094,-7.758736646326));
#4807 = CARTESIAN_POINT('',(104.79166227778,-7.71367095376));
#4808 = CARTESIAN_POINT('',(104.90250256204,-7.653885107236));
#4809 = CARTESIAN_POINT('',(104.93341121974,-7.63754829928));
#4810 = CARTESIAN_POINT('',(104.9644372842,-7.621543363152));
#4811 = CARTESIAN_POINT('',(104.99561164232,-7.605931590451));
#4812 = CARTESIAN_POINT('',(105.02696557915,-7.590796820928));
#4813 = CARTESIAN_POINT('',(105.05853500833,-7.57625413833));
#4814 = CARTESIAN_POINT('',(105.09036690097,-7.562463278054));
#4815 = CARTESIAN_POINT('',(105.15413231788,-7.537052029597));
#4816 = CARTESIAN_POINT('',(105.18607341476,-7.525390840709));
#4817 = CARTESIAN_POINT('',(105.21839819677,-7.514881108702));
#4818 = CARTESIAN_POINT('',(105.25111763057,-7.505825965648));
#4819 = CARTESIAN_POINT('',(105.28420599813,-7.498579030975));
#4820 = CARTESIAN_POINT('',(105.31761102581,-7.493590862063));
#4821 = CARTESIAN_POINT('',(105.35120099131,-7.491112607234));
#4822 = CARTESIAN_POINT('',(105.42256823382,-7.491152153889));
#4823 = CARTESIAN_POINT('',(105.46020894313,-7.494349845892));
#4824 = CARTESIAN_POINT('',(105.49736068062,-7.500674018154));
#4825 = CARTESIAN_POINT('',(105.53390481174,-7.509654896926));
#4826 = CARTESIAN_POINT('',(105.56981851587,-7.520606640039));
#4827 = CARTESIAN_POINT('',(105.60510294587,-7.533085535013));
#4828 = CARTESIAN_POINT('',(105.63981141412,-7.54671872101));
#4829 = CARTESIAN_POINT('',(105.72401844084,-7.582517735773));
#4830 = CARTESIAN_POINT('',(105.77297588215,-7.605720623009));
#4831 = CARTESIAN_POINT('',(105.82121847924,-7.630133842986));
#4832 = CARTESIAN_POINT('',(105.86888602847,-7.655370620402));
#4833 = CARTESIAN_POINT('',(105.91606839172,-7.681193779679));
#4834 = CARTESIAN_POINT('',(105.96284133766,-7.70744300437));
#4835 = CARTESIAN_POINT('',(106.00927132754,-7.734023038612));
#4836 = CARTESIAN_POINT('',(106.10578457758,-7.790165782755));
#4837 = CARTESIAN_POINT('',(106.15578127158,-7.819759610892));
#4838 = CARTESIAN_POINT('',(106.20547354736,-7.849557334794));
#4839 = CARTESIAN_POINT('',(106.25489514679,-7.87949747118));
#4840 = CARTESIAN_POINT('',(106.30406891822,-7.909539117179));
#4841 = CARTESIAN_POINT('',(106.35301252681,-7.939651776764));
#4842 = CARTESIAN_POINT('',(106.40174089699,-7.969811023551));
#4843 = CARTESIAN_POINT('',(106.45026538726,-8.));
#4844 = ( GEOMETRIC_REPRESENTATION_CONTEXT(2) 
PARAMETRIC_REPRESENTATION_CONTEXT() REPRESENTATION_CONTEXT('2D SPACE',''
  ) );
#4845 = PCURVE('',#364,#4846);
#4846 = DEFINITIONAL_REPRESENTATION('',(#4847),#5123);
#4847 = B_SPLINE_CURVE_WITH_KNOTS('',8,(#4848,#4849,#4850,#4851,#4852,
    #4853,#4854,#4855,#4856,#4857,#4858,#4859,#4860,#4861,#4862,#4863,
    #4864,#4865,#4866,#4867,#4868,#4869,#4870,#4871,#4872,#4873,#4874,
    #4875,#4876,#4877,#4878,#4879,#4880,#4881,#4882,#4883,#4884,#4885,
    #4886,#4887,#4888,#4889,#4890,#4891,#4892,#4893,#4894,#4895,#4896,
    #4897,#4898,#4899,#4900,#4901,#4902,#4903,#4904,#4905,#4906,#4907,
    #4908,#4909,#4910,#4911,#4912,#4913,#4914,#4915,#4916,#4917,#4918,
    #4919,#4920,#4921,#4922,#4923,#4924,#4925,#4926,#4927,#4928,#4929,
    #4930,#4931,#4932,#4933,#4934,#4935,#4936,#4937,#4938,#4939,#4940,
    #4941,#4942,#4943,#4944,#4945,#4946,#4947,#4948,#4949,#4950,#4951,
    #4952,#4953,#4954,#4955,#4956,#4957,#4958,#4959,#4960,#4961,#4962,
    #4963,#4964,#4965,#4966,#4967,#4968,#4969,#4970,#4971,#4972,#4973,
    #4974,#4975,#4976,#4977,#4978,#4979,#4980,#4981,#4982,#4983,#4984,
    #4985,#4986,#4987,#4988,#4989,#4990,#4991,#4992,#4993,#4994,#4995,
    #4996,#4997,#4998,#4999,#5000,#5001,#5002,#5003,#5004,#5005,#5006,
    #5007,#5008,#5009,#5010,#5011,#5012,#5013,#5014,#5015,#5016,#5017,
    #5018,#5019,#5020,#5021,#5022,#5023,#5024,#5025,#5026,#5027,#5028,
    #5029,#5030,#5031,#5032,#5033,#5034,#5035,#5036,#5037,#5038,#5039,
    #5040,#5041,#5042,#5043,#5044,#5045,#5046,#5047,#5048,#5049,#5050,
    #5051,#5052,#5053,#5054,#5055,#5056,#5057,#5058,#5059,#5060,#5061,
    #5062,#5063,#5064,#5065,#5066,#5067,#5068,#5069,#5070,#5071,#5072,
    #5073,#5074,#5075,#5076,#5077,#5078,#5079,#5080,#5081,#5082,#5083,
    #5084,#5085,#5086,#5087,#5088,#5089,#5090,#5091,#5092,#5093,#5094,
    #5095,#5096,#5097,#5098,#5099,#5100,#5101,#5102,#5103,#5104,#5105,
    #5106,#5107,#5108,#5109,#5110,#5111,#5112,#5113,#5114,#5115,#5116,
    #5117,#5118,#5119,#5120,#5121,#5122),.UNSPECIFIED.,.F.,.F.,(9,7,7,7,
    7,7,7,7,7,7,7,7,7,7,7,7,7,7,7,7,7,7,7,7,7,7,7,7,7,7,7,7,7,7,7,7,7,7,
    7,9),(0.,5.709081825144E-02,7.113167418068E-02,0.114390121033,
    0.171289866321,0.199772721874,0.214223238427,0.228685415025,
    0.283171743472,0.291038523911,0.436578018589,0.507029713418,
    0.524538801979,0.537524381527,0.557391447225,0.577588593045,
    0.660971902723,0.680995634078,0.771903281534,0.783034755749,
    0.832470349559,0.840460426289,0.84386394105,0.850702154846,
    0.87430198438,0.884379177815,0.888996700547,0.893387410906,
    0.920299842371,0.932875648688,0.939236982251,0.945454353542,
    0.968644574439,0.975741311406,0.982684441316,0.985359057385,
    0.987987384133,0.990952237028,0.99527942927,1.),.UNSPECIFIED.);
#4848 = CARTESIAN_POINT('',(37.74787128951,-47.9));
#4849 = CARTESIAN_POINT('',(38.535149181688,-47.7822596939));
#4850 = CARTESIAN_POINT('',(39.32226479938,-47.65893327918));
#4851 = CARTESIAN_POINT('',(40.108975271334,-47.53020607627));
#4852 = CARTESIAN_POINT('',(40.895039017224,-47.39625868477));
#4853 = CARTESIAN_POINT('',(41.680217282542,-47.25726744646));
#4854 = CARTESIAN_POINT('',(42.464275673486,-47.11340490824));
#4855 = CARTESIAN_POINT('',(43.246985691854,-46.96484028517));
#4856 = CARTESIAN_POINT('',(44.220239163965,-46.77408658111));
#4857 = CARTESIAN_POINT('',(44.412257166765,-46.73615890847));
#4858 = CARTESIAN_POINT('',(44.60417607311,-46.69795928475));
#4859 = CARTESIAN_POINT('',(44.795996120858,-46.65949055501));
#4860 = CARTESIAN_POINT('',(44.987708382981,-46.62075459097));
#4861 = CARTESIAN_POINT('',(45.179309208392,-46.58175378822));
#4862 = CARTESIAN_POINT('',(45.370809509905,-46.54249204927));
#4863 = CARTESIAN_POINT('',(46.151877855579,-46.38121394456));
#4864 = CARTESIAN_POINT('',(46.740569881616,-46.25700309219));
#4865 = CARTESIAN_POINT('',(47.328316570701,-46.13042456083));
#4866 = CARTESIAN_POINT('',(47.915153143217,-46.00156393999));
#4867 = CARTESIAN_POINT('',(48.50111524498,-45.87050709252));
#4868 = CARTESIAN_POINT('',(49.086238947236,-45.73734015451));
#4869 = CARTESIAN_POINT('',(49.670560746668,-45.60214953536));
#4870 = CARTESIAN_POINT('',(51.0216956169,-45.28465190723));
#4871 = CARTESIAN_POINT('',(51.787949628769,-45.10093060964));
#4872 = CARTESIAN_POINT('',(52.552963991088,-44.91405486505));
#4873 = CARTESIAN_POINT('',(53.316823575662,-44.72422199525));
#4874 = CARTESIAN_POINT('',(54.079613825664,-44.53162959017));
#4875 = CARTESIAN_POINT('',(54.84142084528,-44.33647529431));
#4876 = CARTESIAN_POINT('',(55.602331489362,-44.13895659323));
#4877 = CARTESIAN_POINT('',(56.742925041004,-43.83931185187));
#4878 = CARTESIAN_POINT('',(57.12321388238,-43.73881005003));
#4879 = CARTESIAN_POINT('',(57.503310919089,-43.63778994537));
#4880 = CARTESIAN_POINT('',(57.883227101615,-43.53627627239));
#4881 = CARTESIAN_POINT('',(58.262973389036,-43.43429374914));
#4882 = CARTESIAN_POINT('',(58.642560749024,-43.33186707714));
#4883 = CARTESIAN_POINT('',(59.022000157849,-43.22902094149));
#4884 = CARTESIAN_POINT('',(59.593738229382,-43.07340166775));
#4885 = CARTESIAN_POINT('',(59.786138601134,-43.02092170632));
#4886 = CARTESIAN_POINT('',(59.978505148919,-42.96834334749));
#4887 = CARTESIAN_POINT('',(60.170839305476,-42.91566981083));
#4888 = CARTESIAN_POINT('',(60.363142502994,-42.86290431446));
#4889 = CARTESIAN_POINT('',(60.555416173108,-42.81005007509));
#4890 = CARTESIAN_POINT('',(60.747661746905,-42.75711030796));
#4891 = CARTESIAN_POINT('',(61.132254663345,-42.65102336257));
#4892 = CARTESIAN_POINT('',(61.324601893674,-42.59787587282));
#4893 = CARTESIAN_POINT('',(61.516923702754,-42.54464876108));
#4894 = CARTESIAN_POINT('',(61.709222704802,-42.49134845601));
#4895 = CARTESIAN_POINT('',(61.90150160983,-42.43798164404));
#4896 = CARTESIAN_POINT('',(62.093762724426,-42.38455390819));
#4897 = CARTESIAN_POINT('',(62.286008114875,-42.33107017314));
#4898 = CARTESIAN_POINT('',(63.202476728035,-42.07585027366));
#4899 = CARTESIAN_POINT('',(63.926525514736,-41.87345887874));
#4900 = CARTESIAN_POINT('',(64.650515525552,-41.67067150914));
#4901 = CARTESIAN_POINT('',(65.37457391421,-41.46779641985));
#4902 = CARTESIAN_POINT('',(66.098826280872,-41.26514094811));
#4903 = CARTESIAN_POINT('',(66.823396697668,-41.06301107816));
#4904 = CARTESIAN_POINT('',(67.548407734222,-40.86171100591));
#4905 = CARTESIAN_POINT('',(68.37873926712,-40.63264224136));
#4906 = CARTESIAN_POINT('',(68.483509713632,-40.60376536901));
#4907 = CARTESIAN_POINT('',(68.58829196909,-40.57491292968));
#4908 = CARTESIAN_POINT('',(68.693086179621,-40.5460857654));
#4909 = CARTESIAN_POINT('',(68.797892491115,-40.51728471716));
#4910 = CARTESIAN_POINT('',(68.902711049224,-40.488510625));
#4911 = CARTESIAN_POINT('',(69.007541999363,-40.45976432791));
#4912 = CARTESIAN_POINT('',(71.052044065639,-39.89975507142));
#4913 = CARTESIAN_POINT('',(72.995900442498,-39.37828944734));
#4914 = CARTESIAN_POINT('',(74.945010132704,-38.87191613825));
#4915 = CARTESIAN_POINT('',(76.900264170233,-38.38582910484));
#4916 = CARTESIAN_POINT('',(78.862389086226,-37.92516539907));
#4917 = CARTESIAN_POINT('',(80.831945955303,-37.49501387926));
#4918 = CARTESIAN_POINT('',(82.80932684976,-37.10040901796));
#4919 = CARTESIAN_POINT('',(85.755834736917,-36.57488795473));
#4920 = CARTESIAN_POINT('',(86.71877617328,-36.41295333514));
#4921 = CARTESIAN_POINT('',(87.683300482162,-36.2601084301));
#4922 = CARTESIAN_POINT('',(88.649149524671,-36.11597852296));
#4923 = CARTESIAN_POINT('',(89.616077352927,-35.98020231573));
#4924 = CARTESIAN_POINT('',(90.5838496712,-35.85243069567));
#4925 = CARTESIAN_POINT('',(91.552243297041,-35.73232550182));
#4926 = CARTESIAN_POINT('',(92.76181833561,-35.59153269084));
#4927 = CARTESIAN_POINT('',(93.002616094952,-35.56396034274));
#4928 = CARTESIAN_POINT('',(93.243435573102,-35.5368362141));
#4929 = CARTESIAN_POINT('',(93.484273463249,-35.51015530684));
#4930 = CARTESIAN_POINT('',(93.725126479099,-35.48391265798));
#4931 = CARTESIAN_POINT('',(93.965991354877,-35.45810333964));
#4932 = CARTESIAN_POINT('',(94.206864845328,-35.43272245906));
#4933 = CARTESIAN_POINT('',(94.626391052305,-35.38925562793));
#4934 = CARTESIAN_POINT('',(94.805041341238,-35.37097908297));
#4935 = CARTESIAN_POINT('',(94.983693276092,-35.35293354159));
#4936 = CARTESIAN_POINT('',(95.162345544343,-35.33511703081));
#4937 = CARTESIAN_POINT('',(95.340996837358,-35.31752758674));
#4938 = CARTESIAN_POINT('',(95.519645850394,-35.30016325462));
#4939 = CARTESIAN_POINT('',(95.698291282603,-35.28302208878));
#4940 = CARTESIAN_POINT('',(96.150239902951,-35.24021578533));
#4941 = CARTESIAN_POINT('',(96.423536717535,-35.2148472561));
#4942 = CARTESIAN_POINT('',(96.696815245691,-35.18998951774));
#4943 = CARTESIAN_POINT('',(96.970079474193,-35.16563608806));
#4944 = CARTESIAN_POINT('',(97.243328061473,-35.14178024374));
#4945 = CARTESIAN_POINT('',(97.516558019845,-35.11841520024));
#4946 = CARTESIAN_POINT('',(97.789771100353,-35.09553442423));
#4947 = CARTESIAN_POINT('',(98.340698972795,-35.05035580837));
#4948 = CARTESIAN_POINT('',(98.61841333338,-35.02807397771));
#4949 = CARTESIAN_POINT('',(98.896107931003,-35.0062787636));
#4950 = CARTESIAN_POINT('',(99.173782052776,-34.9849632093));
#4951 = CARTESIAN_POINT('',(99.451434974185,-34.96412037038));
#4952 = CARTESIAN_POINT('',(99.729065959091,-34.94374331469));
#4953 = CARTESIAN_POINT('',(100.00667425973,-34.92382512237));
#4954 = CARTESIAN_POINT('',(101.4302598585,-34.82399311325));
#4955 = CARTESIAN_POINT('',(102.57585695778,-34.75133088291));
#4956 = CARTESIAN_POINT('',(103.72100214253,-34.68588516691));
#4957 = CARTESIAN_POINT('',(104.86563631231,-34.6271719542));
#4958 = CARTESIAN_POINT('',(106.00968744353,-34.57470660451));
#4959 = CARTESIAN_POINT('',(107.15306849474,-34.52800020236));
#4960 = CARTESIAN_POINT('',(108.29567531191,-34.48655591095));
#4961 = CARTESIAN_POINT('',(109.71155545392,-34.44105442121));
#4962 = CARTESIAN_POINT('',(109.98567444627,-34.43251739645));
#4963 = CARTESIAN_POINT('',(110.25975126444,-34.42421981466));
#4964 = CARTESIAN_POINT('',(110.53379581338,-34.41612690562));
#4965 = CARTESIAN_POINT('',(110.80781814936,-34.40820356614));
#4966 = CARTESIAN_POINT('',(111.0818284799,-34.40041436006));
#4967 = CARTESIAN_POINT('',(111.35583716381,-34.39272351822));
#4968 = CARTESIAN_POINT('',(112.87389310517,-34.35046122169));
#4969 = CARTESIAN_POINT('',(114.118046826,-34.31711375599));
#4970 = CARTESIAN_POINT('',(115.36339385941,-34.28168111832));
#4971 = CARTESIAN_POINT('',(116.61094958198,-34.24070047201));
#4972 = CARTESIAN_POINT('',(117.86164828336,-34.19071522592));
#4973 = CARTESIAN_POINT('',(119.11631658654,-34.12840067659));
#4974 = CARTESIAN_POINT('',(120.37564581008,-34.0506852231));
#4975 = CARTESIAN_POINT('',(121.79500901634,-33.94309802965));
#4976 = CARTESIAN_POINT('',(121.94992458588,-33.93108948711));
#4977 = CARTESIAN_POINT('',(122.10491526007,-33.91880430187));
#4978 = CARTESIAN_POINT('',(122.25997930745,-33.90623776114));
#4979 = CARTESIAN_POINT('',(122.4151150301,-33.89338525431));
#4980 = CARTESIAN_POINT('',(122.57032076364,-33.88024227294));
#4981 = CARTESIAN_POINT('',(122.72559487728,-33.86680441078));
#4982 = CARTESIAN_POINT('',(123.57081469825,-33.79206025332));
#4983 = CARTESIAN_POINT('',(124.26192874902,-33.7251595331));
#4984 = CARTESIAN_POINT('',(124.95425219683,-33.65198125401));
#4985 = CARTESIAN_POINT('',(125.64763504476,-33.57218920075));
#4986 = CARTESIAN_POINT('',(126.34180062775,-33.48550893955));
#4987 = CARTESIAN_POINT('',(127.0363453394,-33.39174101035));
#4988 = CARTESIAN_POINT('',(127.73074048574,-33.29077326355));
#4989 = CARTESIAN_POINT('',(128.53643936999,-33.16510749274));
#4990 = CARTESIAN_POINT('',(128.64851929232,-33.14743457372));
#4991 = CARTESIAN_POINT('',(128.7605727897,-33.12957361375));
#4992 = CARTESIAN_POINT('',(128.87259646552,-33.11152472953));
#4993 = CARTESIAN_POINT('',(128.98458677004,-33.09328812483));
#4994 = CARTESIAN_POINT('',(129.09654000035,-33.07486409056));
#4995 = CARTESIAN_POINT('',(129.2084523004,-33.05625300477));
#4996 = CARTESIAN_POINT('',(129.36797154545,-33.02944813104));
#4997 = CARTESIAN_POINT('',(129.41561527496,-33.02140707422));
#4998 = CARTESIAN_POINT('',(129.46325053947,-33.0133321984));
#4999 = CARTESIAN_POINT('',(129.51087702384,-33.0052235429));
#5000 = CARTESIAN_POINT('',(129.55849440783,-32.99708115014));
#5001 = CARTESIAN_POINT('',(129.60610236613,-32.98890506562));
#5002 = CARTESIAN_POINT('',(129.65370056832,-32.98069533791));
#5003 = CARTESIAN_POINT('',(129.79690092008,-32.95588985177));
#5004 = CARTESIAN_POINT('',(129.89247163198,-32.93919089663));
#5005 = CARTESIAN_POINT('',(129.98800339828,-32.92236346077));
#5006 = CARTESIAN_POINT('',(130.08348244963,-32.90539179239));
#5007 = CARTESIAN_POINT('',(130.17890080427,-32.88826869136));
#5008 = CARTESIAN_POINT('',(130.27425319227,-32.87099100817));
#5009 = CARTESIAN_POINT('',(130.36952932909,-32.85354827781));
#5010 = CARTESIAN_POINT('',(130.79324843105,-32.77514742803));
#5011 = CARTESIAN_POINT('',(131.12078201047,-32.71232275065));
#5012 = CARTESIAN_POINT('',(131.44699166894,-32.64717083177));
#5013 = CARTESIAN_POINT('',(131.77154666435,-32.57940847589));
#5014 = CARTESIAN_POINT('',(132.09411542115,-32.5087553617));
#5015 = CARTESIAN_POINT('',(132.41436426565,-32.43493024045));
#5016 = CARTESIAN_POINT('',(132.73195616131,-32.35764713434));
#5017 = CARTESIAN_POINT('',(133.18088165856,-32.24200910645));
#5018 = CARTESIAN_POINT('',(133.31466741584,-32.20672232083));
#5019 = CARTESIAN_POINT('',(133.44788034704,-32.17072834572));
#5020 = CARTESIAN_POINT('',(133.58049400653,-32.13400386921));
#5021 = CARTESIAN_POINT('',(133.7124818719,-32.09652509972));
#5022 = CARTESIAN_POINT('',(133.84381734398,-32.05826776597));
#5023 = CARTESIAN_POINT('',(133.97447374679,-32.01920711703));
#5024 = CARTESIAN_POINT('',(134.16396965286,-31.96104008878));
#5025 = CARTESIAN_POINT('',(134.22336678051,-31.94258827217));
#5026 = CARTESIAN_POINT('',(134.28261313439,-31.92396003266));
#5027 = CARTESIAN_POINT('',(134.34170613122,-31.90515289727));
#5028 = CARTESIAN_POINT('',(134.40064318059,-31.88616435985));
#5029 = CARTESIAN_POINT('',(134.45942168498,-31.86699188106));
#5030 = CARTESIAN_POINT('',(134.51803903974,-31.84763288835));
#5031 = CARTESIAN_POINT('',(134.63207499032,-31.80949686548));
#5032 = CARTESIAN_POINT('',(134.68750948118,-31.79073798302));
#5033 = CARTESIAN_POINT('',(134.74279308663,-31.77180577689));
#5034 = CARTESIAN_POINT('',(134.79792440332,-31.75269809641));
#5035 = CARTESIAN_POINT('',(134.85290141771,-31.733412671));
#5036 = CARTESIAN_POINT('',(134.90772101263,-31.71394703836));
#5037 = CARTESIAN_POINT('',(134.9623802067,-31.69429872152));
#5038 = CARTESIAN_POINT('',(135.35092494493,-31.55290080543));
#5039 = CARTESIAN_POINT('',(135.67896857999,-31.42440592096));
#5040 = CARTESIAN_POINT('',(136.00177481408,-31.2886054433));
#5041 = CARTESIAN_POINT('',(136.3198764024,-31.14512953739));
#5042 = CARTESIAN_POINT('',(136.63365707328,-30.99362012143));
#5043 = CARTESIAN_POINT('',(136.94338909277,-30.83373739441));
#5044 = CARTESIAN_POINT('',(137.24924590364,-30.6651646013));
#5045 = CARTESIAN_POINT('',(137.69246087899,-30.40463939998));
#5046 = CARTESIAN_POINT('',(137.8327799713,-30.31971054519));
#5047 = CARTESIAN_POINT('',(137.97227408822,-30.23279343795));
#5048 = CARTESIAN_POINT('',(138.11094489505,-30.14386118657));
#5049 = CARTESIAN_POINT('',(138.24878903848,-30.05288867731));
#5050 = CARTESIAN_POINT('',(138.38579792476,-29.9598524698));
#5051 = CARTESIAN_POINT('',(138.52195749792,-29.86473069242));
#5052 = CARTESIAN_POINT('',(138.72568324234,-29.71832134528));
#5053 = CARTESIAN_POINT('',(138.79389602692,-29.66860086683));
#5054 = CARTESIAN_POINT('',(138.86188385187,-29.61833889781));
#5055 = CARTESIAN_POINT('',(138.9296437279,-29.56753287248));
#5056 = CARTESIAN_POINT('',(138.99717219632,-29.51618026376));
#5057 = CARTESIAN_POINT('',(139.06446532903,-29.46427858327));
#5058 = CARTESIAN_POINT('',(139.13151872853,-29.41182538133));
#5059 = CARTESIAN_POINT('',(139.26362438859,-29.30701070812));
#5060 = CARTESIAN_POINT('',(139.32868739534,-29.25467389003));
#5061 = CARTESIAN_POINT('',(139.39351268007,-29.2018061246));
#5062 = CARTESIAN_POINT('',(139.4580935415,-29.14840369819));
#5063 = CARTESIAN_POINT('',(139.52242551697,-29.09446541614));
#5064 = CARTESIAN_POINT('',(139.5865027999,-29.0399893179));
#5065 = CARTESIAN_POINT('',(139.6503157121,-28.98497040131));
#5066 = CARTESIAN_POINT('',(139.95086931395,-28.72216638854));
#5067 = CARTESIAN_POINT('',(140.18413897669,-28.50737909703));
#5068 = CARTESIAN_POINT('',(140.41362415898,-28.28525968776));
#5069 = CARTESIAN_POINT('',(140.6392699743,-28.05604611753));
#5070 = CARTESIAN_POINT('',(140.86104119111,-27.82001807085));
#5071 = CARTESIAN_POINT('',(141.07883812877,-27.57743737323));
#5072 = CARTESIAN_POINT('',(141.29260009526,-27.3286160475));
#5073 = CARTESIAN_POINT('',(141.56607645626,-26.9956868157));
#5074 = CARTESIAN_POINT('',(141.62974769707,-26.91710464447));
#5075 = CARTESIAN_POINT('',(141.69300150734,-26.83795490781));
#5076 = CARTESIAN_POINT('',(141.75582508473,-26.75823935146));
#5077 = CARTESIAN_POINT('',(141.81820248465,-26.67795833524));
#5078 = CARTESIAN_POINT('',(141.88011231676,-26.59710937765));
#5079 = CARTESIAN_POINT('',(141.94152209828,-26.5156836159));
#5080 = CARTESIAN_POINT('',(142.06191919221,-26.35341212381));
#5081 = CARTESIAN_POINT('',(142.12091114156,-26.27261305377));
#5082 = CARTESIAN_POINT('',(142.17934341468,-26.19123330961));
#5083 = CARTESIAN_POINT('',(142.23707733252,-26.10919180569));
#5084 = CARTESIAN_POINT('',(142.29403924001,-26.02645724516));
#5085 = CARTESIAN_POINT('',(142.34993648678,-25.94289658684));
#5086 = CARTESIAN_POINT('',(142.40447488035,-25.8583929751));
#5087 = CARTESIAN_POINT('',(142.4767639493,-25.73934998305));
#5088 = CARTESIAN_POINT('',(142.49651022788,-25.70604475675));
#5089 = CARTESIAN_POINT('',(142.51584857364,-25.67250310949));
#5090 = CARTESIAN_POINT('',(142.53470541172,-25.63868999694));
#5091 = CARTESIAN_POINT('',(142.55298005235,-25.60456940559));
#5092 = CARTESIAN_POINT('',(142.57053426025,-25.57009967933));
#5093 = CARTESIAN_POINT('',(142.58717614943,-25.53522616937));
#5094 = CARTESIAN_POINT('',(142.61783305343,-25.46512813048));
#5095 = CARTESIAN_POINT('',(142.63189743483,-25.42989937356));
#5096 = CARTESIAN_POINT('',(142.64456967562,-25.39412885956));
#5097 = CARTESIAN_POINT('',(142.65548543379,-25.35779897567));
#5098 = CARTESIAN_POINT('',(142.66421970408,-25.32093279467));
#5099 = CARTESIAN_POINT('',(142.67023110164,-25.28358318383));
#5100 = CARTESIAN_POINT('',(142.67321772614,-25.24589373274));
#5101 = CARTESIAN_POINT('',(142.6731700672,-25.16553811499));
#5102 = CARTESIAN_POINT('',(142.66931642421,-25.1229900185));
#5103 = CARTESIAN_POINT('',(142.66169496582,-25.08082844132));
#5104 = CARTESIAN_POINT('',(142.65087053051,-25.03919715752));
#5105 = CARTESIAN_POINT('',(142.63766730474,-24.99813186752));
#5106 = CARTESIAN_POINT('',(142.62261875556,-24.95764065478));
#5107 = CARTESIAN_POINT('',(142.6061731251,-24.91767096291));
#5108 = CARTESIAN_POINT('',(142.56297483886,-24.82036571893));
#5109 = CARTESIAN_POINT('',(142.53496467984,-24.76349997506));
#5110 = CARTESIAN_POINT('',(142.50547879764,-24.70718731754));
#5111 = CARTESIAN_POINT('',(142.47498197191,-24.65127658849));
#5112 = CARTESIAN_POINT('',(142.44375931157,-24.59567188923));
#5113 = CARTESIAN_POINT('',(142.41200357723,-24.54029223905));
#5114 = CARTESIAN_POINT('',(142.3798292262,-24.48506488342));
#5115 = CARTESIAN_POINT('',(142.3118306396,-24.36973965147));
#5116 = CARTESIAN_POINT('',(142.27596516352,-24.30969719066));
#5117 = CARTESIAN_POINT('',(142.23982964275,-24.24972477016));
#5118 = CARTESIAN_POINT('',(142.20349804472,-24.18978729868));
#5119 = CARTESIAN_POINT('',(142.16701961709,-24.12986177739));
#5120 = CARTESIAN_POINT('',(142.13043110638,-24.06993093521));
#5121 = CARTESIAN_POINT('',(142.09376196497,-24.00998048493));
#5122 = CARTESIAN_POINT('',(142.05703254649,-23.95));
#5123 = ( GEOMETRIC_REPRESENTATION_CONTEXT(2) 
PARAMETRIC_REPRESENTATION_CONTEXT() REPRESENTATION_CONTEXT('2D SPACE',''
  ) );
#5124 = ORIENTED_EDGE('',*,*,#5125,.F.);
#5125 = EDGE_CURVE('',#3649,#4287,#5126,.T.);
#5126 = SURFACE_CURVE('',#5127,(#5131,#5138),.PCURVE_S1.);
#5127 = LINE('',#5128,#5129);
#5128 = CARTESIAN_POINT('',(119.,0.,-20.));
#5129 = VECTOR('',#5130,1.);
#5130 = DIRECTION('',(0.,0.,1.));
#5131 = PCURVE('',#3411,#5132);
#5132 = DEFINITIONAL_REPRESENTATION('',(#5133),#5137);
#5133 = LINE('',#5134,#5135);
#5134 = CARTESIAN_POINT('',(106.45026538726,0.));
#5135 = VECTOR('',#5136,1.);
#5136 = DIRECTION('',(0.,-1.));
#5137 = ( GEOMETRIC_REPRESENTATION_CONTEXT(2) 
PARAMETRIC_REPRESENTATION_CONTEXT() REPRESENTATION_CONTEXT('2D SPACE',''
  ) );
#5138 = PCURVE('',#44,#5139);
#5139 = DEFINITIONAL_REPRESENTATION('',(#5140),#5144);
#5140 = LINE('',#5141,#5142);
#5141 = CARTESIAN_POINT('',(0.,0.));
#5142 = VECTOR('',#5143,1.);
#5143 = DIRECTION('',(0.,-1.));
#5144 = ( GEOMETRIC_REPRESENTATION_CONTEXT(2) 
PARAMETRIC_REPRESENTATION_CONTEXT() REPRESENTATION_CONTEXT('2D SPACE',''
  ) );
#5145 = ADVANCED_FACE('',(#5146),#3796,.T.);
#5146 = FACE_BOUND('',#5147,.T.);
#5147 = EDGE_LOOP('',(#5148,#5171,#5399));
#5148 = ORIENTED_EDGE('',*,*,#5149,.F.);
#5149 = EDGE_CURVE('',#5150,#3651,#5152,.T.);
#5150 = VERTEX_POINT('',#5151);
#5151 = CARTESIAN_POINT('',(116.,6.786828433859,-17.));
#5152 = SURFACE_CURVE('',#5153,(#5157,#5164),.PCURVE_S1.);
#5153 = LINE('',#5154,#5155);
#5154 = CARTESIAN_POINT('',(116.,23.95,-17.));
#5155 = VECTOR('',#5156,1.);
#5156 = DIRECTION('',(0.,-1.,1.110223024625E-16));
#5157 = PCURVE('',#3796,#5158);
#5158 = DEFINITIONAL_REPRESENTATION('',(#5159),#5163);
#5159 = LINE('',#5160,#5161);
#5160 = CARTESIAN_POINT('',(147.88798444134,0.));
#5161 = VECTOR('',#5162,1.);
#5162 = DIRECTION('',(0.,-1.));
#5163 = ( GEOMETRIC_REPRESENTATION_CONTEXT(2) 
PARAMETRIC_REPRESENTATION_CONTEXT() REPRESENTATION_CONTEXT('2D SPACE',''
  ) );
#5164 = PCURVE('',#2453,#5165);
#5165 = DEFINITIONAL_REPRESENTATION('',(#5166),#5170);
#5166 = LINE('',#5167,#5168);
#5167 = CARTESIAN_POINT('',(0.,0.));
#5168 = VECTOR('',#5169,1.);
#5169 = DIRECTION('',(0.,-1.));
#5170 = ( GEOMETRIC_REPRESENTATION_CONTEXT(2) 
PARAMETRIC_REPRESENTATION_CONTEXT() REPRESENTATION_CONTEXT('2D SPACE',''
  ) );
#5171 = ORIENTED_EDGE('',*,*,#5172,.T.);
#5172 = EDGE_CURVE('',#5150,#3649,#5173,.T.);
#5173 = SURFACE_CURVE('',#5174,(#5247,#5323),.PCURVE_S1.);
#5174 = B_SPLINE_CURVE_WITH_KNOTS('',8,(#5175,#5176,#5177,#5178,#5179,
    #5180,#5181,#5182,#5183,#5184,#5185,#5186,#5187,#5188,#5189,#5190,
    #5191,#5192,#5193,#5194,#5195,#5196,#5197,#5198,#5199,#5200,#5201,
    #5202,#5203,#5204,#5205,#5206,#5207,#5208,#5209,#5210,#5211,#5212,
    #5213,#5214,#5215,#5216,#5217,#5218,#5219,#5220,#5221,#5222,#5223,
    #5224,#5225,#5226,#5227,#5228,#5229,#5230,#5231,#5232,#5233,#5234,
    #5235,#5236,#5237,#5238,#5239,#5240,#5241,#5242,#5243,#5244,#5245,
    #5246),.UNSPECIFIED.,.F.,.F.,(9,7,7,7,7,7,7,7,7,7,9),(0.,
    0.340007139403,0.497630941072,0.640733126548,0.71616367552,
    0.788286811159,0.821091518667,0.853362413373,0.889625601795,
    0.944809498074,1.),.UNSPECIFIED.);
#5175 = CARTESIAN_POINT('',(116.,6.786828433859,-17.));
#5176 = CARTESIAN_POINT('',(116.30791303646,6.600200959797,
    -16.78900293496));
#5177 = CARTESIAN_POINT('',(116.60094825646,6.403589035784,
    -16.57590233972));
#5178 = CARTESIAN_POINT('',(116.87805503136,6.196760060762,
    -16.36104426073));
#5179 = CARTESIAN_POINT('',(117.13826916652,5.979562999526,
    -16.14481821894));
#5180 = CARTESIAN_POINT('',(117.38073795788,5.751913363708,
    -15.92769035574));
#5181 = CARTESIAN_POINT('',(117.60474939236,5.51381337676,
    -15.71019900734));
#5182 = CARTESIAN_POINT('',(117.80975795356,5.265326570917,
    -15.49299718209));
#5183 = CARTESIAN_POINT('',(118.08146099643,4.88640246051,
    -15.17690459572));
#5184 = CARTESIAN_POINT('',(118.16336081971,4.764134852993,
    -15.07704665192));
#5185 = CARTESIAN_POINT('',(118.24111196009,4.639682158094,
    -14.97748968677));
#5186 = CARTESIAN_POINT('',(118.31473633934,4.513105468895,
    -14.87826885211));
#5187 = CARTESIAN_POINT('',(118.38426392857,4.384466941541,
    -14.77941823358));
#5188 = CARTESIAN_POINT('',(118.44973187215,4.253828681724,
    -14.68097173566));
#5189 = CARTESIAN_POINT('',(118.51118361167,4.121251631166,
    -14.58296396685));
#5190 = CARTESIAN_POINT('',(118.62085646716,3.864724591005,
    -14.39688381961));
#5191 = CARTESIAN_POINT('',(118.66977479286,3.74110516591,
    -14.30872854094));
#5192 = CARTESIAN_POINT('',(118.7154600627,3.615979612023,
    -14.22099102976));
#5193 = CARTESIAN_POINT('',(118.7579528731,3.489387565947,
    -14.13370130502));
#5194 = CARTESIAN_POINT('',(118.79729691496,3.361366673299,
    -14.04689104533));
#5195 = CARTESIAN_POINT('',(118.83353853701,3.231949976183,
    -13.96059674678));
#5196 = CARTESIAN_POINT('',(118.86672629866,3.101158882514,
    -13.87486865716));
#5197 = CARTESIAN_POINT('',(118.91282090405,2.899325123336,
    -13.74493732232));
#5198 = CARTESIAN_POINT('',(118.9278966635,2.829276548704,
    -13.70026883542));
#5199 = CARTESIAN_POINT('',(118.94214526097,2.758845505572,
    -13.65579118324));
#5200 = CARTESIAN_POINT('',(118.95557417058,2.688029140382,
    -13.61151933039));
#5201 = CARTESIAN_POINT('',(118.96819090541,2.616822644593,
    -13.56747146939));
#5202 = CARTESIAN_POINT('',(118.9800030236,2.545217706609,
    -13.52367113797));
#5203 = CARTESIAN_POINT('',(118.99101810549,2.473199004784,
    -13.48015203265));
#5204 = CARTESIAN_POINT('',(119.01102093518,2.331455653062,
    -13.3956726095));
#5205 = CARTESIAN_POINT('',(119.02007472181,2.261781075571,
    -13.35469050274));
#5206 = CARTESIAN_POINT('',(119.02841364481,2.191677206919,
    -13.31406049302));
#5207 = CARTESIAN_POINT('',(119.03604477344,2.121108415102,
    -13.27383436911));
#5208 = CARTESIAN_POINT('',(119.04297354358,2.050018145086,
    -13.23411090153));
#5209 = CARTESIAN_POINT('',(119.04920487494,1.978336885847,
    -13.19502369593));
#5210 = CARTESIAN_POINT('',(119.05474335596,1.905953963417,
    -13.15678328125));
#5211 = CARTESIAN_POINT('',(119.06179493823,1.799214983221,
    -13.10308941798));
#5212 = CARTESIAN_POINT('',(119.06385573704,1.765651315765,
    -13.08658421723));
#5213 = CARTESIAN_POINT('',(119.06577357486,1.731860222499,
    -13.07040235045));
#5214 = CARTESIAN_POINT('',(119.0675482633,1.697807550504,
    -13.05460350393));
#5215 = CARTESIAN_POINT('',(119.06917894916,1.663457888495,
    -13.0392689428));
#5216 = CARTESIAN_POINT('',(119.07066422523,1.628769941264,
    -13.02451007652));
#5217 = CARTESIAN_POINT('',(119.07200197703,1.593689084932,
    -13.01048204616));
#5218 = CARTESIAN_POINT('',(119.07435663839,1.523163638749,
    -12.98453545968));
#5219 = CARTESIAN_POINT('',(119.0753788492,1.487720864133,
    -12.97258158204));
#5220 = CARTESIAN_POINT('',(119.07625198893,1.451743186555,
    -12.96175044381));
#5221 = CARTESIAN_POINT('',(119.07696931423,1.415204653078,
    -12.95234053529));
#5222 = CARTESIAN_POINT('',(119.07752298952,1.378120706227,
    -12.94470338764));
#5223 = CARTESIAN_POINT('',(119.07790491252,1.340535261137,
    -12.93930050815));
#5224 = CARTESIAN_POINT('',(119.07810826279,1.302580140979,
    -12.93641515914));
#5225 = CARTESIAN_POINT('',(119.07816107047,1.221743886399,
    -12.93566566892));
#5226 = CARTESIAN_POINT('',(119.07796354525,1.178973751862,
    -12.93846791384));
#5227 = CARTESIAN_POINT('',(119.07754317506,1.1365631318,-12.94445803582
    ));
#5228 = CARTESIAN_POINT('',(119.07691342478,1.094670752835,
    -12.95319267601));
#5229 = CARTESIAN_POINT('',(119.0760878838,1.053338069462,-12.9639659037
    ));
#5230 = CARTESIAN_POINT('',(119.0750793325,1.01257985887,-12.97632008057
    ));
#5231 = CARTESIAN_POINT('',(119.07389820846,0.972349243092,
    -12.98986654139));
#5232 = CARTESIAN_POINT('',(119.07049717833,0.871954220842,
    -13.02641577709));
#5233 = CARTESIAN_POINT('',(119.068056619,0.812333846011,-13.05066577846
    ));
#5234 = CARTESIAN_POINT('',(119.06524540528,0.753297313388,
    -13.07623023909));
#5235 = CARTESIAN_POINT('',(119.06207268885,0.694676211466,
    -13.10267336165));
#5236 = CARTESIAN_POINT('',(119.05854629786,0.636365696833,
    -13.1297328311));
#5237 = CARTESIAN_POINT('',(119.05467268402,0.578276193113,
    -13.15723204034));
#5238 = CARTESIAN_POINT('',(119.05045464284,0.520327571467,
    -13.18507003241));
#5239 = CARTESIAN_POINT('',(119.04132822079,0.40452399339,-13.2413015035
    ));
#5240 = CARTESIAN_POINT('',(119.03642303094,0.346710901335,
    -13.2696748422));
#5241 = CARTESIAN_POINT('',(119.0311797036,0.288942921743,
    -13.29822281073));
#5242 = CARTESIAN_POINT('',(119.02560150203,0.231190366237,
    -13.32689304951));
#5243 = CARTESIAN_POINT('',(119.01969151036,0.173433345368,
    -13.3556498908));
#5244 = CARTESIAN_POINT('',(119.01345270257,0.115656892988,
    -13.38446648187));
#5245 = CARTESIAN_POINT('',(119.00688795466,5.784877750284E-02,
    -13.41332127038));
#5246 = CARTESIAN_POINT('',(119.,0.,-13.44219885215));
#5247 = PCURVE('',#3796,#5248);
#5248 = DEFINITIONAL_REPRESENTATION('',(#5249),#5322);
#5249 = B_SPLINE_CURVE_WITH_KNOTS('',8,(#5250,#5251,#5252,#5253,#5254,
    #5255,#5256,#5257,#5258,#5259,#5260,#5261,#5262,#5263,#5264,#5265,
    #5266,#5267,#5268,#5269,#5270,#5271,#5272,#5273,#5274,#5275,#5276,
    #5277,#5278,#5279,#5280,#5281,#5282,#5283,#5284,#5285,#5286,#5287,
    #5288,#5289,#5290,#5291,#5292,#5293,#5294,#5295,#5296,#5297,#5298,
    #5299,#5300,#5301,#5302,#5303,#5304,#5305,#5306,#5307,#5308,#5309,
    #5310,#5311,#5312,#5313,#5314,#5315,#5316,#5317,#5318,#5319,#5320,
    #5321),.UNSPECIFIED.,.F.,.F.,(9,7,7,7,7,7,7,7,7,7,9),(0.,
    0.340007139403,0.497630941072,0.640733126548,0.71616367552,
    0.788286811159,0.821091518667,0.853362413373,0.889625601795,
    0.944809498074,1.),.UNSPECIFIED.);
#5250 = CARTESIAN_POINT('',(147.88798444134,-17.16317156614));
#5251 = CARTESIAN_POINT('',(147.65121459495,-17.3497990402));
#5252 = CARTESIAN_POINT('',(147.41130138011,-17.54641096421));
#5253 = CARTESIAN_POINT('',(147.16858926906,-17.75323993923));
#5254 = CARTESIAN_POINT('',(146.92347571186,-17.97043700047));
#5255 = CARTESIAN_POINT('',(146.67645229336,-18.19808663629));
#5256 = CARTESIAN_POINT('',(146.4281013169,-18.43618662324));
#5257 = CARTESIAN_POINT('',(146.17914884136,-18.68467342908));
#5258 = CARTESIAN_POINT('',(145.81548538124,-19.06359753949));
#5259 = CARTESIAN_POINT('',(145.70039766977,-19.185865147));
#5260 = CARTESIAN_POINT('',(145.58545449146,-19.3103178419));
#5261 = CARTESIAN_POINT('',(145.47069641915,-19.4368945311));
#5262 = CARTESIAN_POINT('',(145.35616320208,-19.56553305845));
#5263 = CARTESIAN_POINT('',(145.24189479701,-19.69617131827));
#5264 = CARTESIAN_POINT('',(145.1279323992,-19.82874836883));
#5265 = CARTESIAN_POINT('',(144.91117351592,-20.08527540899));
#5266 = CARTESIAN_POINT('',(144.80831628874,-20.20889483409));
#5267 = CARTESIAN_POINT('',(144.70577873046,-20.33402038797));
#5268 = CARTESIAN_POINT('',(144.60359714912,-20.46061243405));
#5269 = CARTESIAN_POINT('',(144.50181006343,-20.5886333267));
#5270 = CARTESIAN_POINT('',(144.40046197554,-20.71805002381));
#5271 = CARTESIAN_POINT('',(144.29961407579,-20.84884111748));
#5272 = CARTESIAN_POINT('',(144.14651797464,-21.05067487666));
#5273 = CARTESIAN_POINT('',(144.09384016408,-21.12072345129));
#5274 = CARTESIAN_POINT('',(144.04134199848,-21.19115449442));
#5275 = CARTESIAN_POINT('',(143.9890416029,-21.26197085961));
#5276 = CARTESIAN_POINT('',(143.93696098368,-21.3331773554));
#5277 = CARTESIAN_POINT('',(143.88512857062,-21.40478229339));
#5278 = CARTESIAN_POINT('',(143.83358499408,-21.47680099521));
#5279 = CARTESIAN_POINT('',(143.73344386197,-21.61854434693));
#5280 = CARTESIAN_POINT('',(143.68482421002,-21.68821892442));
#5281 = CARTESIAN_POINT('',(143.6365829973,-21.75832279308));
#5282 = CARTESIAN_POINT('',(143.58878258691,-21.82889158489));
#5283 = CARTESIAN_POINT('',(143.54154163956,-21.89998185491));
#5284 = CARTESIAN_POINT('',(143.49502060337,-21.97166311415));
#5285 = CARTESIAN_POINT('',(143.44947225018,-22.04404603658));
#5286 = CARTESIAN_POINT('',(143.38547131266,-22.15078501677));
#5287 = CARTESIAN_POINT('',(143.36579101101,-22.18434868423));
#5288 = CARTESIAN_POINT('',(143.34648973278,-22.2181397775));
#5289 = CARTESIAN_POINT('',(143.32763909266,-22.25219244949));
#5290 = CARTESIAN_POINT('',(143.30933656651,-22.2865421115));
#5291 = CARTESIAN_POINT('',(143.2917157808,-22.32123005873));
#5292 = CARTESIAN_POINT('',(143.27496281352,-22.35631091506));
#5293 = CARTESIAN_POINT('',(143.24396844543,-22.42683636125));
#5294 = CARTESIAN_POINT('',(143.22968498582,-22.46227913586));
#5295 = CARTESIAN_POINT('',(143.21673965729,-22.49825681344));
#5296 = CARTESIAN_POINT('',(143.20549032175,-22.53479534692));
#5297 = CARTESIAN_POINT('',(143.1963584431,-22.57187929377));
#5298 = CARTESIAN_POINT('',(143.18989748973,-22.60946473886));
#5299 = CARTESIAN_POINT('',(143.18644704842,-22.64741985902));
#5300 = CARTESIAN_POINT('',(143.1855507705,-22.7282561136));
#5301 = CARTESIAN_POINT('',(143.1889018298,-22.77102624813));
#5302 = CARTESIAN_POINT('',(143.19606522612,-22.8134368682));
#5303 = CARTESIAN_POINT('',(143.20650962201,-22.85532924716));
#5304 = CARTESIAN_POINT('',(143.21938849762,-22.89666193053));
#5305 = CARTESIAN_POINT('',(143.23415334168,-22.93742014113));
#5306 = CARTESIAN_POINT('',(143.2503382886,-22.9776507569));
#5307 = CARTESIAN_POINT('',(143.29399260535,-23.07804577915));
#5308 = CARTESIAN_POINT('',(143.32294495906,-23.13766615398));
#5309 = CARTESIAN_POINT('',(143.35345142647,-23.19670268661));
#5310 = CARTESIAN_POINT('',(143.38498954636,-23.25532378853));
#5311 = CARTESIAN_POINT('',(143.41724502393,-23.31363430316));
#5312 = CARTESIAN_POINT('',(143.45000635898,-23.37172380688));
#5313 = CARTESIAN_POINT('',(143.4831526262,-23.42967242853));
#5314 = CARTESIAN_POINT('',(143.55006855787,-23.54547600661));
#5315 = CARTESIAN_POINT('',(143.58381425025,-23.60328909866));
#5316 = CARTESIAN_POINT('',(143.61774839856,-23.66105707825));
#5317 = CARTESIAN_POINT('',(143.65180844266,-23.71880963376));
#5318 = CARTESIAN_POINT('',(143.68595184623,-23.77656665463));
#5319 = CARTESIAN_POINT('',(143.72014664548,-23.83434310701));
#5320 = CARTESIAN_POINT('',(143.754367231,-23.89215122249));
#5321 = CARTESIAN_POINT('',(143.78859536271,-23.95));
#5322 = ( GEOMETRIC_REPRESENTATION_CONTEXT(2) 
PARAMETRIC_REPRESENTATION_CONTEXT() REPRESENTATION_CONTEXT('2D SPACE',''
  ) );
#5323 = PCURVE('',#44,#5324);
#5324 = DEFINITIONAL_REPRESENTATION('',(#5325),#5398);
#5325 = B_SPLINE_CURVE_WITH_KNOTS('',8,(#5326,#5327,#5328,#5329,#5330,
    #5331,#5332,#5333,#5334,#5335,#5336,#5337,#5338,#5339,#5340,#5341,
    #5342,#5343,#5344,#5345,#5346,#5347,#5348,#5349,#5350,#5351,#5352,
    #5353,#5354,#5355,#5356,#5357,#5358,#5359,#5360,#5361,#5362,#5363,
    #5364,#5365,#5366,#5367,#5368,#5369,#5370,#5371,#5372,#5373,#5374,
    #5375,#5376,#5377,#5378,#5379,#5380,#5381,#5382,#5383,#5384,#5385,
    #5386,#5387,#5388,#5389,#5390,#5391,#5392,#5393,#5394,#5395,#5396,
    #5397),.UNSPECIFIED.,.F.,.F.,(9,7,7,7,7,7,7,7,7,7,9),(0.,
    0.340007139403,0.497630941072,0.640733126548,0.71616367552,
    0.788286811159,0.821091518667,0.853362413373,0.889625601795,
    0.944809498074,1.),.UNSPECIFIED.);
#5326 = CARTESIAN_POINT('',(8.005821994246,-3.000000000001));
#5327 = CARTESIAN_POINT('',(7.634712419294,-3.210997065038));
#5328 = CARTESIAN_POINT('',(7.265619651169,-3.424097660276));
#5329 = CARTESIAN_POINT('',(6.898795078255,-3.638955739265));
#5330 = CARTESIAN_POINT('',(6.534511764346,-3.855181781052));
#5331 = CARTESIAN_POINT('',(6.173036656185,-4.072309644254));
#5332 = CARTESIAN_POINT('',(5.814632893329,-4.289800992653));
#5333 = CARTESIAN_POINT('',(5.459523298154,-4.507002817907));
#5334 = CARTESIAN_POINT('',(4.944665855348,-4.823095404271));
#5335 = CARTESIAN_POINT('',(4.782295300068,-4.922953348076));
#5336 = CARTESIAN_POINT('',(4.620681709277,-5.02251031323));
#5337 = CARTESIAN_POINT('',(4.459868370827,-5.121731147883));
#5338 = CARTESIAN_POINT('',(4.299894163323,-5.220581766417));
#5339 = CARTESIAN_POINT('',(4.140793110361,-5.319028264333));
#5340 = CARTESIAN_POINT('',(3.982593934757,-5.417036033143));
#5341 = CARTESIAN_POINT('',(3.682534710032,-5.60311618039));
#5342 = CARTESIAN_POINT('',(3.540512276594,-5.691271459052));
#5343 = CARTESIAN_POINT('',(3.399268773681,-5.779008970235));
#5344 = CARTESIAN_POINT('',(3.258814888135,-5.866298694971));
#5345 = CARTESIAN_POINT('',(3.119157410421,-5.95310895467));
#5346 = CARTESIAN_POINT('',(2.98029719744,-6.039403253219));
#5347 = CARTESIAN_POINT('',(2.842223220165,-6.125131342836));
#5348 = CARTESIAN_POINT('',(2.632519716915,-6.25506267768));
#5349 = CARTESIAN_POINT('',(2.56034646879,-6.299731164577));
#5350 = CARTESIAN_POINT('',(2.488377868182,-6.344208816751));
#5351 = CARTESIAN_POINT('',(2.416606720363,-6.388480669602));
#5352 = CARTESIAN_POINT('',(2.345024061253,-6.432528530602));
#5353 = CARTESIAN_POINT('',(2.273617778519,-6.476328862024));
#5354 = CARTESIAN_POINT('',(2.202369511956,-6.519847967348));
#5355 = CARTESIAN_POINT('',(2.063248548397,-6.604327390492));
#5356 = CARTESIAN_POINT('',(1.995376765782,-6.645309497252));
#5357 = CARTESIAN_POINT('',(1.927595457419,-6.685939506975));
#5358 = CARTESIAN_POINT('',(1.859868516247,-6.726165630884));
#5359 = CARTESIAN_POINT('',(1.79214232783,-6.765889098466));
#5360 = CARTESIAN_POINT('',(1.724352107374,-6.804976304067));
#5361 = CARTESIAN_POINT('',(1.656396725375,-6.843216718746));
#5362 = CARTESIAN_POINT('',(1.556924770111,-6.896910582018));
#5363 = CARTESIAN_POINT('',(1.525749737815,-6.913415782762));
#5364 = CARTESIAN_POINT('',(1.494467283777,-6.929597649543));
#5365 = CARTESIAN_POINT('',(1.463047218406,-6.945396496062));
#5366 = CARTESIAN_POINT('',(1.431458674827,-6.960731057191));
#5367 = CARTESIAN_POINT('',(1.399665927591,-6.975489923475));
#5368 = CARTESIAN_POINT('',(1.367621882454,-6.989517953839));
#5369 = CARTESIAN_POINT('',(1.303423211422,-7.015464540313));
#5370 = CARTESIAN_POINT('',(1.271266687014,-7.027418417953));
#5371 = CARTESIAN_POINT('',(1.238733817855,-7.038249556186));
#5372 = CARTESIAN_POINT('',(1.20580604271,-7.047659464704));
#5373 = CARTESIAN_POINT('',(1.172502292943,-7.055296612358));
#5374 = CARTESIAN_POINT('',(1.13886696775,-7.060699491842));
#5375 = CARTESIAN_POINT('',(1.105021696881,-7.063584840857));
#5376 = CARTESIAN_POINT('',(1.033190708666,-7.064334331075));
#5377 = CARTESIAN_POINT('',(0.99533473216,-7.061532086157));
#5378 = CARTESIAN_POINT('',(0.957945871479,-7.055541964179));
#5379 = CARTESIAN_POINT('',(0.921156209211,-7.046807323989));
#5380 = CARTESIAN_POINT('',(0.884993580808,-7.036034096295));
#5381 = CARTESIAN_POINT('',(0.849462660055,-7.02367991943));
#5382 = CARTESIAN_POINT('',(0.814514910339,-7.010133458603));
#5383 = CARTESIAN_POINT('',(0.727604401048,-6.973584222901));
#5384 = CARTESIAN_POINT('',(0.67627136722,-6.94933422154));
#5385 = CARTESIAN_POINT('',(0.625703124303,-6.923769760906));
#5386 = CARTESIAN_POINT('',(0.575744095665,-6.897326638347));
#5387 = CARTESIAN_POINT('',(0.526296038161,-6.870267168894));
#5388 = CARTESIAN_POINT('',(0.477275178942,-6.842767959654));
#5389 = CARTESIAN_POINT('',(0.428608560722,-6.81492996759));
#5390 = CARTESIAN_POINT('',(0.331817866022,-6.758698496499));
#5391 = CARTESIAN_POINT('',(0.28372885252,-6.730325157797));
#5392 = CARTESIAN_POINT('',(0.235904978007,-6.701777189264));
#5393 = CARTESIAN_POINT('',(0.188317771788,-6.67310695049));
#5394 = CARTESIAN_POINT('',(0.140947583525,-6.644350109196));
#5395 = CARTESIAN_POINT('',(9.377920718303E-02,-6.615533518124));
#5396 = CARTESIAN_POINT('',(4.679992907327E-02,-6.586678729611));
#5397 = CARTESIAN_POINT('',(0.,-6.55780114785));
#5398 = ( GEOMETRIC_REPRESENTATION_CONTEXT(2) 
PARAMETRIC_REPRESENTATION_CONTEXT() REPRESENTATION_CONTEXT('2D SPACE',''
  ) );
#5399 = ORIENTED_EDGE('',*,*,#3648,.T.);
#5400 = ADVANCED_FACE('',(#5401,#5653,#5684),#3450,.F.);
#5401 = FACE_BOUND('',#5402,.F.);
#5402 = EDGE_LOOP('',(#5403,#5404,#5405,#5429,#5458,#5482,#5511,#5535,
    #5564,#5588,#5614));
#5403 = ORIENTED_EDGE('',*,*,#4263,.F.);
#5404 = ORIENTED_EDGE('',*,*,#3435,.T.);
#5405 = ORIENTED_EDGE('',*,*,#5406,.T.);
#5406 = EDGE_CURVE('',#3436,#5407,#5409,.T.);
#5407 = VERTEX_POINT('',#5408);
#5408 = CARTESIAN_POINT('',(7.741509814844,-23.95,-6.408707029243));
#5409 = SURFACE_CURVE('',#5410,(#5415,#5422),.PCURVE_S1.);
#5410 = CIRCLE('',#5411,10.05);
#5411 = AXIS2_PLACEMENT_3D('',#5412,#5413,#5414);
#5412 = CARTESIAN_POINT('',(-5.834698879568E-16,-23.95,
    9.306945646363E-16));
#5413 = DIRECTION('',(-2.157543153397E-33,1.,-1.110223024625E-16));
#5414 = DIRECTION('',(0.904784101404,-4.728112959711E-17,-0.42587055527)
  );
#5415 = PCURVE('',#3450,#5416);
#5416 = DEFINITIONAL_REPRESENTATION('',(#5417),#5421);
#5417 = CIRCLE('',#5418,10.05);
#5418 = AXIS2_PLACEMENT_2D('',#5419,#5420);
#5419 = CARTESIAN_POINT('',(47.664806985459,5.539144741464));
#5420 = DIRECTION('',(-0.904784101404,-0.42587055527));
#5421 = ( GEOMETRIC_REPRESENTATION_CONTEXT(2) 
PARAMETRIC_REPRESENTATION_CONTEXT() REPRESENTATION_CONTEXT('2D SPACE',''
  ) );
#5422 = PCURVE('',#3477,#5423);
#5423 = DEFINITIONAL_REPRESENTATION('',(#5424),#5428);
#5424 = LINE('',#5425,#5426);
#5425 = CARTESIAN_POINT('',(1.943342108335E-17,-7.9));
#5426 = VECTOR('',#5427,1.);
#5427 = DIRECTION('',(1.,0.));
#5428 = ( GEOMETRIC_REPRESENTATION_CONTEXT(2) 
PARAMETRIC_REPRESENTATION_CONTEXT() REPRESENTATION_CONTEXT('2D SPACE',''
  ) );
#5429 = ORIENTED_EDGE('',*,*,#5430,.F.);
#5430 = EDGE_CURVE('',#5431,#5407,#5433,.T.);
#5431 = VERTEX_POINT('',#5432);
#5432 = CARTESIAN_POINT('',(6.408707029243,-23.95,-7.741509814844));
#5433 = SURFACE_CURVE('',#5434,(#5439,#5446),.PCURVE_S1.);
#5434 = CIRCLE('',#5435,3.15);
#5435 = AXIS2_PLACEMENT_3D('',#5436,#5437,#5438);
#5436 = CARTESIAN_POINT('',(4.949747468306,-23.95,-4.949747468306));
#5437 = DIRECTION('',(0.,1.,0.));
#5438 = DIRECTION('',(0.463161765377,0.,-0.886273760806));
#5439 = PCURVE('',#3450,#5440);
#5440 = DEFINITIONAL_REPRESENTATION('',(#5441),#5445);
#5441 = CIRCLE('',#5442,3.15);
#5442 = AXIS2_PLACEMENT_2D('',#5443,#5444);
#5443 = CARTESIAN_POINT('',(42.715059517153,0.589397273158));
#5444 = DIRECTION('',(-0.463161765377,-0.886273760806));
#5445 = ( GEOMETRIC_REPRESENTATION_CONTEXT(2) 
PARAMETRIC_REPRESENTATION_CONTEXT() REPRESENTATION_CONTEXT('2D SPACE',''
  ) );
#5446 = PCURVE('',#5447,#5452);
#5447 = CYLINDRICAL_SURFACE('',#5448,3.15);
#5448 = AXIS2_PLACEMENT_3D('',#5449,#5450,#5451);
#5449 = CARTESIAN_POINT('',(4.949747468306,-24.05,-4.949747468306));
#5450 = DIRECTION('',(0.,1.,0.));
#5451 = DIRECTION('',(0.,-0.,1.));
#5452 = DEFINITIONAL_REPRESENTATION('',(#5453),#5457);
#5453 = LINE('',#5454,#5455);
#5454 = CARTESIAN_POINT('',(2.660033285212,0.1));
#5455 = VECTOR('',#5456,1.);
#5456 = DIRECTION('',(1.,0.));
#5457 = ( GEOMETRIC_REPRESENTATION_CONTEXT(2) 
PARAMETRIC_REPRESENTATION_CONTEXT() REPRESENTATION_CONTEXT('2D SPACE',''
  ) );
#5458 = ORIENTED_EDGE('',*,*,#5459,.T.);
#5459 = EDGE_CURVE('',#5431,#5460,#5462,.T.);
#5460 = VERTEX_POINT('',#5461);
#5461 = CARTESIAN_POINT('',(-6.408707029243,-23.95,-7.741509814844));
#5462 = SURFACE_CURVE('',#5463,(#5468,#5475),.PCURVE_S1.);
#5463 = CIRCLE('',#5464,10.05);
#5464 = AXIS2_PLACEMENT_3D('',#5465,#5466,#5467);
#5465 = CARTESIAN_POINT('',(-5.834698879568E-16,-23.95,
    9.306945646363E-16));
#5466 = DIRECTION('',(-2.157543153397E-33,1.,-1.110223024625E-16));
#5467 = DIRECTION('',(0.904784101404,-4.728112959711E-17,-0.42587055527)
  );
#5468 = PCURVE('',#3450,#5469);
#5469 = DEFINITIONAL_REPRESENTATION('',(#5470),#5474);
#5470 = CIRCLE('',#5471,10.05);
#5471 = AXIS2_PLACEMENT_2D('',#5472,#5473);
#5472 = CARTESIAN_POINT('',(47.664806985459,5.539144741464));
#5473 = DIRECTION('',(-0.904784101404,-0.42587055527));
#5474 = ( GEOMETRIC_REPRESENTATION_CONTEXT(2) 
PARAMETRIC_REPRESENTATION_CONTEXT() REPRESENTATION_CONTEXT('2D SPACE',''
  ) );
#5475 = PCURVE('',#3477,#5476);
#5476 = DEFINITIONAL_REPRESENTATION('',(#5477),#5481);
#5477 = LINE('',#5478,#5479);
#5478 = CARTESIAN_POINT('',(1.943342108335E-17,-7.9));
#5479 = VECTOR('',#5480,1.);
#5480 = DIRECTION('',(1.,0.));
#5481 = ( GEOMETRIC_REPRESENTATION_CONTEXT(2) 
PARAMETRIC_REPRESENTATION_CONTEXT() REPRESENTATION_CONTEXT('2D SPACE',''
  ) );
#5482 = ORIENTED_EDGE('',*,*,#5483,.F.);
#5483 = EDGE_CURVE('',#5484,#5460,#5486,.T.);
#5484 = VERTEX_POINT('',#5485);
#5485 = CARTESIAN_POINT('',(-7.741509814844,-23.95,-6.408707029243));
#5486 = SURFACE_CURVE('',#5487,(#5492,#5499),.PCURVE_S1.);
#5487 = CIRCLE('',#5488,3.15);
#5488 = AXIS2_PLACEMENT_3D('',#5489,#5490,#5491);
#5489 = CARTESIAN_POINT('',(-4.949747468306,-23.95,-4.949747468306));
#5490 = DIRECTION('',(0.,1.,0.));
#5491 = DIRECTION('',(-0.886273760806,0.,-0.463161765377));
#5492 = PCURVE('',#3450,#5493);
#5493 = DEFINITIONAL_REPRESENTATION('',(#5494),#5498);
#5494 = CIRCLE('',#5495,3.15);
#5495 = AXIS2_PLACEMENT_2D('',#5496,#5497);
#5496 = CARTESIAN_POINT('',(52.614554453764,0.589397273158));
#5497 = DIRECTION('',(0.886273760806,-0.463161765377));
#5498 = ( GEOMETRIC_REPRESENTATION_CONTEXT(2) 
PARAMETRIC_REPRESENTATION_CONTEXT() REPRESENTATION_CONTEXT('2D SPACE',''
  ) );
#5499 = PCURVE('',#5500,#5505);
#5500 = CYLINDRICAL_SURFACE('',#5501,3.15);
#5501 = AXIS2_PLACEMENT_3D('',#5502,#5503,#5504);
#5502 = CARTESIAN_POINT('',(-4.949747468306,-24.05,-4.949747468306));
#5503 = DIRECTION('',(0.,1.,0.));
#5504 = DIRECTION('',(0.,-0.,1.));
#5505 = DEFINITIONAL_REPRESENTATION('',(#5506),#5510);
#5506 = LINE('',#5507,#5508);
#5507 = CARTESIAN_POINT('',(4.230829612007,0.1));
#5508 = VECTOR('',#5509,1.);
#5509 = DIRECTION('',(1.,0.));
#5510 = ( GEOMETRIC_REPRESENTATION_CONTEXT(2) 
PARAMETRIC_REPRESENTATION_CONTEXT() REPRESENTATION_CONTEXT('2D SPACE',''
  ) );
#5511 = ORIENTED_EDGE('',*,*,#5512,.T.);
#5512 = EDGE_CURVE('',#5484,#5513,#5515,.T.);
#5513 = VERTEX_POINT('',#5514);
#5514 = CARTESIAN_POINT('',(-7.741509814844,-23.95,6.408707029243));
#5515 = SURFACE_CURVE('',#5516,(#5521,#5528),.PCURVE_S1.);
#5516 = CIRCLE('',#5517,10.05);
#5517 = AXIS2_PLACEMENT_3D('',#5518,#5519,#5520);
#5518 = CARTESIAN_POINT('',(-5.834698879568E-16,-23.95,
    9.306945646363E-16));
#5519 = DIRECTION('',(-2.157543153397E-33,1.,-1.110223024625E-16));
#5520 = DIRECTION('',(0.904784101404,-4.728112959711E-17,-0.42587055527)
  );
#5521 = PCURVE('',#3450,#5522);
#5522 = DEFINITIONAL_REPRESENTATION('',(#5523),#5527);
#5523 = CIRCLE('',#5524,10.05);
#5524 = AXIS2_PLACEMENT_2D('',#5525,#5526);
#5525 = CARTESIAN_POINT('',(47.664806985459,5.539144741464));
#5526 = DIRECTION('',(-0.904784101404,-0.42587055527));
#5527 = ( GEOMETRIC_REPRESENTATION_CONTEXT(2) 
PARAMETRIC_REPRESENTATION_CONTEXT() REPRESENTATION_CONTEXT('2D SPACE',''
  ) );
#5528 = PCURVE('',#3477,#5529);
#5529 = DEFINITIONAL_REPRESENTATION('',(#5530),#5534);
#5530 = LINE('',#5531,#5532);
#5531 = CARTESIAN_POINT('',(1.943342108335E-17,-7.9));
#5532 = VECTOR('',#5533,1.);
#5533 = DIRECTION('',(1.,0.));
#5534 = ( GEOMETRIC_REPRESENTATION_CONTEXT(2) 
PARAMETRIC_REPRESENTATION_CONTEXT() REPRESENTATION_CONTEXT('2D SPACE',''
  ) );
#5535 = ORIENTED_EDGE('',*,*,#5536,.F.);
#5536 = EDGE_CURVE('',#5537,#5513,#5539,.T.);
#5537 = VERTEX_POINT('',#5538);
#5538 = CARTESIAN_POINT('',(-6.408707029243,-23.95,7.741509814844));
#5539 = SURFACE_CURVE('',#5540,(#5545,#5552),.PCURVE_S1.);
#5540 = CIRCLE('',#5541,3.15);
#5541 = AXIS2_PLACEMENT_3D('',#5542,#5543,#5544);
#5542 = CARTESIAN_POINT('',(-4.949747468306,-23.95,4.949747468306));
#5543 = DIRECTION('',(0.,1.,0.));
#5544 = DIRECTION('',(-0.463161765377,0.,0.886273760806));
#5545 = PCURVE('',#3450,#5546);
#5546 = DEFINITIONAL_REPRESENTATION('',(#5547),#5551);
#5547 = CIRCLE('',#5548,3.15);
#5548 = AXIS2_PLACEMENT_2D('',#5549,#5550);
#5549 = CARTESIAN_POINT('',(52.614554453764,10.488892209769));
#5550 = DIRECTION('',(0.463161765377,0.886273760806));
#5551 = ( GEOMETRIC_REPRESENTATION_CONTEXT(2) 
PARAMETRIC_REPRESENTATION_CONTEXT() REPRESENTATION_CONTEXT('2D SPACE',''
  ) );
#5552 = PCURVE('',#5553,#5558);
#5553 = CYLINDRICAL_SURFACE('',#5554,3.15);
#5554 = AXIS2_PLACEMENT_3D('',#5555,#5556,#5557);
#5555 = CARTESIAN_POINT('',(-4.949747468306,-24.05,4.949747468306));
#5556 = DIRECTION('',(0.,1.,0.));
#5557 = DIRECTION('',(0.,-0.,1.));
#5558 = DEFINITIONAL_REPRESENTATION('',(#5559),#5563);
#5559 = LINE('',#5560,#5561);
#5560 = CARTESIAN_POINT('',(5.801625938802,0.1));
#5561 = VECTOR('',#5562,1.);
#5562 = DIRECTION('',(1.,0.));
#5563 = ( GEOMETRIC_REPRESENTATION_CONTEXT(2) 
PARAMETRIC_REPRESENTATION_CONTEXT() REPRESENTATION_CONTEXT('2D SPACE',''
  ) );
#5564 = ORIENTED_EDGE('',*,*,#5565,.T.);
#5565 = EDGE_CURVE('',#5537,#5566,#5568,.T.);
#5566 = VERTEX_POINT('',#5567);
#5567 = CARTESIAN_POINT('',(-4.279999080468,-23.95,9.093080219111));
#5568 = SURFACE_CURVE('',#5569,(#5574,#5581),.PCURVE_S1.);
#5569 = CIRCLE('',#5570,10.05);
#5570 = AXIS2_PLACEMENT_3D('',#5571,#5572,#5573);
#5571 = CARTESIAN_POINT('',(-5.834698879568E-16,-23.95,
    9.306945646363E-16));
#5572 = DIRECTION('',(-2.157543153397E-33,1.,-1.110223024625E-16));
#5573 = DIRECTION('',(0.904784101404,-4.728112959711E-17,-0.42587055527)
  );
#5574 = PCURVE('',#3450,#5575);
#5575 = DEFINITIONAL_REPRESENTATION('',(#5576),#5580);
#5576 = CIRCLE('',#5577,10.05);
#5577 = AXIS2_PLACEMENT_2D('',#5578,#5579);
#5578 = CARTESIAN_POINT('',(47.664806985459,5.539144741464));
#5579 = DIRECTION('',(-0.904784101404,-0.42587055527));
#5580 = ( GEOMETRIC_REPRESENTATION_CONTEXT(2) 
PARAMETRIC_REPRESENTATION_CONTEXT() REPRESENTATION_CONTEXT('2D SPACE',''
  ) );
#5581 = PCURVE('',#3477,#5582);
#5582 = DEFINITIONAL_REPRESENTATION('',(#5583),#5587);
#5583 = LINE('',#5584,#5585);
#5584 = CARTESIAN_POINT('',(1.943342108335E-17,-7.9));
#5585 = VECTOR('',#5586,1.);
#5586 = DIRECTION('',(1.,0.));
#5587 = ( GEOMETRIC_REPRESENTATION_CONTEXT(2) 
PARAMETRIC_REPRESENTATION_CONTEXT() REPRESENTATION_CONTEXT('2D SPACE',''
  ) );
#5588 = ORIENTED_EDGE('',*,*,#5589,.T.);
#5589 = EDGE_CURVE('',#5566,#5590,#5592,.T.);
#5590 = VERTEX_POINT('',#5591);
#5591 = CARTESIAN_POINT('',(-6.712146854652,-23.95,14.260304416966));
#5592 = SURFACE_CURVE('',#5593,(#5597,#5603),.PCURVE_S1.);
#5593 = LINE('',#5594,#5595);
#5594 = CARTESIAN_POINT('',(3.249555852951,-23.95,-6.903850092449));
#5595 = VECTOR('',#5596,1.);
#5596 = DIRECTION('',(-0.42587055527,1.004512141694E-16,0.904784101404)
  );
#5597 = PCURVE('',#3450,#5598);
#5598 = DEFINITIONAL_REPRESENTATION('',(#5599),#5602);
#5599 = B_SPLINE_CURVE_WITH_KNOTS('',1,(#5600,#5601),.UNSPECIFIED.,.F.,
  .F.,(2,2),(17.680383957604,25.597755901283),.PIECEWISE_BEZIER_KNOTS.);
#5600 = CARTESIAN_POINT('',(51.944806065926,14.632224960575));
#5601 = CARTESIAN_POINT('',(55.316581651863,21.795737220119));
#5602 = ( GEOMETRIC_REPRESENTATION_CONTEXT(2) 
PARAMETRIC_REPRESENTATION_CONTEXT() REPRESENTATION_CONTEXT('2D SPACE',''
  ) );
#5603 = PCURVE('',#5604,#5609);
#5604 = PLANE('',#5605);
#5605 = AXIS2_PLACEMENT_3D('',#5606,#5607,#5608);
#5606 = CARTESIAN_POINT('',(-4.279999080468,-16.05,9.093080219111));
#5607 = DIRECTION('',(-0.904784101404,-4.728112959711E-17,-0.42587055527
    ));
#5608 = DIRECTION('',(-0.42587055527,1.004512141694E-16,0.904784101404)
  );
#5609 = DEFINITIONAL_REPRESENTATION('',(#5610),#5613);
#5610 = B_SPLINE_CURVE_WITH_KNOTS('',1,(#5611,#5612),.UNSPECIFIED.,.F.,
  .F.,(2,2),(17.680383957604,25.597755901283),.PIECEWISE_BEZIER_KNOTS.);
#5611 = CARTESIAN_POINT('',(0.,-7.9));
#5612 = CARTESIAN_POINT('',(7.917371943679,-7.9));
#5613 = ( GEOMETRIC_REPRESENTATION_CONTEXT(2) 
PARAMETRIC_REPRESENTATION_CONTEXT() REPRESENTATION_CONTEXT('2D SPACE',''
  ) );
#5614 = ORIENTED_EDGE('',*,*,#5615,.T.);
#5615 = EDGE_CURVE('',#5590,#4264,#5616,.T.);
#5616 = SURFACE_CURVE('',#5617,(#5630,#5646),.PCURVE_S1.);
#5617 = B_SPLINE_CURVE_WITH_KNOTS('',3,(#5618,#5619,#5620,#5621,#5622,
    #5623,#5624,#5625,#5626,#5627,#5628,#5629),.UNSPECIFIED.,.F.,.F.,(4,
    1,1,1,1,1,1,1,1,4),(0.,12.747548783982,25.747548783982,
    44.911316680719,68.256551740576,96.149203102539,121.6443006705,
    134.98596473462,142.05703254649,147.88798444134),.UNSPECIFIED.);
#5618 = CARTESIAN_POINT('',(-14.5,-23.95,5.));
#5619 = CARTESIAN_POINT('',(-12.77777335017,-23.95,10.50734489801));
#5620 = CARTESIAN_POINT('',(-6.725555850754,-23.95,16.256592478655));
#5621 = CARTESIAN_POINT('',(9.41665366166,-23.95,14.186130362434));
#5622 = CARTESIAN_POINT('',(27.241879669264,-23.95,11.941002356747));
#5623 = CARTESIAN_POINT('',(50.671598427996,-23.95,8.196104824948));
#5624 = CARTESIAN_POINT('',(75.067022087384,-23.95,0.954707874414));
#5625 = CARTESIAN_POINT('',(97.063849933052,-23.95,-4.09917432805));
#5626 = CARTESIAN_POINT('',(112.00463258081,-23.95,-4.779285919526));
#5627 = CARTESIAN_POINT('',(120.40902292121,-23.95,-11.5719145646));
#5628 = CARTESIAN_POINT('',(118.5276671711,-23.95,-15.26791888834));
#5629 = CARTESIAN_POINT('',(116.,-23.95,-17.));
#5630 = PCURVE('',#3450,#5631);
#5631 = DEFINITIONAL_REPRESENTATION('',(#5632),#5645);
#5632 = B_SPLINE_CURVE_WITH_KNOTS('',3,(#5633,#5634,#5635,#5636,#5637,
    #5638,#5639,#5640,#5641,#5642,#5643,#5644),.UNSPECIFIED.,.F.,.F.,(4,
    1,1,1,1,1,1,1,1,4),(0.,12.747548783982,25.747548783982,
    44.911316680719,68.256551740576,96.149203102539,121.6443006705,
    134.98596473462,142.05703254649,147.88798444134),.UNSPECIFIED.);
#5633 = CARTESIAN_POINT('',(62.164806985459,10.539144741464));
#5634 = CARTESIAN_POINT('',(60.442580335632,16.046489639474));
#5635 = CARTESIAN_POINT('',(54.390362836213,21.795737220119));
#5636 = CARTESIAN_POINT('',(38.248153323798,19.725275103898));
#5637 = CARTESIAN_POINT('',(20.422927316194,17.480147098211));
#5638 = CARTESIAN_POINT('',(-3.006791442537,13.735249566411));
#5639 = CARTESIAN_POINT('',(-27.40221510192,6.493852615878));
#5640 = CARTESIAN_POINT('',(-49.39904294759,1.439970413413));
#5641 = CARTESIAN_POINT('',(-64.33982559535,0.759858821938));
#5642 = CARTESIAN_POINT('',(-72.74421593575,-6.032769823139));
#5643 = CARTESIAN_POINT('',(-70.86286018565,-9.72877414688));
#5644 = CARTESIAN_POINT('',(-68.33519301454,-11.46085525853));
#5645 = ( GEOMETRIC_REPRESENTATION_CONTEXT(2) 
PARAMETRIC_REPRESENTATION_CONTEXT() REPRESENTATION_CONTEXT('2D SPACE',''
  ) );
#5646 = PCURVE('',#364,#5647);
#5647 = DEFINITIONAL_REPRESENTATION('',(#5648),#5652);
#5648 = LINE('',#5649,#5650);
#5649 = CARTESIAN_POINT('',(0.,-47.9));
#5650 = VECTOR('',#5651,1.);
#5651 = DIRECTION('',(1.,0.));
#5652 = ( GEOMETRIC_REPRESENTATION_CONTEXT(2) 
PARAMETRIC_REPRESENTATION_CONTEXT() REPRESENTATION_CONTEXT('2D SPACE',''
  ) );
#5653 = FACE_BOUND('',#5654,.F.);
#5654 = EDGE_LOOP('',(#5655));
#5655 = ORIENTED_EDGE('',*,*,#5656,.F.);
#5656 = EDGE_CURVE('',#5657,#5657,#5659,.T.);
#5657 = VERTEX_POINT('',#5658);
#5658 = CARTESIAN_POINT('',(-8.939921633776E-16,-23.95,3.65));
#5659 = SURFACE_CURVE('',#5660,(#5665,#5672),.PCURVE_S1.);
#5660 = CIRCLE('',#5661,3.65);
#5661 = AXIS2_PLACEMENT_3D('',#5662,#5663,#5664);
#5662 = CARTESIAN_POINT('',(0.,-23.95,0.));
#5663 = DIRECTION('',(0.,1.,0.));
#5664 = DIRECTION('',(0.,-0.,1.));
#5665 = PCURVE('',#3450,#5666);
#5666 = DEFINITIONAL_REPRESENTATION('',(#5667),#5671);
#5667 = CIRCLE('',#5668,3.65);
#5668 = AXIS2_PLACEMENT_2D('',#5669,#5670);
#5669 = CARTESIAN_POINT('',(47.664806985459,5.539144741464));
#5670 = DIRECTION('',(0.,1.));
#5671 = ( GEOMETRIC_REPRESENTATION_CONTEXT(2) 
PARAMETRIC_REPRESENTATION_CONTEXT() REPRESENTATION_CONTEXT('2D SPACE',''
  ) );
#5672 = PCURVE('',#5673,#5678);
#5673 = CYLINDRICAL_SURFACE('',#5674,3.65);
#5674 = AXIS2_PLACEMENT_3D('',#5675,#5676,#5677);
#5675 = CARTESIAN_POINT('',(0.,-24.05,0.));
#5676 = DIRECTION('',(0.,1.,0.));
#5677 = DIRECTION('',(0.,-0.,1.));
#5678 = DEFINITIONAL_REPRESENTATION('',(#5679),#5683);
#5679 = LINE('',#5680,#5681);
#5680 = CARTESIAN_POINT('',(0.,0.1));
#5681 = VECTOR('',#5682,1.);
#5682 = DIRECTION('',(1.,0.));
#5683 = ( GEOMETRIC_REPRESENTATION_CONTEXT(2) 
PARAMETRIC_REPRESENTATION_CONTEXT() REPRESENTATION_CONTEXT('2D SPACE',''
  ) );
#5684 = FACE_BOUND('',#5685,.F.);
#5685 = EDGE_LOOP('',(#5686));
#5686 = ORIENTED_EDGE('',*,*,#5687,.F.);
#5687 = EDGE_CURVE('',#5688,#5688,#5690,.T.);
#5688 = VERTEX_POINT('',#5689);
#5689 = CARTESIAN_POINT('',(4.949747468306,-23.95,8.099747468306));
#5690 = SURFACE_CURVE('',#5691,(#5696,#5703),.PCURVE_S1.);
#5691 = CIRCLE('',#5692,3.15);
#5692 = AXIS2_PLACEMENT_3D('',#5693,#5694,#5695);
#5693 = CARTESIAN_POINT('',(4.949747468306,-23.95,4.949747468306));
#5694 = DIRECTION('',(0.,1.,0.));
#5695 = DIRECTION('',(0.,-0.,1.));
#5696 = PCURVE('',#3450,#5697);
#5697 = DEFINITIONAL_REPRESENTATION('',(#5698),#5702);
#5698 = CIRCLE('',#5699,3.15);
#5699 = AXIS2_PLACEMENT_2D('',#5700,#5701);
#5700 = CARTESIAN_POINT('',(42.715059517153,10.488892209769));
#5701 = DIRECTION('',(0.,1.));
#5702 = ( GEOMETRIC_REPRESENTATION_CONTEXT(2) 
PARAMETRIC_REPRESENTATION_CONTEXT() REPRESENTATION_CONTEXT('2D SPACE',''
  ) );
#5703 = PCURVE('',#5704,#5709);
#5704 = CYLINDRICAL_SURFACE('',#5705,3.15);
#5705 = AXIS2_PLACEMENT_3D('',#5706,#5707,#5708);
#5706 = CARTESIAN_POINT('',(4.949747468306,-24.05,4.949747468306));
#5707 = DIRECTION('',(0.,1.,0.));
#5708 = DIRECTION('',(0.,-0.,1.));
#5709 = DEFINITIONAL_REPRESENTATION('',(#5710),#5714);
#5710 = LINE('',#5711,#5712);
#5711 = CARTESIAN_POINT('',(0.,0.1));
#5712 = VECTOR('',#5713,1.);
#5713 = DIRECTION('',(1.,0.));
#5714 = ( GEOMETRIC_REPRESENTATION_CONTEXT(2) 
PARAMETRIC_REPRESENTATION_CONTEXT() REPRESENTATION_CONTEXT('2D SPACE',''
  ) );
#5715 = ADVANCED_FACE('',(#5716),#5704,.F.);
#5716 = FACE_BOUND('',#5717,.F.);
#5717 = EDGE_LOOP('',(#5718,#5741,#5768,#5769));
#5718 = ORIENTED_EDGE('',*,*,#5719,.T.);
#5719 = EDGE_CURVE('',#5688,#5720,#5722,.T.);
#5720 = VERTEX_POINT('',#5721);
#5721 = CARTESIAN_POINT('',(4.949747468306,-22.45,8.099747468306));
#5722 = SEAM_CURVE('',#5723,(#5727,#5734),.PCURVE_S1.);
#5723 = LINE('',#5724,#5725);
#5724 = CARTESIAN_POINT('',(4.949747468306,-24.05,8.099747468306));
#5725 = VECTOR('',#5726,1.);
#5726 = DIRECTION('',(0.,1.,0.));
#5727 = PCURVE('',#5704,#5728);
#5728 = DEFINITIONAL_REPRESENTATION('',(#5729),#5733);
#5729 = LINE('',#5730,#5731);
#5730 = CARTESIAN_POINT('',(6.28318530718,-0.));
#5731 = VECTOR('',#5732,1.);
#5732 = DIRECTION('',(0.,1.));
#5733 = ( GEOMETRIC_REPRESENTATION_CONTEXT(2) 
PARAMETRIC_REPRESENTATION_CONTEXT() REPRESENTATION_CONTEXT('2D SPACE',''
  ) );
#5734 = PCURVE('',#5704,#5735);
#5735 = DEFINITIONAL_REPRESENTATION('',(#5736),#5740);
#5736 = LINE('',#5737,#5738);
#5737 = CARTESIAN_POINT('',(0.,-0.));
#5738 = VECTOR('',#5739,1.);
#5739 = DIRECTION('',(0.,1.));
#5740 = ( GEOMETRIC_REPRESENTATION_CONTEXT(2) 
PARAMETRIC_REPRESENTATION_CONTEXT() REPRESENTATION_CONTEXT('2D SPACE',''
  ) );
#5741 = ORIENTED_EDGE('',*,*,#5742,.F.);
#5742 = EDGE_CURVE('',#5720,#5720,#5743,.T.);
#5743 = SURFACE_CURVE('',#5744,(#5749,#5756),.PCURVE_S1.);
#5744 = CIRCLE('',#5745,3.15);
#5745 = AXIS2_PLACEMENT_3D('',#5746,#5747,#5748);
#5746 = CARTESIAN_POINT('',(4.949747468306,-22.45,4.949747468306));
#5747 = DIRECTION('',(0.,1.,0.));
#5748 = DIRECTION('',(0.,-0.,1.));
#5749 = PCURVE('',#5704,#5750);
#5750 = DEFINITIONAL_REPRESENTATION('',(#5751),#5755);
#5751 = LINE('',#5752,#5753);
#5752 = CARTESIAN_POINT('',(0.,1.6));
#5753 = VECTOR('',#5754,1.);
#5754 = DIRECTION('',(1.,0.));
#5755 = ( GEOMETRIC_REPRESENTATION_CONTEXT(2) 
PARAMETRIC_REPRESENTATION_CONTEXT() REPRESENTATION_CONTEXT('2D SPACE',''
  ) );
#5756 = PCURVE('',#5757,#5762);
#5757 = PLANE('',#5758);
#5758 = AXIS2_PLACEMENT_3D('',#5759,#5760,#5761);
#5759 = CARTESIAN_POINT('',(4.949747468306,-22.45,4.949747468306));
#5760 = DIRECTION('',(0.,1.,0.));
#5761 = DIRECTION('',(0.,-0.,1.));
#5762 = DEFINITIONAL_REPRESENTATION('',(#5763),#5767);
#5763 = CIRCLE('',#5764,3.15);
#5764 = AXIS2_PLACEMENT_2D('',#5765,#5766);
#5765 = CARTESIAN_POINT('',(0.,0.));
#5766 = DIRECTION('',(1.,0.));
#5767 = ( GEOMETRIC_REPRESENTATION_CONTEXT(2) 
PARAMETRIC_REPRESENTATION_CONTEXT() REPRESENTATION_CONTEXT('2D SPACE',''
  ) );
#5768 = ORIENTED_EDGE('',*,*,#5719,.F.);
#5769 = ORIENTED_EDGE('',*,*,#5687,.T.);
#5770 = ADVANCED_FACE('',(#5771,#5774),#5757,.F.);
#5771 = FACE_BOUND('',#5772,.F.);
#5772 = EDGE_LOOP('',(#5773));
#5773 = ORIENTED_EDGE('',*,*,#5742,.T.);
#5774 = FACE_BOUND('',#5775,.F.);
#5775 = EDGE_LOOP('',(#5776));
#5776 = ORIENTED_EDGE('',*,*,#5777,.F.);
#5777 = EDGE_CURVE('',#5778,#5778,#5780,.T.);
#5778 = VERTEX_POINT('',#5779);
#5779 = CARTESIAN_POINT('',(4.949747468306,-22.45,6.649747468306));
#5780 = SURFACE_CURVE('',#5781,(#5786,#5793),.PCURVE_S1.);
#5781 = CIRCLE('',#5782,1.7);
#5782 = AXIS2_PLACEMENT_3D('',#5783,#5784,#5785);
#5783 = CARTESIAN_POINT('',(4.949747468306,-22.45,4.949747468306));
#5784 = DIRECTION('',(0.,1.,0.));
#5785 = DIRECTION('',(0.,-0.,1.));
#5786 = PCURVE('',#5757,#5787);
#5787 = DEFINITIONAL_REPRESENTATION('',(#5788),#5792);
#5788 = CIRCLE('',#5789,1.7);
#5789 = AXIS2_PLACEMENT_2D('',#5790,#5791);
#5790 = CARTESIAN_POINT('',(0.,0.));
#5791 = DIRECTION('',(1.,0.));
#5792 = ( GEOMETRIC_REPRESENTATION_CONTEXT(2) 
PARAMETRIC_REPRESENTATION_CONTEXT() REPRESENTATION_CONTEXT('2D SPACE',''
  ) );
#5793 = PCURVE('',#5794,#5799);
#5794 = CYLINDRICAL_SURFACE('',#5795,1.7);
#5795 = AXIS2_PLACEMENT_3D('',#5796,#5797,#5798);
#5796 = CARTESIAN_POINT('',(4.949747468306,-24.05,4.949747468306));
#5797 = DIRECTION('',(0.,1.,0.));
#5798 = DIRECTION('',(0.,-0.,1.));
#5799 = DEFINITIONAL_REPRESENTATION('',(#5800),#5804);
#5800 = LINE('',#5801,#5802);
#5801 = CARTESIAN_POINT('',(0.,1.6));
#5802 = VECTOR('',#5803,1.);
#5803 = DIRECTION('',(1.,0.));
#5804 = ( GEOMETRIC_REPRESENTATION_CONTEXT(2) 
PARAMETRIC_REPRESENTATION_CONTEXT() REPRESENTATION_CONTEXT('2D SPACE',''
  ) );
#5805 = ADVANCED_FACE('',(#5806),#5794,.F.);
#5806 = FACE_BOUND('',#5807,.F.);
#5807 = EDGE_LOOP('',(#5808,#5832,#5853,#5854));
#5808 = ORIENTED_EDGE('',*,*,#5809,.F.);
#5809 = EDGE_CURVE('',#5810,#5810,#5812,.T.);
#5810 = VERTEX_POINT('',#5811);
#5811 = CARTESIAN_POINT('',(4.949747468306,-18.45,6.649747468306));
#5812 = SURFACE_CURVE('',#5813,(#5818,#5825),.PCURVE_S1.);
#5813 = CIRCLE('',#5814,1.7);
#5814 = AXIS2_PLACEMENT_3D('',#5815,#5816,#5817);
#5815 = CARTESIAN_POINT('',(4.949747468306,-18.45,4.949747468306));
#5816 = DIRECTION('',(0.,1.,0.));
#5817 = DIRECTION('',(0.,-0.,1.));
#5818 = PCURVE('',#5794,#5819);
#5819 = DEFINITIONAL_REPRESENTATION('',(#5820),#5824);
#5820 = LINE('',#5821,#5822);
#5821 = CARTESIAN_POINT('',(0.,5.6));
#5822 = VECTOR('',#5823,1.);
#5823 = DIRECTION('',(1.,0.));
#5824 = ( GEOMETRIC_REPRESENTATION_CONTEXT(2) 
PARAMETRIC_REPRESENTATION_CONTEXT() REPRESENTATION_CONTEXT('2D SPACE',''
  ) );
#5825 = PCURVE('',#3504,#5826);
#5826 = DEFINITIONAL_REPRESENTATION('',(#5827),#5831);
#5827 = CIRCLE('',#5828,1.7);
#5828 = AXIS2_PLACEMENT_2D('',#5829,#5830);
#5829 = CARTESIAN_POINT('',(24.949747468306,-29.9497474683));
#5830 = DIRECTION('',(0.,-1.));
#5831 = ( GEOMETRIC_REPRESENTATION_CONTEXT(2) 
PARAMETRIC_REPRESENTATION_CONTEXT() REPRESENTATION_CONTEXT('2D SPACE',''
  ) );
#5832 = ORIENTED_EDGE('',*,*,#5833,.F.);
#5833 = EDGE_CURVE('',#5778,#5810,#5834,.T.);
#5834 = SEAM_CURVE('',#5835,(#5839,#5846),.PCURVE_S1.);
#5835 = LINE('',#5836,#5837);
#5836 = CARTESIAN_POINT('',(4.949747468306,-24.05,6.649747468306));
#5837 = VECTOR('',#5838,1.);
#5838 = DIRECTION('',(0.,1.,0.));
#5839 = PCURVE('',#5794,#5840);
#5840 = DEFINITIONAL_REPRESENTATION('',(#5841),#5845);
#5841 = LINE('',#5842,#5843);
#5842 = CARTESIAN_POINT('',(6.28318530718,-0.));
#5843 = VECTOR('',#5844,1.);
#5844 = DIRECTION('',(0.,1.));
#5845 = ( GEOMETRIC_REPRESENTATION_CONTEXT(2) 
PARAMETRIC_REPRESENTATION_CONTEXT() REPRESENTATION_CONTEXT('2D SPACE',''
  ) );
#5846 = PCURVE('',#5794,#5847);
#5847 = DEFINITIONAL_REPRESENTATION('',(#5848),#5852);
#5848 = LINE('',#5849,#5850);
#5849 = CARTESIAN_POINT('',(0.,-0.));
#5850 = VECTOR('',#5851,1.);
#5851 = DIRECTION('',(0.,1.));
#5852 = ( GEOMETRIC_REPRESENTATION_CONTEXT(2) 
PARAMETRIC_REPRESENTATION_CONTEXT() REPRESENTATION_CONTEXT('2D SPACE',''
  ) );
#5853 = ORIENTED_EDGE('',*,*,#5777,.T.);
#5854 = ORIENTED_EDGE('',*,*,#5833,.T.);
#5855 = ADVANCED_FACE('',(#5856),#5673,.F.);
#5856 = FACE_BOUND('',#5857,.F.);
#5857 = EDGE_LOOP('',(#5858,#5884,#5912,#5933,#5934,#5935,#5964));
#5858 = ORIENTED_EDGE('',*,*,#5859,.F.);
#5859 = EDGE_CURVE('',#5860,#5862,#5864,.T.);
#5860 = VERTEX_POINT('',#5861);
#5861 = CARTESIAN_POINT('',(-4.469960816888E-16,-18.45,3.65));
#5862 = VERTEX_POINT('',#5863);
#5863 = CARTESIAN_POINT('',(0.,-18.45,-3.65));
#5864 = SURFACE_CURVE('',#5865,(#5870,#5877),.PCURVE_S1.);
#5865 = CIRCLE('',#5866,3.65);
#5866 = AXIS2_PLACEMENT_3D('',#5867,#5868,#5869);
#5867 = CARTESIAN_POINT('',(0.,-18.45,0.));
#5868 = DIRECTION('',(0.,1.,0.));
#5869 = DIRECTION('',(0.,-0.,1.));
#5870 = PCURVE('',#5673,#5871);
#5871 = DEFINITIONAL_REPRESENTATION('',(#5872),#5876);
#5872 = LINE('',#5873,#5874);
#5873 = CARTESIAN_POINT('',(0.,5.6));
#5874 = VECTOR('',#5875,1.);
#5875 = DIRECTION('',(1.,0.));
#5876 = ( GEOMETRIC_REPRESENTATION_CONTEXT(2) 
PARAMETRIC_REPRESENTATION_CONTEXT() REPRESENTATION_CONTEXT('2D SPACE',''
  ) );
#5877 = PCURVE('',#3504,#5878);
#5878 = DEFINITIONAL_REPRESENTATION('',(#5879),#5883);
#5879 = CIRCLE('',#5880,3.65);
#5880 = AXIS2_PLACEMENT_2D('',#5881,#5882);
#5881 = CARTESIAN_POINT('',(20.,-25.));
#5882 = DIRECTION('',(0.,-1.));
#5883 = ( GEOMETRIC_REPRESENTATION_CONTEXT(2) 
PARAMETRIC_REPRESENTATION_CONTEXT() REPRESENTATION_CONTEXT('2D SPACE',''
  ) );
#5884 = ORIENTED_EDGE('',*,*,#5885,.F.);
#5885 = EDGE_CURVE('',#5886,#5860,#5888,.T.);
#5886 = VERTEX_POINT('',#5887);
#5887 = CARTESIAN_POINT('',(0.,-19.45,3.65));
#5888 = SURFACE_CURVE('',#5889,(#5893,#5900),.PCURVE_S1.);
#5889 = LINE('',#5890,#5891);
#5890 = CARTESIAN_POINT('',(-8.939921633776E-16,-24.05,3.65));
#5891 = VECTOR('',#5892,1.);
#5892 = DIRECTION('',(0.,1.,0.));
#5893 = PCURVE('',#5673,#5894);
#5894 = DEFINITIONAL_REPRESENTATION('',(#5895),#5899);
#5895 = LINE('',#5896,#5897);
#5896 = CARTESIAN_POINT('',(0.,-0.));
#5897 = VECTOR('',#5898,1.);
#5898 = DIRECTION('',(0.,1.));
#5899 = ( GEOMETRIC_REPRESENTATION_CONTEXT(2) 
PARAMETRIC_REPRESENTATION_CONTEXT() REPRESENTATION_CONTEXT('2D SPACE',''
  ) );
#5900 = PCURVE('',#5901,#5906);
#5901 = PLANE('',#5902);
#5902 = AXIS2_PLACEMENT_3D('',#5903,#5904,#5905);
#5903 = CARTESIAN_POINT('',(-18.,-19.45,3.65));
#5904 = DIRECTION('',(0.,0.,1.));
#5905 = DIRECTION('',(1.,0.,0.));
#5906 = DEFINITIONAL_REPRESENTATION('',(#5907),#5911);
#5907 = LINE('',#5908,#5909);
#5908 = CARTESIAN_POINT('',(18.,-4.6));
#5909 = VECTOR('',#5910,1.);
#5910 = DIRECTION('',(0.,1.));
#5911 = ( GEOMETRIC_REPRESENTATION_CONTEXT(2) 
PARAMETRIC_REPRESENTATION_CONTEXT() REPRESENTATION_CONTEXT('2D SPACE',''
  ) );
#5912 = ORIENTED_EDGE('',*,*,#5913,.F.);
#5913 = EDGE_CURVE('',#5657,#5886,#5914,.T.);
#5914 = SEAM_CURVE('',#5915,(#5919,#5926),.PCURVE_S1.);
#5915 = LINE('',#5916,#5917);
#5916 = CARTESIAN_POINT('',(-8.939921633776E-16,-24.05,3.65));
#5917 = VECTOR('',#5918,1.);
#5918 = DIRECTION('',(0.,1.,0.));
#5919 = PCURVE('',#5673,#5920);
#5920 = DEFINITIONAL_REPRESENTATION('',(#5921),#5925);
#5921 = LINE('',#5922,#5923);
#5922 = CARTESIAN_POINT('',(6.28318530718,-0.));
#5923 = VECTOR('',#5924,1.);
#5924 = DIRECTION('',(0.,1.));
#5925 = ( GEOMETRIC_REPRESENTATION_CONTEXT(2) 
PARAMETRIC_REPRESENTATION_CONTEXT() REPRESENTATION_CONTEXT('2D SPACE',''
  ) );
#5926 = PCURVE('',#5673,#5927);
#5927 = DEFINITIONAL_REPRESENTATION('',(#5928),#5932);
#5928 = LINE('',#5929,#5930);
#5929 = CARTESIAN_POINT('',(0.,-0.));
#5930 = VECTOR('',#5931,1.);
#5931 = DIRECTION('',(0.,1.));
#5932 = ( GEOMETRIC_REPRESENTATION_CONTEXT(2) 
PARAMETRIC_REPRESENTATION_CONTEXT() REPRESENTATION_CONTEXT('2D SPACE',''
  ) );
#5933 = ORIENTED_EDGE('',*,*,#5656,.T.);
#5934 = ORIENTED_EDGE('',*,*,#5913,.T.);
#5935 = ORIENTED_EDGE('',*,*,#5936,.F.);
#5936 = EDGE_CURVE('',#5937,#5886,#5939,.T.);
#5937 = VERTEX_POINT('',#5938);
#5938 = CARTESIAN_POINT('',(0.,-19.45,-3.65));
#5939 = SURFACE_CURVE('',#5940,(#5945,#5952),.PCURVE_S1.);
#5940 = CIRCLE('',#5941,3.65);
#5941 = AXIS2_PLACEMENT_3D('',#5942,#5943,#5944);
#5942 = CARTESIAN_POINT('',(0.,-19.45,0.));
#5943 = DIRECTION('',(0.,1.,0.));
#5944 = DIRECTION('',(0.,-0.,1.));
#5945 = PCURVE('',#5673,#5946);
#5946 = DEFINITIONAL_REPRESENTATION('',(#5947),#5951);
#5947 = LINE('',#5948,#5949);
#5948 = CARTESIAN_POINT('',(0.,4.6));
#5949 = VECTOR('',#5950,1.);
#5950 = DIRECTION('',(1.,0.));
#5951 = ( GEOMETRIC_REPRESENTATION_CONTEXT(2) 
PARAMETRIC_REPRESENTATION_CONTEXT() REPRESENTATION_CONTEXT('2D SPACE',''
  ) );
#5952 = PCURVE('',#5953,#5958);
#5953 = PLANE('',#5954);
#5954 = AXIS2_PLACEMENT_3D('',#5955,#5956,#5957);
#5955 = CARTESIAN_POINT('',(-18.,-19.45,-3.65));
#5956 = DIRECTION('',(0.,1.,0.));
#5957 = DIRECTION('',(0.,0.,1.));
#5958 = DEFINITIONAL_REPRESENTATION('',(#5959),#5963);
#5959 = CIRCLE('',#5960,3.65);
#5960 = AXIS2_PLACEMENT_2D('',#5961,#5962);
#5961 = CARTESIAN_POINT('',(3.65,18.));
#5962 = DIRECTION('',(1.,0.));
#5963 = ( GEOMETRIC_REPRESENTATION_CONTEXT(2) 
PARAMETRIC_REPRESENTATION_CONTEXT() REPRESENTATION_CONTEXT('2D SPACE',''
  ) );
#5964 = ORIENTED_EDGE('',*,*,#5965,.T.);
#5965 = EDGE_CURVE('',#5937,#5862,#5966,.T.);
#5966 = SURFACE_CURVE('',#5967,(#5971,#5978),.PCURVE_S1.);
#5967 = LINE('',#5968,#5969);
#5968 = CARTESIAN_POINT('',(0.,-19.45,-3.65));
#5969 = VECTOR('',#5970,1.);
#5970 = DIRECTION('',(0.,1.,0.));
#5971 = PCURVE('',#5673,#5972);
#5972 = DEFINITIONAL_REPRESENTATION('',(#5973),#5977);
#5973 = LINE('',#5974,#5975);
#5974 = CARTESIAN_POINT('',(3.14159265359,4.6));
#5975 = VECTOR('',#5976,1.);
#5976 = DIRECTION('',(0.,1.));
#5977 = ( GEOMETRIC_REPRESENTATION_CONTEXT(2) 
PARAMETRIC_REPRESENTATION_CONTEXT() REPRESENTATION_CONTEXT('2D SPACE',''
  ) );
#5978 = PCURVE('',#5979,#5984);
#5979 = PLANE('',#5980);
#5980 = AXIS2_PLACEMENT_3D('',#5981,#5982,#5983);
#5981 = CARTESIAN_POINT('',(-18.,-19.45,-3.65));
#5982 = DIRECTION('',(0.,0.,1.));
#5983 = DIRECTION('',(1.,0.,0.));
#5984 = DEFINITIONAL_REPRESENTATION('',(#5985),#5989);
#5985 = LINE('',#5986,#5987);
#5986 = CARTESIAN_POINT('',(18.,0.));
#5987 = VECTOR('',#5988,1.);
#5988 = DIRECTION('',(0.,1.));
#5989 = ( GEOMETRIC_REPRESENTATION_CONTEXT(2) 
PARAMETRIC_REPRESENTATION_CONTEXT() REPRESENTATION_CONTEXT('2D SPACE',''
  ) );
#5990 = ADVANCED_FACE('',(#5991),#5901,.F.);
#5991 = FACE_BOUND('',#5992,.F.);
#5992 = EDGE_LOOP('',(#5993,#6014,#6040,#6061));
#5993 = ORIENTED_EDGE('',*,*,#5994,.F.);
#5994 = EDGE_CURVE('',#5995,#5860,#5997,.T.);
#5995 = VERTEX_POINT('',#5996);
#5996 = CARTESIAN_POINT('',(-3.854002735883,-18.45,3.65));
#5997 = SURFACE_CURVE('',#5998,(#6002,#6008),.PCURVE_S1.);
#5998 = LINE('',#5999,#6000);
#5999 = CARTESIAN_POINT('',(-19.,-18.45,3.65));
#6000 = VECTOR('',#6001,1.);
#6001 = DIRECTION('',(1.,0.,0.));
#6002 = PCURVE('',#5901,#6003);
#6003 = DEFINITIONAL_REPRESENTATION('',(#6004),#6007);
#6004 = B_SPLINE_CURVE_WITH_KNOTS('',1,(#6005,#6006),.UNSPECIFIED.,.F.,
  .F.,(2,2),(4.5,19.),.PIECEWISE_BEZIER_KNOTS.);
#6005 = CARTESIAN_POINT('',(3.5,1.));
#6006 = CARTESIAN_POINT('',(18.,1.));
#6007 = ( GEOMETRIC_REPRESENTATION_CONTEXT(2) 
PARAMETRIC_REPRESENTATION_CONTEXT() REPRESENTATION_CONTEXT('2D SPACE',''
  ) );
#6008 = PCURVE('',#3504,#6009);
#6009 = DEFINITIONAL_REPRESENTATION('',(#6010),#6013);
#6010 = B_SPLINE_CURVE_WITH_KNOTS('',1,(#6011,#6012),.UNSPECIFIED.,.F.,
  .F.,(2,2),(4.5,19.),.PIECEWISE_BEZIER_KNOTS.);
#6011 = CARTESIAN_POINT('',(5.5,-28.65));
#6012 = CARTESIAN_POINT('',(20.,-28.65));
#6013 = ( GEOMETRIC_REPRESENTATION_CONTEXT(2) 
PARAMETRIC_REPRESENTATION_CONTEXT() REPRESENTATION_CONTEXT('2D SPACE',''
  ) );
#6014 = ORIENTED_EDGE('',*,*,#6015,.F.);
#6015 = EDGE_CURVE('',#6016,#5995,#6018,.T.);
#6016 = VERTEX_POINT('',#6017);
#6017 = CARTESIAN_POINT('',(-3.854002735883,-19.45,3.65));
#6018 = SURFACE_CURVE('',#6019,(#6023,#6029),.PCURVE_S1.);
#6019 = LINE('',#6020,#6021);
#6020 = CARTESIAN_POINT('',(-3.854002735883,-24.05,3.65));
#6021 = VECTOR('',#6022,1.);
#6022 = DIRECTION('',(0.,1.,0.));
#6023 = PCURVE('',#5901,#6024);
#6024 = DEFINITIONAL_REPRESENTATION('',(#6025),#6028);
#6025 = B_SPLINE_CURVE_WITH_KNOTS('',1,(#6026,#6027),.UNSPECIFIED.,.F.,
  .F.,(2,2),(4.499,5.711),.PIECEWISE_BEZIER_KNOTS.);
#6026 = CARTESIAN_POINT('',(14.145997264117,-0.101));
#6027 = CARTESIAN_POINT('',(14.145997264117,1.111));
#6028 = ( GEOMETRIC_REPRESENTATION_CONTEXT(2) 
PARAMETRIC_REPRESENTATION_CONTEXT() REPRESENTATION_CONTEXT('2D SPACE',''
  ) );
#6029 = PCURVE('',#6030,#6035);
#6030 = CYLINDRICAL_SURFACE('',#6031,1.7);
#6031 = AXIS2_PLACEMENT_3D('',#6032,#6033,#6034);
#6032 = CARTESIAN_POINT('',(-4.949747468306,-24.05,4.949747468306));
#6033 = DIRECTION('',(0.,1.,0.));
#6034 = DIRECTION('',(0.,-0.,1.));
#6035 = DEFINITIONAL_REPRESENTATION('',(#6036),#6039);
#6036 = B_SPLINE_CURVE_WITH_KNOTS('',1,(#6037,#6038),.UNSPECIFIED.,.F.,
  .F.,(2,2),(4.499,5.711),.PIECEWISE_BEZIER_KNOTS.);
#6037 = CARTESIAN_POINT('',(2.441150600736,4.499));
#6038 = CARTESIAN_POINT('',(2.441150600736,5.711));
#6039 = ( GEOMETRIC_REPRESENTATION_CONTEXT(2) 
PARAMETRIC_REPRESENTATION_CONTEXT() REPRESENTATION_CONTEXT('2D SPACE',''
  ) );
#6040 = ORIENTED_EDGE('',*,*,#6041,.T.);
#6041 = EDGE_CURVE('',#6016,#5886,#6042,.T.);
#6042 = SURFACE_CURVE('',#6043,(#6047,#6054),.PCURVE_S1.);
#6043 = LINE('',#6044,#6045);
#6044 = CARTESIAN_POINT('',(-18.,-19.45,3.65));
#6045 = VECTOR('',#6046,1.);
#6046 = DIRECTION('',(1.,0.,0.));
#6047 = PCURVE('',#5901,#6048);
#6048 = DEFINITIONAL_REPRESENTATION('',(#6049),#6053);
#6049 = LINE('',#6050,#6051);
#6050 = CARTESIAN_POINT('',(0.,0.));
#6051 = VECTOR('',#6052,1.);
#6052 = DIRECTION('',(1.,0.));
#6053 = ( GEOMETRIC_REPRESENTATION_CONTEXT(2) 
PARAMETRIC_REPRESENTATION_CONTEXT() REPRESENTATION_CONTEXT('2D SPACE',''
  ) );
#6054 = PCURVE('',#5953,#6055);
#6055 = DEFINITIONAL_REPRESENTATION('',(#6056),#6060);
#6056 = LINE('',#6057,#6058);
#6057 = CARTESIAN_POINT('',(7.3,0.));
#6058 = VECTOR('',#6059,1.);
#6059 = DIRECTION('',(0.,1.));
#6060 = ( GEOMETRIC_REPRESENTATION_CONTEXT(2) 
PARAMETRIC_REPRESENTATION_CONTEXT() REPRESENTATION_CONTEXT('2D SPACE',''
  ) );
#6061 = ORIENTED_EDGE('',*,*,#5885,.T.);
#6062 = ADVANCED_FACE('',(#6063),#6030,.F.);
#6063 = FACE_BOUND('',#6064,.F.);
#6064 = EDGE_LOOP('',(#6065,#6089,#6112,#6139,#6140,#6164,#6190,#6212));
#6065 = ORIENTED_EDGE('',*,*,#6066,.F.);
#6066 = EDGE_CURVE('',#6067,#5995,#6069,.T.);
#6067 = VERTEX_POINT('',#6068);
#6068 = CARTESIAN_POINT('',(-4.949747468306,-18.45,6.649747468306));
#6069 = SURFACE_CURVE('',#6070,(#6075,#6082),.PCURVE_S1.);
#6070 = CIRCLE('',#6071,1.7);
#6071 = AXIS2_PLACEMENT_3D('',#6072,#6073,#6074);
#6072 = CARTESIAN_POINT('',(-4.949747468306,-18.45,4.949747468306));
#6073 = DIRECTION('',(0.,1.,0.));
#6074 = DIRECTION('',(0.,-0.,1.));
#6075 = PCURVE('',#6030,#6076);
#6076 = DEFINITIONAL_REPRESENTATION('',(#6077),#6081);
#6077 = LINE('',#6078,#6079);
#6078 = CARTESIAN_POINT('',(0.,5.6));
#6079 = VECTOR('',#6080,1.);
#6080 = DIRECTION('',(1.,0.));
#6081 = ( GEOMETRIC_REPRESENTATION_CONTEXT(2) 
PARAMETRIC_REPRESENTATION_CONTEXT() REPRESENTATION_CONTEXT('2D SPACE',''
  ) );
#6082 = PCURVE('',#3504,#6083);
#6083 = DEFINITIONAL_REPRESENTATION('',(#6084),#6088);
#6084 = CIRCLE('',#6085,1.7);
#6085 = AXIS2_PLACEMENT_2D('',#6086,#6087);
#6086 = CARTESIAN_POINT('',(15.050252531694,-29.9497474683));
#6087 = DIRECTION('',(0.,-1.));
#6088 = ( GEOMETRIC_REPRESENTATION_CONTEXT(2) 
PARAMETRIC_REPRESENTATION_CONTEXT() REPRESENTATION_CONTEXT('2D SPACE',''
  ) );
#6089 = ORIENTED_EDGE('',*,*,#6090,.F.);
#6090 = EDGE_CURVE('',#6091,#6067,#6093,.T.);
#6091 = VERTEX_POINT('',#6092);
#6092 = CARTESIAN_POINT('',(-4.949747468306,-22.45,6.649747468306));
#6093 = SEAM_CURVE('',#6094,(#6098,#6105),.PCURVE_S1.);
#6094 = LINE('',#6095,#6096);
#6095 = CARTESIAN_POINT('',(-4.949747468306,-24.05,6.649747468306));
#6096 = VECTOR('',#6097,1.);
#6097 = DIRECTION('',(0.,1.,0.));
#6098 = PCURVE('',#6030,#6099);
#6099 = DEFINITIONAL_REPRESENTATION('',(#6100),#6104);
#6100 = LINE('',#6101,#6102);
#6101 = CARTESIAN_POINT('',(6.28318530718,-0.));
#6102 = VECTOR('',#6103,1.);
#6103 = DIRECTION('',(0.,1.));
#6104 = ( GEOMETRIC_REPRESENTATION_CONTEXT(2) 
PARAMETRIC_REPRESENTATION_CONTEXT() REPRESENTATION_CONTEXT('2D SPACE',''
  ) );
#6105 = PCURVE('',#6030,#6106);
#6106 = DEFINITIONAL_REPRESENTATION('',(#6107),#6111);
#6107 = LINE('',#6108,#6109);
#6108 = CARTESIAN_POINT('',(0.,-0.));
#6109 = VECTOR('',#6110,1.);
#6110 = DIRECTION('',(0.,1.));
#6111 = ( GEOMETRIC_REPRESENTATION_CONTEXT(2) 
PARAMETRIC_REPRESENTATION_CONTEXT() REPRESENTATION_CONTEXT('2D SPACE',''
  ) );
#6112 = ORIENTED_EDGE('',*,*,#6113,.T.);
#6113 = EDGE_CURVE('',#6091,#6091,#6114,.T.);
#6114 = SURFACE_CURVE('',#6115,(#6120,#6127),.PCURVE_S1.);
#6115 = CIRCLE('',#6116,1.7);
#6116 = AXIS2_PLACEMENT_3D('',#6117,#6118,#6119);
#6117 = CARTESIAN_POINT('',(-4.949747468306,-22.45,4.949747468306));
#6118 = DIRECTION('',(0.,1.,0.));
#6119 = DIRECTION('',(0.,-0.,1.));
#6120 = PCURVE('',#6030,#6121);
#6121 = DEFINITIONAL_REPRESENTATION('',(#6122),#6126);
#6122 = LINE('',#6123,#6124);
#6123 = CARTESIAN_POINT('',(0.,1.6));
#6124 = VECTOR('',#6125,1.);
#6125 = DIRECTION('',(1.,0.));
#6126 = ( GEOMETRIC_REPRESENTATION_CONTEXT(2) 
PARAMETRIC_REPRESENTATION_CONTEXT() REPRESENTATION_CONTEXT('2D SPACE',''
  ) );
#6127 = PCURVE('',#6128,#6133);
#6128 = PLANE('',#6129);
#6129 = AXIS2_PLACEMENT_3D('',#6130,#6131,#6132);
#6130 = CARTESIAN_POINT('',(-4.949747468306,-22.45,4.949747468306));
#6131 = DIRECTION('',(0.,1.,0.));
#6132 = DIRECTION('',(0.,-0.,1.));
#6133 = DEFINITIONAL_REPRESENTATION('',(#6134),#6138);
#6134 = CIRCLE('',#6135,1.7);
#6135 = AXIS2_PLACEMENT_2D('',#6136,#6137);
#6136 = CARTESIAN_POINT('',(0.,0.));
#6137 = DIRECTION('',(1.,0.));
#6138 = ( GEOMETRIC_REPRESENTATION_CONTEXT(2) 
PARAMETRIC_REPRESENTATION_CONTEXT() REPRESENTATION_CONTEXT('2D SPACE',''
  ) );
#6139 = ORIENTED_EDGE('',*,*,#6090,.T.);
#6140 = ORIENTED_EDGE('',*,*,#6141,.F.);
#6141 = EDGE_CURVE('',#6142,#6067,#6144,.T.);
#6142 = VERTEX_POINT('',#6143);
#6143 = CARTESIAN_POINT('',(-6.045492200729,-18.45,3.65));
#6144 = SURFACE_CURVE('',#6145,(#6150,#6157),.PCURVE_S1.);
#6145 = CIRCLE('',#6146,1.7);
#6146 = AXIS2_PLACEMENT_3D('',#6147,#6148,#6149);
#6147 = CARTESIAN_POINT('',(-4.949747468306,-18.45,4.949747468306));
#6148 = DIRECTION('',(0.,1.,0.));
#6149 = DIRECTION('',(0.,-0.,1.));
#6150 = PCURVE('',#6030,#6151);
#6151 = DEFINITIONAL_REPRESENTATION('',(#6152),#6156);
#6152 = LINE('',#6153,#6154);
#6153 = CARTESIAN_POINT('',(0.,5.6));
#6154 = VECTOR('',#6155,1.);
#6155 = DIRECTION('',(1.,0.));
#6156 = ( GEOMETRIC_REPRESENTATION_CONTEXT(2) 
PARAMETRIC_REPRESENTATION_CONTEXT() REPRESENTATION_CONTEXT('2D SPACE',''
  ) );
#6157 = PCURVE('',#3504,#6158);
#6158 = DEFINITIONAL_REPRESENTATION('',(#6159),#6163);
#6159 = CIRCLE('',#6160,1.7);
#6160 = AXIS2_PLACEMENT_2D('',#6161,#6162);
#6161 = CARTESIAN_POINT('',(15.050252531694,-29.9497474683));
#6162 = DIRECTION('',(0.,-1.));
#6163 = ( GEOMETRIC_REPRESENTATION_CONTEXT(2) 
PARAMETRIC_REPRESENTATION_CONTEXT() REPRESENTATION_CONTEXT('2D SPACE',''
  ) );
#6164 = ORIENTED_EDGE('',*,*,#6165,.F.);
#6165 = EDGE_CURVE('',#6166,#6142,#6168,.T.);
#6166 = VERTEX_POINT('',#6167);
#6167 = CARTESIAN_POINT('',(-6.045492200729,-19.45,3.65));
#6168 = SURFACE_CURVE('',#6169,(#6173,#6179),.PCURVE_S1.);
#6169 = LINE('',#6170,#6171);
#6170 = CARTESIAN_POINT('',(-6.045492200729,-24.05,3.65));
#6171 = VECTOR('',#6172,1.);
#6172 = DIRECTION('',(0.,1.,0.));
#6173 = PCURVE('',#6030,#6174);
#6174 = DEFINITIONAL_REPRESENTATION('',(#6175),#6178);
#6175 = B_SPLINE_CURVE_WITH_KNOTS('',1,(#6176,#6177),.UNSPECIFIED.,.F.,
  .F.,(2,2),(4.499,5.711),.PIECEWISE_BEZIER_KNOTS.);
#6176 = CARTESIAN_POINT('',(3.842034706443,4.499));
#6177 = CARTESIAN_POINT('',(3.842034706443,5.711));
#6178 = ( GEOMETRIC_REPRESENTATION_CONTEXT(2) 
PARAMETRIC_REPRESENTATION_CONTEXT() REPRESENTATION_CONTEXT('2D SPACE',''
  ) );
#6179 = PCURVE('',#6180,#6185);
#6180 = PLANE('',#6181);
#6181 = AXIS2_PLACEMENT_3D('',#6182,#6183,#6184);
#6182 = CARTESIAN_POINT('',(-18.,-19.45,3.65));
#6183 = DIRECTION('',(0.,0.,1.));
#6184 = DIRECTION('',(1.,0.,0.));
#6185 = DEFINITIONAL_REPRESENTATION('',(#6186),#6189);
#6186 = B_SPLINE_CURVE_WITH_KNOTS('',1,(#6187,#6188),.UNSPECIFIED.,.F.,
  .F.,(2,2),(4.499,5.711),.PIECEWISE_BEZIER_KNOTS.);
#6187 = CARTESIAN_POINT('',(11.954507799271,-0.101));
#6188 = CARTESIAN_POINT('',(11.954507799271,1.111));
#6189 = ( GEOMETRIC_REPRESENTATION_CONTEXT(2) 
PARAMETRIC_REPRESENTATION_CONTEXT() REPRESENTATION_CONTEXT('2D SPACE',''
  ) );
#6190 = ORIENTED_EDGE('',*,*,#6191,.F.);
#6191 = EDGE_CURVE('',#6016,#6166,#6192,.T.);
#6192 = SURFACE_CURVE('',#6193,(#6198,#6205),.PCURVE_S1.);
#6193 = CIRCLE('',#6194,1.7);
#6194 = AXIS2_PLACEMENT_3D('',#6195,#6196,#6197);
#6195 = CARTESIAN_POINT('',(-4.949747468306,-19.45,4.949747468306));
#6196 = DIRECTION('',(0.,1.,0.));
#6197 = DIRECTION('',(0.,-0.,1.));
#6198 = PCURVE('',#6030,#6199);
#6199 = DEFINITIONAL_REPRESENTATION('',(#6200),#6204);
#6200 = LINE('',#6201,#6202);
#6201 = CARTESIAN_POINT('',(0.,4.6));
#6202 = VECTOR('',#6203,1.);
#6203 = DIRECTION('',(1.,0.));
#6204 = ( GEOMETRIC_REPRESENTATION_CONTEXT(2) 
PARAMETRIC_REPRESENTATION_CONTEXT() REPRESENTATION_CONTEXT('2D SPACE',''
  ) );
#6205 = PCURVE('',#5953,#6206);
#6206 = DEFINITIONAL_REPRESENTATION('',(#6207),#6211);
#6207 = CIRCLE('',#6208,1.7);
#6208 = AXIS2_PLACEMENT_2D('',#6209,#6210);
#6209 = CARTESIAN_POINT('',(8.599747468306,13.050252531694));
#6210 = DIRECTION('',(1.,0.));
#6211 = ( GEOMETRIC_REPRESENTATION_CONTEXT(2) 
PARAMETRIC_REPRESENTATION_CONTEXT() REPRESENTATION_CONTEXT('2D SPACE',''
  ) );
#6212 = ORIENTED_EDGE('',*,*,#6015,.T.);
#6213 = ADVANCED_FACE('',(#6214,#6264),#6128,.F.);
#6214 = FACE_BOUND('',#6215,.F.);
#6215 = EDGE_LOOP('',(#6216,#6242));
#6216 = ORIENTED_EDGE('',*,*,#6217,.T.);
#6217 = EDGE_CURVE('',#6218,#6220,#6222,.T.);
#6218 = VERTEX_POINT('',#6219);
#6219 = CARTESIAN_POINT('',(-6.408707029243,-22.45,7.741509814844));
#6220 = VERTEX_POINT('',#6221);
#6221 = CARTESIAN_POINT('',(-7.741509814844,-22.45,6.408707029243));
#6222 = SURFACE_CURVE('',#6223,(#6228,#6235),.PCURVE_S1.);
#6223 = CIRCLE('',#6224,3.15);
#6224 = AXIS2_PLACEMENT_3D('',#6225,#6226,#6227);
#6225 = CARTESIAN_POINT('',(-4.949747468306,-22.45,4.949747468306));
#6226 = DIRECTION('',(0.,1.,0.));
#6227 = DIRECTION('',(-0.463161765377,0.,0.886273760806));
#6228 = PCURVE('',#6128,#6229);
#6229 = DEFINITIONAL_REPRESENTATION('',(#6230),#6234);
#6230 = CIRCLE('',#6231,3.15);
#6231 = AXIS2_PLACEMENT_2D('',#6232,#6233);
#6232 = CARTESIAN_POINT('',(0.,0.));
#6233 = DIRECTION('',(0.886273760806,-0.463161765377));
#6234 = ( GEOMETRIC_REPRESENTATION_CONTEXT(2) 
PARAMETRIC_REPRESENTATION_CONTEXT() REPRESENTATION_CONTEXT('2D SPACE',''
  ) );
#6235 = PCURVE('',#5553,#6236);
#6236 = DEFINITIONAL_REPRESENTATION('',(#6237),#6241);
#6237 = LINE('',#6238,#6239);
#6238 = CARTESIAN_POINT('',(5.801625938802,1.6));
#6239 = VECTOR('',#6240,1.);
#6240 = DIRECTION('',(1.,0.));
#6241 = ( GEOMETRIC_REPRESENTATION_CONTEXT(2) 
PARAMETRIC_REPRESENTATION_CONTEXT() REPRESENTATION_CONTEXT('2D SPACE',''
  ) );
#6242 = ORIENTED_EDGE('',*,*,#6243,.T.);
#6243 = EDGE_CURVE('',#6220,#6218,#6244,.T.);
#6244 = SURFACE_CURVE('',#6245,(#6250,#6257),.PCURVE_S1.);
#6245 = CIRCLE('',#6246,10.05);
#6246 = AXIS2_PLACEMENT_3D('',#6247,#6248,#6249);
#6247 = CARTESIAN_POINT('',(-5.834698879568E-16,-22.45,
    7.641611109426E-16));
#6248 = DIRECTION('',(-2.157543153397E-33,1.,-1.110223024625E-16));
#6249 = DIRECTION('',(0.904784101404,-4.728112959711E-17,-0.42587055527)
  );
#6250 = PCURVE('',#6128,#6251);
#6251 = DEFINITIONAL_REPRESENTATION('',(#6252),#6256);
#6252 = CIRCLE('',#6253,10.05);
#6253 = AXIS2_PLACEMENT_2D('',#6254,#6255);
#6254 = CARTESIAN_POINT('',(-4.949747468306,4.949747468306));
#6255 = DIRECTION('',(-0.42587055527,0.904784101404));
#6256 = ( GEOMETRIC_REPRESENTATION_CONTEXT(2) 
PARAMETRIC_REPRESENTATION_CONTEXT() REPRESENTATION_CONTEXT('2D SPACE',''
  ) );
#6257 = PCURVE('',#3477,#6258);
#6258 = DEFINITIONAL_REPRESENTATION('',(#6259),#6263);
#6259 = LINE('',#6260,#6261);
#6260 = CARTESIAN_POINT('',(1.943342108335E-17,-6.4));
#6261 = VECTOR('',#6262,1.);
#6262 = DIRECTION('',(1.,0.));
#6263 = ( GEOMETRIC_REPRESENTATION_CONTEXT(2) 
PARAMETRIC_REPRESENTATION_CONTEXT() REPRESENTATION_CONTEXT('2D SPACE',''
  ) );
#6264 = FACE_BOUND('',#6265,.F.);
#6265 = EDGE_LOOP('',(#6266));
#6266 = ORIENTED_EDGE('',*,*,#6113,.F.);
#6267 = ADVANCED_FACE('',(#6268),#6180,.F.);
#6268 = FACE_BOUND('',#6269,.F.);
#6269 = EDGE_LOOP('',(#6270,#6291,#6312,#6333));
#6270 = ORIENTED_EDGE('',*,*,#6271,.F.);
#6271 = EDGE_CURVE('',#6272,#6142,#6274,.T.);
#6272 = VERTEX_POINT('',#6273);
#6273 = CARTESIAN_POINT('',(-9.363759928576,-18.45,3.65));
#6274 = SURFACE_CURVE('',#6275,(#6279,#6285),.PCURVE_S1.);
#6275 = LINE('',#6276,#6277);
#6276 = CARTESIAN_POINT('',(-19.,-18.45,3.65));
#6277 = VECTOR('',#6278,1.);
#6278 = DIRECTION('',(1.,0.,0.));
#6279 = PCURVE('',#6180,#6280);
#6280 = DEFINITIONAL_REPRESENTATION('',(#6281),#6284);
#6281 = B_SPLINE_CURVE_WITH_KNOTS('',1,(#6282,#6283),.UNSPECIFIED.,.F.,
  .F.,(2,2),(4.5,19.),.PIECEWISE_BEZIER_KNOTS.);
#6282 = CARTESIAN_POINT('',(3.5,1.));
#6283 = CARTESIAN_POINT('',(18.,1.));
#6284 = ( GEOMETRIC_REPRESENTATION_CONTEXT(2) 
PARAMETRIC_REPRESENTATION_CONTEXT() REPRESENTATION_CONTEXT('2D SPACE',''
  ) );
#6285 = PCURVE('',#3504,#6286);
#6286 = DEFINITIONAL_REPRESENTATION('',(#6287),#6290);
#6287 = B_SPLINE_CURVE_WITH_KNOTS('',1,(#6288,#6289),.UNSPECIFIED.,.F.,
  .F.,(2,2),(4.5,19.),.PIECEWISE_BEZIER_KNOTS.);
#6288 = CARTESIAN_POINT('',(5.5,-28.65));
#6289 = CARTESIAN_POINT('',(20.,-28.65));
#6290 = ( GEOMETRIC_REPRESENTATION_CONTEXT(2) 
PARAMETRIC_REPRESENTATION_CONTEXT() REPRESENTATION_CONTEXT('2D SPACE',''
  ) );
#6291 = ORIENTED_EDGE('',*,*,#6292,.F.);
#6292 = EDGE_CURVE('',#6293,#6272,#6295,.T.);
#6293 = VERTEX_POINT('',#6294);
#6294 = CARTESIAN_POINT('',(-9.363759928576,-19.45,3.65));
#6295 = SURFACE_CURVE('',#6296,(#6300,#6306),.PCURVE_S1.);
#6296 = LINE('',#6297,#6298);
#6297 = CARTESIAN_POINT('',(-9.363759928576,-16.05,3.65));
#6298 = VECTOR('',#6299,1.);
#6299 = DIRECTION('',(0.,1.,-1.110223024625E-16));
#6300 = PCURVE('',#6180,#6301);
#6301 = DEFINITIONAL_REPRESENTATION('',(#6302),#6305);
#6302 = B_SPLINE_CURVE_WITH_KNOTS('',1,(#6303,#6304),.UNSPECIFIED.,.F.,
  .F.,(2,2),(-3.5,-2.3),.PIECEWISE_BEZIER_KNOTS.);
#6303 = CARTESIAN_POINT('',(8.636240071424,-0.1));
#6304 = CARTESIAN_POINT('',(8.636240071424,1.1));
#6305 = ( GEOMETRIC_REPRESENTATION_CONTEXT(2) 
PARAMETRIC_REPRESENTATION_CONTEXT() REPRESENTATION_CONTEXT('2D SPACE',''
  ) );
#6306 = PCURVE('',#3477,#6307);
#6307 = DEFINITIONAL_REPRESENTATION('',(#6308),#6311);
#6308 = B_SPLINE_CURVE_WITH_KNOTS('',1,(#6309,#6310),.UNSPECIFIED.,.F.,
  .F.,(2,2),(-3.5,-2.3),.PIECEWISE_BEZIER_KNOTS.);
#6309 = CARTESIAN_POINT('',(3.073351874063,-3.5));
#6310 = CARTESIAN_POINT('',(3.073351874063,-2.3));
#6311 = ( GEOMETRIC_REPRESENTATION_CONTEXT(2) 
PARAMETRIC_REPRESENTATION_CONTEXT() REPRESENTATION_CONTEXT('2D SPACE',''
  ) );
#6312 = ORIENTED_EDGE('',*,*,#6313,.T.);
#6313 = EDGE_CURVE('',#6293,#6166,#6314,.T.);
#6314 = SURFACE_CURVE('',#6315,(#6319,#6326),.PCURVE_S1.);
#6315 = LINE('',#6316,#6317);
#6316 = CARTESIAN_POINT('',(-18.,-19.45,3.65));
#6317 = VECTOR('',#6318,1.);
#6318 = DIRECTION('',(1.,0.,0.));
#6319 = PCURVE('',#6180,#6320);
#6320 = DEFINITIONAL_REPRESENTATION('',(#6321),#6325);
#6321 = LINE('',#6322,#6323);
#6322 = CARTESIAN_POINT('',(0.,0.));
#6323 = VECTOR('',#6324,1.);
#6324 = DIRECTION('',(1.,0.));
#6325 = ( GEOMETRIC_REPRESENTATION_CONTEXT(2) 
PARAMETRIC_REPRESENTATION_CONTEXT() REPRESENTATION_CONTEXT('2D SPACE',''
  ) );
#6326 = PCURVE('',#5953,#6327);
#6327 = DEFINITIONAL_REPRESENTATION('',(#6328),#6332);
#6328 = LINE('',#6329,#6330);
#6329 = CARTESIAN_POINT('',(7.3,0.));
#6330 = VECTOR('',#6331,1.);
#6331 = DIRECTION('',(0.,1.));
#6332 = ( GEOMETRIC_REPRESENTATION_CONTEXT(2) 
PARAMETRIC_REPRESENTATION_CONTEXT() REPRESENTATION_CONTEXT('2D SPACE',''
  ) );
#6333 = ORIENTED_EDGE('',*,*,#6165,.T.);
#6334 = ADVANCED_FACE('',(#6335),#5953,.T.);
#6335 = FACE_BOUND('',#6336,.T.);
#6336 = EDGE_LOOP('',(#6337,#6367,#6389,#6390,#6391,#6392,#6393,#6416,
    #6445));
#6337 = ORIENTED_EDGE('',*,*,#6338,.F.);
#6338 = EDGE_CURVE('',#6339,#6341,#6343,.T.);
#6339 = VERTEX_POINT('',#6340);
#6340 = CARTESIAN_POINT('',(-9.363759928576,-19.45,-3.65));
#6341 = VERTEX_POINT('',#6342);
#6342 = CARTESIAN_POINT('',(-6.045492200729,-19.45,-3.65));
#6343 = SURFACE_CURVE('',#6344,(#6348,#6355),.PCURVE_S1.);
#6344 = LINE('',#6345,#6346);
#6345 = CARTESIAN_POINT('',(-18.,-19.45,-3.65));
#6346 = VECTOR('',#6347,1.);
#6347 = DIRECTION('',(1.,0.,0.));
#6348 = PCURVE('',#5953,#6349);
#6349 = DEFINITIONAL_REPRESENTATION('',(#6350),#6354);
#6350 = LINE('',#6351,#6352);
#6351 = CARTESIAN_POINT('',(0.,0.));
#6352 = VECTOR('',#6353,1.);
#6353 = DIRECTION('',(0.,1.));
#6354 = ( GEOMETRIC_REPRESENTATION_CONTEXT(2) 
PARAMETRIC_REPRESENTATION_CONTEXT() REPRESENTATION_CONTEXT('2D SPACE',''
  ) );
#6355 = PCURVE('',#6356,#6361);
#6356 = PLANE('',#6357);
#6357 = AXIS2_PLACEMENT_3D('',#6358,#6359,#6360);
#6358 = CARTESIAN_POINT('',(-18.,-19.45,-3.65));
#6359 = DIRECTION('',(0.,0.,1.));
#6360 = DIRECTION('',(1.,0.,0.));
#6361 = DEFINITIONAL_REPRESENTATION('',(#6362),#6366);
#6362 = LINE('',#6363,#6364);
#6363 = CARTESIAN_POINT('',(0.,0.));
#6364 = VECTOR('',#6365,1.);
#6365 = DIRECTION('',(1.,0.));
#6366 = ( GEOMETRIC_REPRESENTATION_CONTEXT(2) 
PARAMETRIC_REPRESENTATION_CONTEXT() REPRESENTATION_CONTEXT('2D SPACE',''
  ) );
#6367 = ORIENTED_EDGE('',*,*,#6368,.T.);
#6368 = EDGE_CURVE('',#6339,#6293,#6369,.T.);
#6369 = SURFACE_CURVE('',#6370,(#6375,#6382),.PCURVE_S1.);
#6370 = CIRCLE('',#6371,10.05);
#6371 = AXIS2_PLACEMENT_3D('',#6372,#6373,#6374);
#6372 = CARTESIAN_POINT('',(-5.834698879568E-16,-19.45,4.31094203555E-16
    ));
#6373 = DIRECTION('',(-2.157543153397E-33,1.,-1.110223024625E-16));
#6374 = DIRECTION('',(0.904784101404,-4.728112959711E-17,-0.42587055527)
  );
#6375 = PCURVE('',#5953,#6376);
#6376 = DEFINITIONAL_REPRESENTATION('',(#6377),#6381);
#6377 = CIRCLE('',#6378,10.05);
#6378 = AXIS2_PLACEMENT_2D('',#6379,#6380);
#6379 = CARTESIAN_POINT('',(3.65,18.));
#6380 = DIRECTION('',(-0.42587055527,0.904784101404));
#6381 = ( GEOMETRIC_REPRESENTATION_CONTEXT(2) 
PARAMETRIC_REPRESENTATION_CONTEXT() REPRESENTATION_CONTEXT('2D SPACE',''
  ) );
#6382 = PCURVE('',#3477,#6383);
#6383 = DEFINITIONAL_REPRESENTATION('',(#6384),#6388);
#6384 = LINE('',#6385,#6386);
#6385 = CARTESIAN_POINT('',(1.943342108335E-17,-3.4));
#6386 = VECTOR('',#6387,1.);
#6387 = DIRECTION('',(1.,0.));
#6388 = ( GEOMETRIC_REPRESENTATION_CONTEXT(2) 
PARAMETRIC_REPRESENTATION_CONTEXT() REPRESENTATION_CONTEXT('2D SPACE',''
  ) );
#6389 = ORIENTED_EDGE('',*,*,#6313,.T.);
#6390 = ORIENTED_EDGE('',*,*,#6191,.F.);
#6391 = ORIENTED_EDGE('',*,*,#6041,.T.);
#6392 = ORIENTED_EDGE('',*,*,#5936,.F.);
#6393 = ORIENTED_EDGE('',*,*,#6394,.F.);
#6394 = EDGE_CURVE('',#6395,#5937,#6397,.T.);
#6395 = VERTEX_POINT('',#6396);
#6396 = CARTESIAN_POINT('',(-3.854002735883,-19.45,-3.65));
#6397 = SURFACE_CURVE('',#6398,(#6402,#6409),.PCURVE_S1.);
#6398 = LINE('',#6399,#6400);
#6399 = CARTESIAN_POINT('',(-18.,-19.45,-3.65));
#6400 = VECTOR('',#6401,1.);
#6401 = DIRECTION('',(1.,0.,0.));
#6402 = PCURVE('',#5953,#6403);
#6403 = DEFINITIONAL_REPRESENTATION('',(#6404),#6408);
#6404 = LINE('',#6405,#6406);
#6405 = CARTESIAN_POINT('',(0.,0.));
#6406 = VECTOR('',#6407,1.);
#6407 = DIRECTION('',(0.,1.));
#6408 = ( GEOMETRIC_REPRESENTATION_CONTEXT(2) 
PARAMETRIC_REPRESENTATION_CONTEXT() REPRESENTATION_CONTEXT('2D SPACE',''
  ) );
#6409 = PCURVE('',#5979,#6410);
#6410 = DEFINITIONAL_REPRESENTATION('',(#6411),#6415);
#6411 = LINE('',#6412,#6413);
#6412 = CARTESIAN_POINT('',(0.,0.));
#6413 = VECTOR('',#6414,1.);
#6414 = DIRECTION('',(1.,0.));
#6415 = ( GEOMETRIC_REPRESENTATION_CONTEXT(2) 
PARAMETRIC_REPRESENTATION_CONTEXT() REPRESENTATION_CONTEXT('2D SPACE',''
  ) );
#6416 = ORIENTED_EDGE('',*,*,#6417,.F.);
#6417 = EDGE_CURVE('',#6418,#6395,#6420,.T.);
#6418 = VERTEX_POINT('',#6419);
#6419 = CARTESIAN_POINT('',(-4.949747468306,-19.45,-3.249747468306));
#6420 = SURFACE_CURVE('',#6421,(#6426,#6433),.PCURVE_S1.);
#6421 = CIRCLE('',#6422,1.7);
#6422 = AXIS2_PLACEMENT_3D('',#6423,#6424,#6425);
#6423 = CARTESIAN_POINT('',(-4.949747468306,-19.45,-4.949747468306));
#6424 = DIRECTION('',(0.,1.,0.));
#6425 = DIRECTION('',(0.,-0.,1.));
#6426 = PCURVE('',#5953,#6427);
#6427 = DEFINITIONAL_REPRESENTATION('',(#6428),#6432);
#6428 = CIRCLE('',#6429,1.7);
#6429 = AXIS2_PLACEMENT_2D('',#6430,#6431);
#6430 = CARTESIAN_POINT('',(-1.299747468306,13.050252531694));
#6431 = DIRECTION('',(1.,0.));
#6432 = ( GEOMETRIC_REPRESENTATION_CONTEXT(2) 
PARAMETRIC_REPRESENTATION_CONTEXT() REPRESENTATION_CONTEXT('2D SPACE',''
  ) );
#6433 = PCURVE('',#6434,#6439);
#6434 = CYLINDRICAL_SURFACE('',#6435,1.7);
#6435 = AXIS2_PLACEMENT_3D('',#6436,#6437,#6438);
#6436 = CARTESIAN_POINT('',(-4.949747468306,-24.05,-4.949747468306));
#6437 = DIRECTION('',(0.,1.,0.));
#6438 = DIRECTION('',(0.,-0.,1.));
#6439 = DEFINITIONAL_REPRESENTATION('',(#6440),#6444);
#6440 = LINE('',#6441,#6442);
#6441 = CARTESIAN_POINT('',(0.,4.6));
#6442 = VECTOR('',#6443,1.);
#6443 = DIRECTION('',(1.,0.));
#6444 = ( GEOMETRIC_REPRESENTATION_CONTEXT(2) 
PARAMETRIC_REPRESENTATION_CONTEXT() REPRESENTATION_CONTEXT('2D SPACE',''
  ) );
#6445 = ORIENTED_EDGE('',*,*,#6446,.F.);
#6446 = EDGE_CURVE('',#6341,#6418,#6447,.T.);
#6447 = SURFACE_CURVE('',#6448,(#6453,#6460),.PCURVE_S1.);
#6448 = CIRCLE('',#6449,1.7);
#6449 = AXIS2_PLACEMENT_3D('',#6450,#6451,#6452);
#6450 = CARTESIAN_POINT('',(-4.949747468306,-19.45,-4.949747468306));
#6451 = DIRECTION('',(0.,1.,0.));
#6452 = DIRECTION('',(0.,-0.,1.));
#6453 = PCURVE('',#5953,#6454);
#6454 = DEFINITIONAL_REPRESENTATION('',(#6455),#6459);
#6455 = CIRCLE('',#6456,1.7);
#6456 = AXIS2_PLACEMENT_2D('',#6457,#6458);
#6457 = CARTESIAN_POINT('',(-1.299747468306,13.050252531694));
#6458 = DIRECTION('',(1.,0.));
#6459 = ( GEOMETRIC_REPRESENTATION_CONTEXT(2) 
PARAMETRIC_REPRESENTATION_CONTEXT() REPRESENTATION_CONTEXT('2D SPACE',''
  ) );
#6460 = PCURVE('',#6434,#6461);
#6461 = DEFINITIONAL_REPRESENTATION('',(#6462),#6466);
#6462 = LINE('',#6463,#6464);
#6463 = CARTESIAN_POINT('',(0.,4.6));
#6464 = VECTOR('',#6465,1.);
#6465 = DIRECTION('',(1.,0.));
#6466 = ( GEOMETRIC_REPRESENTATION_CONTEXT(2) 
PARAMETRIC_REPRESENTATION_CONTEXT() REPRESENTATION_CONTEXT('2D SPACE',''
  ) );
#6467 = ADVANCED_FACE('',(#6468),#6434,.F.);
#6468 = FACE_BOUND('',#6469,.F.);
#6469 = EDGE_LOOP('',(#6470,#6471,#6494,#6521,#6522,#6523,#6544,#6568));
#6470 = ORIENTED_EDGE('',*,*,#6417,.F.);
#6471 = ORIENTED_EDGE('',*,*,#6472,.F.);
#6472 = EDGE_CURVE('',#6473,#6418,#6475,.T.);
#6473 = VERTEX_POINT('',#6474);
#6474 = CARTESIAN_POINT('',(-4.949747468306,-22.45,-3.249747468306));
#6475 = SEAM_CURVE('',#6476,(#6480,#6487),.PCURVE_S1.);
#6476 = LINE('',#6477,#6478);
#6477 = CARTESIAN_POINT('',(-4.949747468306,-24.05,-3.249747468306));
#6478 = VECTOR('',#6479,1.);
#6479 = DIRECTION('',(0.,1.,0.));
#6480 = PCURVE('',#6434,#6481);
#6481 = DEFINITIONAL_REPRESENTATION('',(#6482),#6486);
#6482 = LINE('',#6483,#6484);
#6483 = CARTESIAN_POINT('',(6.28318530718,-0.));
#6484 = VECTOR('',#6485,1.);
#6485 = DIRECTION('',(0.,1.));
#6486 = ( GEOMETRIC_REPRESENTATION_CONTEXT(2) 
PARAMETRIC_REPRESENTATION_CONTEXT() REPRESENTATION_CONTEXT('2D SPACE',''
  ) );
#6487 = PCURVE('',#6434,#6488);
#6488 = DEFINITIONAL_REPRESENTATION('',(#6489),#6493);
#6489 = LINE('',#6490,#6491);
#6490 = CARTESIAN_POINT('',(0.,-0.));
#6491 = VECTOR('',#6492,1.);
#6492 = DIRECTION('',(0.,1.));
#6493 = ( GEOMETRIC_REPRESENTATION_CONTEXT(2) 
PARAMETRIC_REPRESENTATION_CONTEXT() REPRESENTATION_CONTEXT('2D SPACE',''
  ) );
#6494 = ORIENTED_EDGE('',*,*,#6495,.T.);
#6495 = EDGE_CURVE('',#6473,#6473,#6496,.T.);
#6496 = SURFACE_CURVE('',#6497,(#6502,#6509),.PCURVE_S1.);
#6497 = CIRCLE('',#6498,1.7);
#6498 = AXIS2_PLACEMENT_3D('',#6499,#6500,#6501);
#6499 = CARTESIAN_POINT('',(-4.949747468306,-22.45,-4.949747468306));
#6500 = DIRECTION('',(0.,1.,0.));
#6501 = DIRECTION('',(0.,-0.,1.));
#6502 = PCURVE('',#6434,#6503);
#6503 = DEFINITIONAL_REPRESENTATION('',(#6504),#6508);
#6504 = LINE('',#6505,#6506);
#6505 = CARTESIAN_POINT('',(0.,1.6));
#6506 = VECTOR('',#6507,1.);
#6507 = DIRECTION('',(1.,0.));
#6508 = ( GEOMETRIC_REPRESENTATION_CONTEXT(2) 
PARAMETRIC_REPRESENTATION_CONTEXT() REPRESENTATION_CONTEXT('2D SPACE',''
  ) );
#6509 = PCURVE('',#6510,#6515);
#6510 = PLANE('',#6511);
#6511 = AXIS2_PLACEMENT_3D('',#6512,#6513,#6514);
#6512 = CARTESIAN_POINT('',(-4.949747468306,-22.45,-4.949747468306));
#6513 = DIRECTION('',(0.,1.,0.));
#6514 = DIRECTION('',(0.,-0.,1.));
#6515 = DEFINITIONAL_REPRESENTATION('',(#6516),#6520);
#6516 = CIRCLE('',#6517,1.7);
#6517 = AXIS2_PLACEMENT_2D('',#6518,#6519);
#6518 = CARTESIAN_POINT('',(0.,0.));
#6519 = DIRECTION('',(1.,0.));
#6520 = ( GEOMETRIC_REPRESENTATION_CONTEXT(2) 
PARAMETRIC_REPRESENTATION_CONTEXT() REPRESENTATION_CONTEXT('2D SPACE',''
  ) );
#6521 = ORIENTED_EDGE('',*,*,#6472,.T.);
#6522 = ORIENTED_EDGE('',*,*,#6446,.F.);
#6523 = ORIENTED_EDGE('',*,*,#6524,.T.);
#6524 = EDGE_CURVE('',#6341,#6525,#6527,.T.);
#6525 = VERTEX_POINT('',#6526);
#6526 = CARTESIAN_POINT('',(-6.045492200729,-18.45,-3.65));
#6527 = SURFACE_CURVE('',#6528,(#6532,#6538),.PCURVE_S1.);
#6528 = LINE('',#6529,#6530);
#6529 = CARTESIAN_POINT('',(-6.045492200729,-24.05,-3.65));
#6530 = VECTOR('',#6531,1.);
#6531 = DIRECTION('',(0.,1.,0.));
#6532 = PCURVE('',#6434,#6533);
#6533 = DEFINITIONAL_REPRESENTATION('',(#6534),#6537);
#6534 = B_SPLINE_CURVE_WITH_KNOTS('',1,(#6535,#6536),.UNSPECIFIED.,.F.,
  .F.,(2,2),(4.499,5.711),.PIECEWISE_BEZIER_KNOTS.);
#6535 = CARTESIAN_POINT('',(5.582743254326,4.499));
#6536 = CARTESIAN_POINT('',(5.582743254326,5.711));
#6537 = ( GEOMETRIC_REPRESENTATION_CONTEXT(2) 
PARAMETRIC_REPRESENTATION_CONTEXT() REPRESENTATION_CONTEXT('2D SPACE',''
  ) );
#6538 = PCURVE('',#6356,#6539);
#6539 = DEFINITIONAL_REPRESENTATION('',(#6540),#6543);
#6540 = B_SPLINE_CURVE_WITH_KNOTS('',1,(#6541,#6542),.UNSPECIFIED.,.F.,
  .F.,(2,2),(4.499,5.711),.PIECEWISE_BEZIER_KNOTS.);
#6541 = CARTESIAN_POINT('',(11.954507799271,-0.101));
#6542 = CARTESIAN_POINT('',(11.954507799271,1.111));
#6543 = ( GEOMETRIC_REPRESENTATION_CONTEXT(2) 
PARAMETRIC_REPRESENTATION_CONTEXT() REPRESENTATION_CONTEXT('2D SPACE',''
  ) );
#6544 = ORIENTED_EDGE('',*,*,#6545,.F.);
#6545 = EDGE_CURVE('',#6546,#6525,#6548,.T.);
#6546 = VERTEX_POINT('',#6547);
#6547 = CARTESIAN_POINT('',(-3.854002735883,-18.45,-3.65));
#6548 = SURFACE_CURVE('',#6549,(#6554,#6561),.PCURVE_S1.);
#6549 = CIRCLE('',#6550,1.7);
#6550 = AXIS2_PLACEMENT_3D('',#6551,#6552,#6553);
#6551 = CARTESIAN_POINT('',(-4.949747468306,-18.45,-4.949747468306));
#6552 = DIRECTION('',(0.,1.,0.));
#6553 = DIRECTION('',(0.,-0.,1.));
#6554 = PCURVE('',#6434,#6555);
#6555 = DEFINITIONAL_REPRESENTATION('',(#6556),#6560);
#6556 = LINE('',#6557,#6558);
#6557 = CARTESIAN_POINT('',(0.,5.6));
#6558 = VECTOR('',#6559,1.);
#6559 = DIRECTION('',(1.,0.));
#6560 = ( GEOMETRIC_REPRESENTATION_CONTEXT(2) 
PARAMETRIC_REPRESENTATION_CONTEXT() REPRESENTATION_CONTEXT('2D SPACE',''
  ) );
#6561 = PCURVE('',#3504,#6562);
#6562 = DEFINITIONAL_REPRESENTATION('',(#6563),#6567);
#6563 = CIRCLE('',#6564,1.7);
#6564 = AXIS2_PLACEMENT_2D('',#6565,#6566);
#6565 = CARTESIAN_POINT('',(15.050252531694,-20.05025253169));
#6566 = DIRECTION('',(0.,-1.));
#6567 = ( GEOMETRIC_REPRESENTATION_CONTEXT(2) 
PARAMETRIC_REPRESENTATION_CONTEXT() REPRESENTATION_CONTEXT('2D SPACE',''
  ) );
#6568 = ORIENTED_EDGE('',*,*,#6569,.F.);
#6569 = EDGE_CURVE('',#6395,#6546,#6570,.T.);
#6570 = SURFACE_CURVE('',#6571,(#6575,#6581),.PCURVE_S1.);
#6571 = LINE('',#6572,#6573);
#6572 = CARTESIAN_POINT('',(-3.854002735883,-24.05,-3.65));
#6573 = VECTOR('',#6574,1.);
#6574 = DIRECTION('',(0.,1.,0.));
#6575 = PCURVE('',#6434,#6576);
#6576 = DEFINITIONAL_REPRESENTATION('',(#6577),#6580);
#6577 = B_SPLINE_CURVE_WITH_KNOTS('',1,(#6578,#6579),.UNSPECIFIED.,.F.,
  .F.,(2,2),(4.499,5.711),.PIECEWISE_BEZIER_KNOTS.);
#6578 = CARTESIAN_POINT('',(0.700442052854,4.499));
#6579 = CARTESIAN_POINT('',(0.700442052854,5.711));
#6580 = ( GEOMETRIC_REPRESENTATION_CONTEXT(2) 
PARAMETRIC_REPRESENTATION_CONTEXT() REPRESENTATION_CONTEXT('2D SPACE',''
  ) );
#6581 = PCURVE('',#5979,#6582);
#6582 = DEFINITIONAL_REPRESENTATION('',(#6583),#6586);
#6583 = B_SPLINE_CURVE_WITH_KNOTS('',1,(#6584,#6585),.UNSPECIFIED.,.F.,
  .F.,(2,2),(4.499,5.711),.PIECEWISE_BEZIER_KNOTS.);
#6584 = CARTESIAN_POINT('',(14.145997264117,-0.101));
#6585 = CARTESIAN_POINT('',(14.145997264117,1.111));
#6586 = ( GEOMETRIC_REPRESENTATION_CONTEXT(2) 
PARAMETRIC_REPRESENTATION_CONTEXT() REPRESENTATION_CONTEXT('2D SPACE',''
  ) );
#6587 = ADVANCED_FACE('',(#6588,#6638),#6510,.F.);
#6588 = FACE_BOUND('',#6589,.F.);
#6589 = EDGE_LOOP('',(#6590,#6616));
#6590 = ORIENTED_EDGE('',*,*,#6591,.T.);
#6591 = EDGE_CURVE('',#6592,#6594,#6596,.T.);
#6592 = VERTEX_POINT('',#6593);
#6593 = CARTESIAN_POINT('',(-7.741509814844,-22.45,-6.408707029243));
#6594 = VERTEX_POINT('',#6595);
#6595 = CARTESIAN_POINT('',(-6.408707029243,-22.45,-7.741509814844));
#6596 = SURFACE_CURVE('',#6597,(#6602,#6609),.PCURVE_S1.);
#6597 = CIRCLE('',#6598,3.15);
#6598 = AXIS2_PLACEMENT_3D('',#6599,#6600,#6601);
#6599 = CARTESIAN_POINT('',(-4.949747468306,-22.45,-4.949747468306));
#6600 = DIRECTION('',(0.,1.,0.));
#6601 = DIRECTION('',(-0.886273760806,0.,-0.463161765377));
#6602 = PCURVE('',#6510,#6603);
#6603 = DEFINITIONAL_REPRESENTATION('',(#6604),#6608);
#6604 = CIRCLE('',#6605,3.15);
#6605 = AXIS2_PLACEMENT_2D('',#6606,#6607);
#6606 = CARTESIAN_POINT('',(0.,0.));
#6607 = DIRECTION('',(-0.463161765377,-0.886273760806));
#6608 = ( GEOMETRIC_REPRESENTATION_CONTEXT(2) 
PARAMETRIC_REPRESENTATION_CONTEXT() REPRESENTATION_CONTEXT('2D SPACE',''
  ) );
#6609 = PCURVE('',#5500,#6610);
#6610 = DEFINITIONAL_REPRESENTATION('',(#6611),#6615);
#6611 = LINE('',#6612,#6613);
#6612 = CARTESIAN_POINT('',(4.230829612007,1.6));
#6613 = VECTOR('',#6614,1.);
#6614 = DIRECTION('',(1.,0.));
#6615 = ( GEOMETRIC_REPRESENTATION_CONTEXT(2) 
PARAMETRIC_REPRESENTATION_CONTEXT() REPRESENTATION_CONTEXT('2D SPACE',''
  ) );
#6616 = ORIENTED_EDGE('',*,*,#6617,.T.);
#6617 = EDGE_CURVE('',#6594,#6592,#6618,.T.);
#6618 = SURFACE_CURVE('',#6619,(#6624,#6631),.PCURVE_S1.);
#6619 = CIRCLE('',#6620,10.05);
#6620 = AXIS2_PLACEMENT_3D('',#6621,#6622,#6623);
#6621 = CARTESIAN_POINT('',(-5.834698879568E-16,-22.45,
    7.641611109426E-16));
#6622 = DIRECTION('',(-2.157543153397E-33,1.,-1.110223024625E-16));
#6623 = DIRECTION('',(0.904784101404,-4.728112959711E-17,-0.42587055527)
  );
#6624 = PCURVE('',#6510,#6625);
#6625 = DEFINITIONAL_REPRESENTATION('',(#6626),#6630);
#6626 = CIRCLE('',#6627,10.05);
#6627 = AXIS2_PLACEMENT_2D('',#6628,#6629);
#6628 = CARTESIAN_POINT('',(4.949747468306,4.949747468306));
#6629 = DIRECTION('',(-0.42587055527,0.904784101404));
#6630 = ( GEOMETRIC_REPRESENTATION_CONTEXT(2) 
PARAMETRIC_REPRESENTATION_CONTEXT() REPRESENTATION_CONTEXT('2D SPACE',''
  ) );
#6631 = PCURVE('',#3477,#6632);
#6632 = DEFINITIONAL_REPRESENTATION('',(#6633),#6637);
#6633 = LINE('',#6634,#6635);
#6634 = CARTESIAN_POINT('',(1.943342108335E-17,-6.4));
#6635 = VECTOR('',#6636,1.);
#6636 = DIRECTION('',(1.,0.));
#6637 = ( GEOMETRIC_REPRESENTATION_CONTEXT(2) 
PARAMETRIC_REPRESENTATION_CONTEXT() REPRESENTATION_CONTEXT('2D SPACE',''
  ) );
#6638 = FACE_BOUND('',#6639,.F.);
#6639 = EDGE_LOOP('',(#6640));
#6640 = ORIENTED_EDGE('',*,*,#6495,.F.);
#6641 = ADVANCED_FACE('',(#6642),#6356,.T.);
#6642 = FACE_BOUND('',#6643,.T.);
#6643 = EDGE_LOOP('',(#6644,#6665,#6684,#6685));
#6644 = ORIENTED_EDGE('',*,*,#6645,.F.);
#6645 = EDGE_CURVE('',#6646,#6525,#6648,.T.);
#6646 = VERTEX_POINT('',#6647);
#6647 = CARTESIAN_POINT('',(-9.363759928576,-18.45,-3.65));
#6648 = SURFACE_CURVE('',#6649,(#6653,#6659),.PCURVE_S1.);
#6649 = LINE('',#6650,#6651);
#6650 = CARTESIAN_POINT('',(-19.,-18.45,-3.65));
#6651 = VECTOR('',#6652,1.);
#6652 = DIRECTION('',(1.,0.,0.));
#6653 = PCURVE('',#6356,#6654);
#6654 = DEFINITIONAL_REPRESENTATION('',(#6655),#6658);
#6655 = B_SPLINE_CURVE_WITH_KNOTS('',1,(#6656,#6657),.UNSPECIFIED.,.F.,
  .F.,(2,2),(4.5,19.),.PIECEWISE_BEZIER_KNOTS.);
#6656 = CARTESIAN_POINT('',(3.5,1.));
#6657 = CARTESIAN_POINT('',(18.,1.));
#6658 = ( GEOMETRIC_REPRESENTATION_CONTEXT(2) 
PARAMETRIC_REPRESENTATION_CONTEXT() REPRESENTATION_CONTEXT('2D SPACE',''
  ) );
#6659 = PCURVE('',#3504,#6660);
#6660 = DEFINITIONAL_REPRESENTATION('',(#6661),#6664);
#6661 = B_SPLINE_CURVE_WITH_KNOTS('',1,(#6662,#6663),.UNSPECIFIED.,.F.,
  .F.,(2,2),(4.5,19.),.PIECEWISE_BEZIER_KNOTS.);
#6662 = CARTESIAN_POINT('',(5.5,-21.35));
#6663 = CARTESIAN_POINT('',(20.,-21.35));
#6664 = ( GEOMETRIC_REPRESENTATION_CONTEXT(2) 
PARAMETRIC_REPRESENTATION_CONTEXT() REPRESENTATION_CONTEXT('2D SPACE',''
  ) );
#6665 = ORIENTED_EDGE('',*,*,#6666,.F.);
#6666 = EDGE_CURVE('',#6339,#6646,#6667,.T.);
#6667 = SURFACE_CURVE('',#6668,(#6672,#6678),.PCURVE_S1.);
#6668 = LINE('',#6669,#6670);
#6669 = CARTESIAN_POINT('',(-9.363759928576,-16.05,-3.65));
#6670 = VECTOR('',#6671,1.);
#6671 = DIRECTION('',(0.,1.,-1.110223024625E-16));
#6672 = PCURVE('',#6356,#6673);
#6673 = DEFINITIONAL_REPRESENTATION('',(#6674),#6677);
#6674 = B_SPLINE_CURVE_WITH_KNOTS('',1,(#6675,#6676),.UNSPECIFIED.,.F.,
  .F.,(2,2),(-3.5,-2.3),.PIECEWISE_BEZIER_KNOTS.);
#6675 = CARTESIAN_POINT('',(8.636240071424,-0.1));
#6676 = CARTESIAN_POINT('',(8.636240071424,1.1));
#6677 = ( GEOMETRIC_REPRESENTATION_CONTEXT(2) 
PARAMETRIC_REPRESENTATION_CONTEXT() REPRESENTATION_CONTEXT('2D SPACE',''
  ) );
#6678 = PCURVE('',#3477,#6679);
#6679 = DEFINITIONAL_REPRESENTATION('',(#6680),#6683);
#6680 = B_SPLINE_CURVE_WITH_KNOTS('',1,(#6681,#6682),.UNSPECIFIED.,.F.,
  .F.,(2,2),(-3.5,-2.3),.PIECEWISE_BEZIER_KNOTS.);
#6681 = CARTESIAN_POINT('',(2.329985759026,-3.5));
#6682 = CARTESIAN_POINT('',(2.329985759026,-2.3));
#6683 = ( GEOMETRIC_REPRESENTATION_CONTEXT(2) 
PARAMETRIC_REPRESENTATION_CONTEXT() REPRESENTATION_CONTEXT('2D SPACE',''
  ) );
#6684 = ORIENTED_EDGE('',*,*,#6338,.T.);
#6685 = ORIENTED_EDGE('',*,*,#6524,.T.);
#6686 = ADVANCED_FACE('',(#6687),#5979,.T.);
#6687 = FACE_BOUND('',#6688,.T.);
#6688 = EDGE_LOOP('',(#6689,#6708,#6709,#6710));
#6689 = ORIENTED_EDGE('',*,*,#6690,.F.);
#6690 = EDGE_CURVE('',#6546,#5862,#6691,.T.);
#6691 = SURFACE_CURVE('',#6692,(#6696,#6702),.PCURVE_S1.);
#6692 = LINE('',#6693,#6694);
#6693 = CARTESIAN_POINT('',(-19.,-18.45,-3.65));
#6694 = VECTOR('',#6695,1.);
#6695 = DIRECTION('',(1.,0.,0.));
#6696 = PCURVE('',#5979,#6697);
#6697 = DEFINITIONAL_REPRESENTATION('',(#6698),#6701);
#6698 = B_SPLINE_CURVE_WITH_KNOTS('',1,(#6699,#6700),.UNSPECIFIED.,.F.,
  .F.,(2,2),(4.5,19.),.PIECEWISE_BEZIER_KNOTS.);
#6699 = CARTESIAN_POINT('',(3.5,1.));
#6700 = CARTESIAN_POINT('',(18.,1.));
#6701 = ( GEOMETRIC_REPRESENTATION_CONTEXT(2) 
PARAMETRIC_REPRESENTATION_CONTEXT() REPRESENTATION_CONTEXT('2D SPACE',''
  ) );
#6702 = PCURVE('',#3504,#6703);
#6703 = DEFINITIONAL_REPRESENTATION('',(#6704),#6707);
#6704 = B_SPLINE_CURVE_WITH_KNOTS('',1,(#6705,#6706),.UNSPECIFIED.,.F.,
  .F.,(2,2),(4.5,19.),.PIECEWISE_BEZIER_KNOTS.);
#6705 = CARTESIAN_POINT('',(5.5,-21.35));
#6706 = CARTESIAN_POINT('',(20.,-21.35));
#6707 = ( GEOMETRIC_REPRESENTATION_CONTEXT(2) 
PARAMETRIC_REPRESENTATION_CONTEXT() REPRESENTATION_CONTEXT('2D SPACE',''
  ) );
#6708 = ORIENTED_EDGE('',*,*,#6569,.F.);
#6709 = ORIENTED_EDGE('',*,*,#6394,.T.);
#6710 = ORIENTED_EDGE('',*,*,#5965,.T.);
#6711 = ADVANCED_FACE('',(#6712),#5604,.T.);
#6712 = FACE_BOUND('',#6713,.T.);
#6713 = EDGE_LOOP('',(#6714,#6737,#6758,#6759,#6791,#6812));
#6714 = ORIENTED_EDGE('',*,*,#6715,.F.);
#6715 = EDGE_CURVE('',#6716,#6718,#6720,.T.);
#6716 = VERTEX_POINT('',#6717);
#6717 = CARTESIAN_POINT('',(-4.279999080468,-18.45,9.093080219111));
#6718 = VERTEX_POINT('',#6719);
#6719 = CARTESIAN_POINT('',(-4.556814941394,-18.45,9.681189885024));
#6720 = SURFACE_CURVE('',#6721,(#6725,#6731),.PCURVE_S1.);
#6721 = LINE('',#6722,#6723);
#6722 = CARTESIAN_POINT('',(0.862854507113,-18.45,-1.833179190717));
#6723 = VECTOR('',#6724,1.);
#6724 = DIRECTION('',(-0.42587055527,0.,0.904784101404));
#6725 = PCURVE('',#5604,#6726);
#6726 = DEFINITIONAL_REPRESENTATION('',(#6727),#6730);
#6727 = B_SPLINE_CURVE_WITH_KNOTS('',1,(#6728,#6729),.UNSPECIFIED.,.F.,
  .F.,(2,2),(12.076095714847,13.852121374886),.PIECEWISE_BEZIER_KNOTS.);
#6728 = CARTESIAN_POINT('',(0.,-2.4));
#6729 = CARTESIAN_POINT('',(1.776025660039,-2.4));
#6730 = ( GEOMETRIC_REPRESENTATION_CONTEXT(2) 
PARAMETRIC_REPRESENTATION_CONTEXT() REPRESENTATION_CONTEXT('2D SPACE',''
  ) );
#6731 = PCURVE('',#3504,#6732);
#6732 = DEFINITIONAL_REPRESENTATION('',(#6733),#6736);
#6733 = B_SPLINE_CURVE_WITH_KNOTS('',1,(#6734,#6735),.UNSPECIFIED.,.F.,
  .F.,(2,2),(12.076095714847,13.852121374886),.PIECEWISE_BEZIER_KNOTS.);
#6734 = CARTESIAN_POINT('',(15.720000919532,-34.09308021911));
#6735 = CARTESIAN_POINT('',(14.963643885517,-35.7));
#6736 = ( GEOMETRIC_REPRESENTATION_CONTEXT(2) 
PARAMETRIC_REPRESENTATION_CONTEXT() REPRESENTATION_CONTEXT('2D SPACE',''
  ) );
#6737 = ORIENTED_EDGE('',*,*,#6738,.T.);
#6738 = EDGE_CURVE('',#6716,#5566,#6739,.T.);
#6739 = SURFACE_CURVE('',#6740,(#6744,#6751),.PCURVE_S1.);
#6740 = LINE('',#6741,#6742);
#6741 = CARTESIAN_POINT('',(-4.279999080468,-16.05,9.093080219111));
#6742 = VECTOR('',#6743,1.);
#6743 = DIRECTION('',(0.,-1.,1.110223024625E-16));
#6744 = PCURVE('',#5604,#6745);
#6745 = DEFINITIONAL_REPRESENTATION('',(#6746),#6750);
#6746 = LINE('',#6747,#6748);
#6747 = CARTESIAN_POINT('',(0.,0.));
#6748 = VECTOR('',#6749,1.);
#6749 = DIRECTION('',(0.,-1.));
#6750 = ( GEOMETRIC_REPRESENTATION_CONTEXT(2) 
PARAMETRIC_REPRESENTATION_CONTEXT() REPRESENTATION_CONTEXT('2D SPACE',''
  ) );
#6751 = PCURVE('',#3477,#6752);
#6752 = DEFINITIONAL_REPRESENTATION('',(#6753),#6757);
#6753 = LINE('',#6754,#6755);
#6754 = CARTESIAN_POINT('',(3.832541306295,0.));
#6755 = VECTOR('',#6756,1.);
#6756 = DIRECTION('',(0.,-1.));
#6757 = ( GEOMETRIC_REPRESENTATION_CONTEXT(2) 
PARAMETRIC_REPRESENTATION_CONTEXT() REPRESENTATION_CONTEXT('2D SPACE',''
  ) );
#6758 = ORIENTED_EDGE('',*,*,#5589,.T.);
#6759 = ORIENTED_EDGE('',*,*,#6760,.T.);
#6760 = EDGE_CURVE('',#5590,#6761,#6763,.T.);
#6761 = VERTEX_POINT('',#6762);
#6762 = CARTESIAN_POINT('',(-6.712146841733,-20.65,14.26030438952));
#6763 = SURFACE_CURVE('',#6764,(#6771,#6781),.PCURVE_S1.);
#6764 = B_SPLINE_CURVE_WITH_KNOTS('',5,(#6765,#6766,#6767,#6768,#6769,
    #6770),.UNSPECIFIED.,.F.,.F.,(6,6),(0.,1.),
  .PIECEWISE_BEZIER_KNOTS.);
#6765 = CARTESIAN_POINT('',(-6.712146854652,-23.9500006,14.260304416966)
  );
#6766 = CARTESIAN_POINT('',(-6.712146854652,-22.2766540044,
    14.260304416966));
#6767 = CARTESIAN_POINT('',(-6.712146854652,-20.8296702887,
    14.260304416966));
#6768 = CARTESIAN_POINT('',(-6.712146854652,-19.1510561127,
    14.260304416966));
#6769 = CARTESIAN_POINT('',(-6.712146854652,-17.33701398133,
    14.260304416966));
#6770 = CARTESIAN_POINT('',(-6.712146854652,-16.05,14.260304416966));
#6771 = PCURVE('',#5604,#6772);
#6772 = DEFINITIONAL_REPRESENTATION('',(#6773),#6780);
#6773 = B_SPLINE_CURVE_WITH_KNOTS('',5,(#6774,#6775,#6776,#6777,#6778,
    #6779),.UNSPECIFIED.,.F.,.F.,(6,6),(0.,1.),
  .PIECEWISE_BEZIER_KNOTS.);
#6774 = CARTESIAN_POINT('',(5.711002425701,-7.9000006));
#6775 = CARTESIAN_POINT('',(5.711002425701,-6.226654004405));
#6776 = CARTESIAN_POINT('',(5.711002425701,-4.779670288708));
#6777 = CARTESIAN_POINT('',(5.711002425701,-3.101056112709));
#6778 = CARTESIAN_POINT('',(5.711002425701,-1.287013981337));
#6779 = CARTESIAN_POINT('',(5.711002425701,1.7763568394E-15));
#6780 = ( GEOMETRIC_REPRESENTATION_CONTEXT(2) 
PARAMETRIC_REPRESENTATION_CONTEXT() REPRESENTATION_CONTEXT('2D SPACE',''
  ) );
#6781 = PCURVE('',#364,#6782);
#6782 = DEFINITIONAL_REPRESENTATION('',(#6783),#6790);
#6783 = B_SPLINE_CURVE_WITH_KNOTS('',5,(#6784,#6785,#6786,#6787,#6788,
    #6789),.UNSPECIFIED.,.F.,.F.,(6,6),(0.,1.),
  .PIECEWISE_BEZIER_KNOTS.);
#6784 = CARTESIAN_POINT('',(11.93643673779,-47.9000006));
#6785 = CARTESIAN_POINT('',(11.93643673779,-46.2266540044));
#6786 = CARTESIAN_POINT('',(11.93643673779,-44.7796702887));
#6787 = CARTESIAN_POINT('',(11.93643673779,-43.1010561127));
#6788 = CARTESIAN_POINT('',(11.93643673779,-41.28701398133));
#6789 = CARTESIAN_POINT('',(11.93643673779,-40.));
#6790 = ( GEOMETRIC_REPRESENTATION_CONTEXT(2) 
PARAMETRIC_REPRESENTATION_CONTEXT() REPRESENTATION_CONTEXT('2D SPACE',''
  ) );
#6791 = ORIENTED_EDGE('',*,*,#6792,.T.);
#6792 = EDGE_CURVE('',#6761,#6793,#6795,.T.);
#6793 = VERTEX_POINT('',#6794);
#6794 = CARTESIAN_POINT('',(-4.556814941394,-20.65,9.681189885024));
#6795 = SURFACE_CURVE('',#6796,(#6800,#6806),.PCURVE_S1.);
#6796 = LINE('',#6797,#6798);
#6797 = CARTESIAN_POINT('',(-2.139999540234,-20.65,4.546540109556));
#6798 = VECTOR('',#6799,1.);
#6799 = DIRECTION('',(0.42587055527,0.,-0.904784101404));
#6800 = PCURVE('',#5604,#6801);
#6801 = DEFINITIONAL_REPRESENTATION('',(#6802),#6805);
#6802 = B_SPLINE_CURVE_WITH_KNOTS('',1,(#6803,#6804),.UNSPECIFIED.,.F.,
  .F.,(2,2),(-11.74648262156,-5.025),.PIECEWISE_BEZIER_KNOTS.);
#6803 = CARTESIAN_POINT('',(6.721482621564,-4.6));
#6804 = CARTESIAN_POINT('',(0.,-4.6));
#6805 = ( GEOMETRIC_REPRESENTATION_CONTEXT(2) 
PARAMETRIC_REPRESENTATION_CONTEXT() REPRESENTATION_CONTEXT('2D SPACE',''
  ) );
#6806 = PCURVE('',#3556,#6807);
#6807 = DEFINITIONAL_REPRESENTATION('',(#6808),#6811);
#6808 = B_SPLINE_CURVE_WITH_KNOTS('',1,(#6809,#6810),.UNSPECIFIED.,.F.,
  .F.,(2,2),(-11.74648262156,-5.025),.PIECEWISE_BEZIER_KNOTS.);
#6809 = CARTESIAN_POINT('',(-15.17457083296,-7.142480616754));
#6810 = CARTESIAN_POINT('',(-9.093080219111,-4.279999080468));
#6811 = ( GEOMETRIC_REPRESENTATION_CONTEXT(2) 
PARAMETRIC_REPRESENTATION_CONTEXT() REPRESENTATION_CONTEXT('2D SPACE',''
  ) );
#6812 = ORIENTED_EDGE('',*,*,#6813,.F.);
#6813 = EDGE_CURVE('',#6718,#6793,#6814,.T.);
#6814 = SURFACE_CURVE('',#6815,(#6819,#6825),.PCURVE_S1.);
#6815 = LINE('',#6816,#6817);
#6816 = CARTESIAN_POINT('',(-4.556814941394,-18.44,9.681189885024));
#6817 = VECTOR('',#6818,1.);
#6818 = DIRECTION('',(0.,-1.,0.));
#6819 = PCURVE('',#5604,#6820);
#6820 = DEFINITIONAL_REPRESENTATION('',(#6821),#6824);
#6821 = B_SPLINE_CURVE_WITH_KNOTS('',1,(#6822,#6823),.UNSPECIFIED.,.F.,
  .F.,(2,2),(9.999400000002E-03,2.2100006),.PIECEWISE_BEZIER_KNOTS.);
#6822 = CARTESIAN_POINT('',(0.65,-2.3999994));
#6823 = CARTESIAN_POINT('',(0.65,-4.6000006));
#6824 = ( GEOMETRIC_REPRESENTATION_CONTEXT(2) 
PARAMETRIC_REPRESENTATION_CONTEXT() REPRESENTATION_CONTEXT('2D SPACE',''
  ) );
#6825 = PCURVE('',#3530,#6826);
#6826 = DEFINITIONAL_REPRESENTATION('',(#6827),#6830);
#6827 = B_SPLINE_CURVE_WITH_KNOTS('',1,(#6828,#6829),.UNSPECIFIED.,.F.,
  .F.,(2,2),(9.999400000002E-03,2.2100006),.PIECEWISE_BEZIER_KNOTS.);
#6828 = CARTESIAN_POINT('',(3.581516490635,9.999400000002E-03));
#6829 = CARTESIAN_POINT('',(3.581516490635,2.2100006));
#6830 = ( GEOMETRIC_REPRESENTATION_CONTEXT(2) 
PARAMETRIC_REPRESENTATION_CONTEXT() REPRESENTATION_CONTEXT('2D SPACE',''
  ) );
#6831 = ADVANCED_FACE('',(#6832),#5553,.F.);
#6832 = FACE_BOUND('',#6833,.F.);
#6833 = EDGE_LOOP('',(#6834,#6835,#6854,#6855));
#6834 = ORIENTED_EDGE('',*,*,#5536,.T.);
#6835 = ORIENTED_EDGE('',*,*,#6836,.T.);
#6836 = EDGE_CURVE('',#5513,#6220,#6837,.T.);
#6837 = SURFACE_CURVE('',#6838,(#6842,#6848),.PCURVE_S1.);
#6838 = LINE('',#6839,#6840);
#6839 = CARTESIAN_POINT('',(-7.741509814844,-24.05,6.408707029243));
#6840 = VECTOR('',#6841,1.);
#6841 = DIRECTION('',(0.,1.,0.));
#6842 = PCURVE('',#5553,#6843);
#6843 = DEFINITIONAL_REPRESENTATION('',(#6844),#6847);
#6844 = B_SPLINE_CURVE_WITH_KNOTS('',1,(#6845,#6846),.UNSPECIFIED.,.F.,
  .F.,(2,2),(0.1,1.6),.PIECEWISE_BEZIER_KNOTS.);
#6845 = CARTESIAN_POINT('',(11.477133655942,0.1));
#6846 = CARTESIAN_POINT('',(11.477133655942,1.6));
#6847 = ( GEOMETRIC_REPRESENTATION_CONTEXT(2) 
PARAMETRIC_REPRESENTATION_CONTEXT() REPRESENTATION_CONTEXT('2D SPACE',''
  ) );
#6848 = PCURVE('',#3477,#6849);
#6849 = DEFINITIONAL_REPRESENTATION('',(#6850),#6853);
#6850 = B_SPLINE_CURVE_WITH_KNOTS('',1,(#6851,#6852),.UNSPECIFIED.,.F.,
  .F.,(2,2),(9.99994E-02,1.6000006),.PIECEWISE_BEZIER_KNOTS.);
#6851 = CARTESIAN_POINT('',(3.393154480166,-7.9000006));
#6852 = CARTESIAN_POINT('',(3.393154480166,-6.3999994));
#6853 = ( GEOMETRIC_REPRESENTATION_CONTEXT(2) 
PARAMETRIC_REPRESENTATION_CONTEXT() REPRESENTATION_CONTEXT('2D SPACE',''
  ) );
#6854 = ORIENTED_EDGE('',*,*,#6217,.F.);
#6855 = ORIENTED_EDGE('',*,*,#6856,.F.);
#6856 = EDGE_CURVE('',#5537,#6218,#6857,.T.);
#6857 = SURFACE_CURVE('',#6858,(#6862,#6868),.PCURVE_S1.);
#6858 = LINE('',#6859,#6860);
#6859 = CARTESIAN_POINT('',(-6.408707029243,-24.05,7.741509814844));
#6860 = VECTOR('',#6861,1.);
#6861 = DIRECTION('',(0.,1.,0.));
#6862 = PCURVE('',#5553,#6863);
#6863 = DEFINITIONAL_REPRESENTATION('',(#6864),#6867);
#6864 = B_SPLINE_CURVE_WITH_KNOTS('',1,(#6865,#6866),.UNSPECIFIED.,.F.,
  .F.,(2,2),(0.1,1.6),.PIECEWISE_BEZIER_KNOTS.);
#6865 = CARTESIAN_POINT('',(5.801625938802,0.1));
#6866 = CARTESIAN_POINT('',(5.801625938802,1.6));
#6867 = ( GEOMETRIC_REPRESENTATION_CONTEXT(2) 
PARAMETRIC_REPRESENTATION_CONTEXT() REPRESENTATION_CONTEXT('2D SPACE',''
  ) );
#6868 = PCURVE('',#3477,#6869);
#6869 = DEFINITIONAL_REPRESENTATION('',(#6870),#6873);
#6870 = B_SPLINE_CURVE_WITH_KNOTS('',1,(#6871,#6872),.UNSPECIFIED.,.F.,
  .F.,(2,2),(9.99994E-02,1.6000006),.PIECEWISE_BEZIER_KNOTS.);
#6871 = CARTESIAN_POINT('',(3.580979479718,-7.9000006));
#6872 = CARTESIAN_POINT('',(3.580979479718,-6.3999994));
#6873 = ( GEOMETRIC_REPRESENTATION_CONTEXT(2) 
PARAMETRIC_REPRESENTATION_CONTEXT() REPRESENTATION_CONTEXT('2D SPACE',''
  ) );
#6874 = ADVANCED_FACE('',(#6875),#5500,.F.);
#6875 = FACE_BOUND('',#6876,.F.);
#6876 = EDGE_LOOP('',(#6877,#6878,#6897,#6898));
#6877 = ORIENTED_EDGE('',*,*,#5483,.T.);
#6878 = ORIENTED_EDGE('',*,*,#6879,.T.);
#6879 = EDGE_CURVE('',#5460,#6594,#6880,.T.);
#6880 = SURFACE_CURVE('',#6881,(#6885,#6891),.PCURVE_S1.);
#6881 = LINE('',#6882,#6883);
#6882 = CARTESIAN_POINT('',(-6.408707029243,-24.05,-7.741509814844));
#6883 = VECTOR('',#6884,1.);
#6884 = DIRECTION('',(0.,1.,0.));
#6885 = PCURVE('',#5500,#6886);
#6886 = DEFINITIONAL_REPRESENTATION('',(#6887),#6890);
#6887 = B_SPLINE_CURVE_WITH_KNOTS('',1,(#6888,#6889),.UNSPECIFIED.,.F.,
  .F.,(2,2),(0.1,1.6),.PIECEWISE_BEZIER_KNOTS.);
#6888 = CARTESIAN_POINT('',(9.906337329147,0.1));
#6889 = CARTESIAN_POINT('',(9.906337329147,1.6));
#6890 = ( GEOMETRIC_REPRESENTATION_CONTEXT(2) 
PARAMETRIC_REPRESENTATION_CONTEXT() REPRESENTATION_CONTEXT('2D SPACE',''
  ) );
#6891 = PCURVE('',#3477,#6892);
#6892 = DEFINITIONAL_REPRESENTATION('',(#6893),#6896);
#6893 = B_SPLINE_CURVE_WITH_KNOTS('',1,(#6894,#6895),.UNSPECIFIED.,.F.,
  .F.,(2,2),(9.99994E-02,1.6000006),.PIECEWISE_BEZIER_KNOTS.);
#6894 = CARTESIAN_POINT('',(1.822358153371,-7.9000006));
#6895 = CARTESIAN_POINT('',(1.822358153371,-6.3999994));
#6896 = ( GEOMETRIC_REPRESENTATION_CONTEXT(2) 
PARAMETRIC_REPRESENTATION_CONTEXT() REPRESENTATION_CONTEXT('2D SPACE',''
  ) );
#6897 = ORIENTED_EDGE('',*,*,#6591,.F.);
#6898 = ORIENTED_EDGE('',*,*,#6899,.F.);
#6899 = EDGE_CURVE('',#5484,#6592,#6900,.T.);
#6900 = SURFACE_CURVE('',#6901,(#6905,#6911),.PCURVE_S1.);
#6901 = LINE('',#6902,#6903);
#6902 = CARTESIAN_POINT('',(-7.741509814844,-24.05,-6.408707029243));
#6903 = VECTOR('',#6904,1.);
#6904 = DIRECTION('',(0.,1.,0.));
#6905 = PCURVE('',#5500,#6906);
#6906 = DEFINITIONAL_REPRESENTATION('',(#6907),#6910);
#6907 = B_SPLINE_CURVE_WITH_KNOTS('',1,(#6908,#6909),.UNSPECIFIED.,.F.,
  .F.,(2,2),(0.1,1.6),.PIECEWISE_BEZIER_KNOTS.);
#6908 = CARTESIAN_POINT('',(4.230829612007,0.1));
#6909 = CARTESIAN_POINT('',(4.230829612007,1.6));
#6910 = ( GEOMETRIC_REPRESENTATION_CONTEXT(2) 
PARAMETRIC_REPRESENTATION_CONTEXT() REPRESENTATION_CONTEXT('2D SPACE',''
  ) );
#6911 = PCURVE('',#3477,#6912);
#6912 = DEFINITIONAL_REPRESENTATION('',(#6913),#6916);
#6913 = B_SPLINE_CURVE_WITH_KNOTS('',1,(#6914,#6915),.UNSPECIFIED.,.F.,
  .F.,(2,2),(9.99994E-02,1.6000006),.PIECEWISE_BEZIER_KNOTS.);
#6914 = CARTESIAN_POINT('',(2.010183152923,-7.9000006));
#6915 = CARTESIAN_POINT('',(2.010183152923,-6.3999994));
#6916 = ( GEOMETRIC_REPRESENTATION_CONTEXT(2) 
PARAMETRIC_REPRESENTATION_CONTEXT() REPRESENTATION_CONTEXT('2D SPACE',''
  ) );
#6917 = ADVANCED_FACE('',(#6918),#5447,.F.);
#6918 = FACE_BOUND('',#6919,.F.);
#6919 = EDGE_LOOP('',(#6920,#6921,#6942,#6971));
#6920 = ORIENTED_EDGE('',*,*,#5430,.T.);
#6921 = ORIENTED_EDGE('',*,*,#6922,.T.);
#6922 = EDGE_CURVE('',#5407,#6923,#6925,.T.);
#6923 = VERTEX_POINT('',#6924);
#6924 = CARTESIAN_POINT('',(7.741509814844,-22.45,-6.408707029243));
#6925 = SURFACE_CURVE('',#6926,(#6930,#6936),.PCURVE_S1.);
#6926 = LINE('',#6927,#6928);
#6927 = CARTESIAN_POINT('',(7.741509814844,-24.05,-6.408707029243));
#6928 = VECTOR('',#6929,1.);
#6929 = DIRECTION('',(0.,1.,0.));
#6930 = PCURVE('',#5447,#6931);
#6931 = DEFINITIONAL_REPRESENTATION('',(#6932),#6935);
#6932 = B_SPLINE_CURVE_WITH_KNOTS('',1,(#6933,#6934),.UNSPECIFIED.,.F.,
  .F.,(2,2),(0.1,1.6),.PIECEWISE_BEZIER_KNOTS.);
#6933 = CARTESIAN_POINT('',(8.335541002352,0.1));
#6934 = CARTESIAN_POINT('',(8.335541002352,1.6));
#6935 = ( GEOMETRIC_REPRESENTATION_CONTEXT(2) 
PARAMETRIC_REPRESENTATION_CONTEXT() REPRESENTATION_CONTEXT('2D SPACE',''
  ) );
#6936 = PCURVE('',#3477,#6937);
#6937 = DEFINITIONAL_REPRESENTATION('',(#6938),#6941);
#6938 = B_SPLINE_CURVE_WITH_KNOTS('',1,(#6939,#6940),.UNSPECIFIED.,.F.,
  .F.,(2,2),(9.99994E-02,1.6000006),.PIECEWISE_BEZIER_KNOTS.);
#6939 = CARTESIAN_POINT('',(0.251561826576,-7.9000006));
#6940 = CARTESIAN_POINT('',(0.251561826576,-6.3999994));
#6941 = ( GEOMETRIC_REPRESENTATION_CONTEXT(2) 
PARAMETRIC_REPRESENTATION_CONTEXT() REPRESENTATION_CONTEXT('2D SPACE',''
  ) );
#6942 = ORIENTED_EDGE('',*,*,#6943,.F.);
#6943 = EDGE_CURVE('',#6944,#6923,#6946,.T.);
#6944 = VERTEX_POINT('',#6945);
#6945 = CARTESIAN_POINT('',(6.408707029243,-22.45,-7.741509814844));
#6946 = SURFACE_CURVE('',#6947,(#6952,#6959),.PCURVE_S1.);
#6947 = CIRCLE('',#6948,3.15);
#6948 = AXIS2_PLACEMENT_3D('',#6949,#6950,#6951);
#6949 = CARTESIAN_POINT('',(4.949747468306,-22.45,-4.949747468306));
#6950 = DIRECTION('',(0.,1.,0.));
#6951 = DIRECTION('',(0.463161765377,0.,-0.886273760806));
#6952 = PCURVE('',#5447,#6953);
#6953 = DEFINITIONAL_REPRESENTATION('',(#6954),#6958);
#6954 = LINE('',#6955,#6956);
#6955 = CARTESIAN_POINT('',(2.660033285212,1.6));
#6956 = VECTOR('',#6957,1.);
#6957 = DIRECTION('',(1.,0.));
#6958 = ( GEOMETRIC_REPRESENTATION_CONTEXT(2) 
PARAMETRIC_REPRESENTATION_CONTEXT() REPRESENTATION_CONTEXT('2D SPACE',''
  ) );
#6959 = PCURVE('',#6960,#6965);
#6960 = PLANE('',#6961);
#6961 = AXIS2_PLACEMENT_3D('',#6962,#6963,#6964);
#6962 = CARTESIAN_POINT('',(4.949747468306,-22.45,-4.949747468306));
#6963 = DIRECTION('',(0.,1.,0.));
#6964 = DIRECTION('',(0.,-0.,1.));
#6965 = DEFINITIONAL_REPRESENTATION('',(#6966),#6970);
#6966 = CIRCLE('',#6967,3.15);
#6967 = AXIS2_PLACEMENT_2D('',#6968,#6969);
#6968 = CARTESIAN_POINT('',(0.,0.));
#6969 = DIRECTION('',(-0.886273760806,0.463161765377));
#6970 = ( GEOMETRIC_REPRESENTATION_CONTEXT(2) 
PARAMETRIC_REPRESENTATION_CONTEXT() REPRESENTATION_CONTEXT('2D SPACE',''
  ) );
#6971 = ORIENTED_EDGE('',*,*,#6972,.F.);
#6972 = EDGE_CURVE('',#5431,#6944,#6973,.T.);
#6973 = SURFACE_CURVE('',#6974,(#6978,#6984),.PCURVE_S1.);
#6974 = LINE('',#6975,#6976);
#6975 = CARTESIAN_POINT('',(6.408707029243,-24.05,-7.741509814844));
#6976 = VECTOR('',#6977,1.);
#6977 = DIRECTION('',(0.,1.,0.));
#6978 = PCURVE('',#5447,#6979);
#6979 = DEFINITIONAL_REPRESENTATION('',(#6980),#6983);
#6980 = B_SPLINE_CURVE_WITH_KNOTS('',1,(#6981,#6982),.UNSPECIFIED.,.F.,
  .F.,(2,2),(0.1,1.6),.PIECEWISE_BEZIER_KNOTS.);
#6981 = CARTESIAN_POINT('',(2.660033285212,0.1));
#6982 = CARTESIAN_POINT('',(2.660033285212,1.6));
#6983 = ( GEOMETRIC_REPRESENTATION_CONTEXT(2) 
PARAMETRIC_REPRESENTATION_CONTEXT() REPRESENTATION_CONTEXT('2D SPACE',''
  ) );
#6984 = PCURVE('',#3477,#6985);
#6985 = DEFINITIONAL_REPRESENTATION('',(#6986),#6989);
#6986 = B_SPLINE_CURVE_WITH_KNOTS('',1,(#6987,#6988),.UNSPECIFIED.,.F.,
  .F.,(2,2),(9.99994E-02,1.6000006),.PIECEWISE_BEZIER_KNOTS.);
#6987 = CARTESIAN_POINT('',(0.439386826128,-7.9000006));
#6988 = CARTESIAN_POINT('',(0.439386826128,-6.3999994));
#6989 = ( GEOMETRIC_REPRESENTATION_CONTEXT(2) 
PARAMETRIC_REPRESENTATION_CONTEXT() REPRESENTATION_CONTEXT('2D SPACE',''
  ) );
#6990 = ADVANCED_FACE('',(#6991,#7016),#6960,.F.);
#6991 = FACE_BOUND('',#6992,.F.);
#6992 = EDGE_LOOP('',(#6993,#6994));
#6993 = ORIENTED_EDGE('',*,*,#6943,.T.);
#6994 = ORIENTED_EDGE('',*,*,#6995,.T.);
#6995 = EDGE_CURVE('',#6923,#6944,#6996,.T.);
#6996 = SURFACE_CURVE('',#6997,(#7002,#7009),.PCURVE_S1.);
#6997 = CIRCLE('',#6998,10.05);
#6998 = AXIS2_PLACEMENT_3D('',#6999,#7000,#7001);
#6999 = CARTESIAN_POINT('',(-5.834698879568E-16,-22.45,
    7.641611109426E-16));
#7000 = DIRECTION('',(-2.157543153397E-33,1.,-1.110223024625E-16));
#7001 = DIRECTION('',(0.904784101404,-4.728112959711E-17,-0.42587055527)
  );
#7002 = PCURVE('',#6960,#7003);
#7003 = DEFINITIONAL_REPRESENTATION('',(#7004),#7008);
#7004 = CIRCLE('',#7005,10.05);
#7005 = AXIS2_PLACEMENT_2D('',#7006,#7007);
#7006 = CARTESIAN_POINT('',(4.949747468306,-4.949747468306));
#7007 = DIRECTION('',(-0.42587055527,0.904784101404));
#7008 = ( GEOMETRIC_REPRESENTATION_CONTEXT(2) 
PARAMETRIC_REPRESENTATION_CONTEXT() REPRESENTATION_CONTEXT('2D SPACE',''
  ) );
#7009 = PCURVE('',#3477,#7010);
#7010 = DEFINITIONAL_REPRESENTATION('',(#7011),#7015);
#7011 = LINE('',#7012,#7013);
#7012 = CARTESIAN_POINT('',(1.943342108335E-17,-6.4));
#7013 = VECTOR('',#7014,1.);
#7014 = DIRECTION('',(1.,0.));
#7015 = ( GEOMETRIC_REPRESENTATION_CONTEXT(2) 
PARAMETRIC_REPRESENTATION_CONTEXT() REPRESENTATION_CONTEXT('2D SPACE',''
  ) );
#7016 = FACE_BOUND('',#7017,.F.);
#7017 = EDGE_LOOP('',(#7018));
#7018 = ORIENTED_EDGE('',*,*,#7019,.F.);
#7019 = EDGE_CURVE('',#7020,#7020,#7022,.T.);
#7020 = VERTEX_POINT('',#7021);
#7021 = CARTESIAN_POINT('',(4.949747468306,-22.45,-3.249747468306));
#7022 = SURFACE_CURVE('',#7023,(#7028,#7035),.PCURVE_S1.);
#7023 = CIRCLE('',#7024,1.7);
#7024 = AXIS2_PLACEMENT_3D('',#7025,#7026,#7027);
#7025 = CARTESIAN_POINT('',(4.949747468306,-22.45,-4.949747468306));
#7026 = DIRECTION('',(0.,1.,0.));
#7027 = DIRECTION('',(0.,-0.,1.));
#7028 = PCURVE('',#6960,#7029);
#7029 = DEFINITIONAL_REPRESENTATION('',(#7030),#7034);
#7030 = CIRCLE('',#7031,1.7);
#7031 = AXIS2_PLACEMENT_2D('',#7032,#7033);
#7032 = CARTESIAN_POINT('',(0.,0.));
#7033 = DIRECTION('',(1.,0.));
#7034 = ( GEOMETRIC_REPRESENTATION_CONTEXT(2) 
PARAMETRIC_REPRESENTATION_CONTEXT() REPRESENTATION_CONTEXT('2D SPACE',''
  ) );
#7035 = PCURVE('',#7036,#7041);
#7036 = CYLINDRICAL_SURFACE('',#7037,1.7);
#7037 = AXIS2_PLACEMENT_3D('',#7038,#7039,#7040);
#7038 = CARTESIAN_POINT('',(4.949747468306,-24.05,-4.949747468306));
#7039 = DIRECTION('',(0.,1.,0.));
#7040 = DIRECTION('',(0.,-0.,1.));
#7041 = DEFINITIONAL_REPRESENTATION('',(#7042),#7046);
#7042 = LINE('',#7043,#7044);
#7043 = CARTESIAN_POINT('',(0.,1.6));
#7044 = VECTOR('',#7045,1.);
#7045 = DIRECTION('',(1.,0.));
#7046 = ( GEOMETRIC_REPRESENTATION_CONTEXT(2) 
PARAMETRIC_REPRESENTATION_CONTEXT() REPRESENTATION_CONTEXT('2D SPACE',''
  ) );
#7047 = ADVANCED_FACE('',(#7048),#7036,.F.);
#7048 = FACE_BOUND('',#7049,.F.);
#7049 = EDGE_LOOP('',(#7050,#7074,#7095,#7096));
#7050 = ORIENTED_EDGE('',*,*,#7051,.F.);
#7051 = EDGE_CURVE('',#7052,#7052,#7054,.T.);
#7052 = VERTEX_POINT('',#7053);
#7053 = CARTESIAN_POINT('',(4.949747468306,-18.45,-3.249747468306));
#7054 = SURFACE_CURVE('',#7055,(#7060,#7067),.PCURVE_S1.);
#7055 = CIRCLE('',#7056,1.7);
#7056 = AXIS2_PLACEMENT_3D('',#7057,#7058,#7059);
#7057 = CARTESIAN_POINT('',(4.949747468306,-18.45,-4.949747468306));
#7058 = DIRECTION('',(0.,1.,0.));
#7059 = DIRECTION('',(0.,-0.,1.));
#7060 = PCURVE('',#7036,#7061);
#7061 = DEFINITIONAL_REPRESENTATION('',(#7062),#7066);
#7062 = LINE('',#7063,#7064);
#7063 = CARTESIAN_POINT('',(0.,5.6));
#7064 = VECTOR('',#7065,1.);
#7065 = DIRECTION('',(1.,0.));
#7066 = ( GEOMETRIC_REPRESENTATION_CONTEXT(2) 
PARAMETRIC_REPRESENTATION_CONTEXT() REPRESENTATION_CONTEXT('2D SPACE',''
  ) );
#7067 = PCURVE('',#3504,#7068);
#7068 = DEFINITIONAL_REPRESENTATION('',(#7069),#7073);
#7069 = CIRCLE('',#7070,1.7);
#7070 = AXIS2_PLACEMENT_2D('',#7071,#7072);
#7071 = CARTESIAN_POINT('',(24.949747468306,-20.05025253169));
#7072 = DIRECTION('',(0.,-1.));
#7073 = ( GEOMETRIC_REPRESENTATION_CONTEXT(2) 
PARAMETRIC_REPRESENTATION_CONTEXT() REPRESENTATION_CONTEXT('2D SPACE',''
  ) );
#7074 = ORIENTED_EDGE('',*,*,#7075,.F.);
#7075 = EDGE_CURVE('',#7020,#7052,#7076,.T.);
#7076 = SEAM_CURVE('',#7077,(#7081,#7088),.PCURVE_S1.);
#7077 = LINE('',#7078,#7079);
#7078 = CARTESIAN_POINT('',(4.949747468306,-24.05,-3.249747468306));
#7079 = VECTOR('',#7080,1.);
#7080 = DIRECTION('',(0.,1.,0.));
#7081 = PCURVE('',#7036,#7082);
#7082 = DEFINITIONAL_REPRESENTATION('',(#7083),#7087);
#7083 = LINE('',#7084,#7085);
#7084 = CARTESIAN_POINT('',(6.28318530718,-0.));
#7085 = VECTOR('',#7086,1.);
#7086 = DIRECTION('',(0.,1.));
#7087 = ( GEOMETRIC_REPRESENTATION_CONTEXT(2) 
PARAMETRIC_REPRESENTATION_CONTEXT() REPRESENTATION_CONTEXT('2D SPACE',''
  ) );
#7088 = PCURVE('',#7036,#7089);
#7089 = DEFINITIONAL_REPRESENTATION('',(#7090),#7094);
#7090 = LINE('',#7091,#7092);
#7091 = CARTESIAN_POINT('',(0.,-0.));
#7092 = VECTOR('',#7093,1.);
#7093 = DIRECTION('',(0.,1.));
#7094 = ( GEOMETRIC_REPRESENTATION_CONTEXT(2) 
PARAMETRIC_REPRESENTATION_CONTEXT() REPRESENTATION_CONTEXT('2D SPACE',''
  ) );
#7095 = ORIENTED_EDGE('',*,*,#7019,.T.);
#7096 = ORIENTED_EDGE('',*,*,#7075,.T.);
#7097 = ADVANCED_FACE('',(#7098),#3477,.T.);
#7098 = FACE_BOUND('',#7099,.T.);
#7099 = EDGE_LOOP('',(#7100,#7122,#7123,#7124,#7125,#7126,#7127,#7128,
    #7129,#7130,#7131,#7132,#7133,#7134,#7135,#7136,#7137,#7159,#7160,
    #7161));
#7100 = ORIENTED_EDGE('',*,*,#7101,.F.);
#7101 = EDGE_CURVE('',#3462,#6646,#7102,.T.);
#7102 = SURFACE_CURVE('',#7103,(#7108,#7115),.PCURVE_S1.);
#7103 = CIRCLE('',#7104,10.05);
#7104 = AXIS2_PLACEMENT_3D('',#7105,#7106,#7107);
#7105 = CARTESIAN_POINT('',(-5.834698879568E-16,-18.45,
    3.200719010925E-16));
#7106 = DIRECTION('',(-2.157543153397E-33,1.,-1.110223024625E-16));
#7107 = DIRECTION('',(0.904784101404,-4.728112959711E-17,-0.42587055527)
  );
#7108 = PCURVE('',#3477,#7109);
#7109 = DEFINITIONAL_REPRESENTATION('',(#7110),#7114);
#7110 = LINE('',#7111,#7112);
#7111 = CARTESIAN_POINT('',(1.943342108335E-17,-2.4));
#7112 = VECTOR('',#7113,1.);
#7113 = DIRECTION('',(1.,0.));
#7114 = ( GEOMETRIC_REPRESENTATION_CONTEXT(2) 
PARAMETRIC_REPRESENTATION_CONTEXT() REPRESENTATION_CONTEXT('2D SPACE',''
  ) );
#7115 = PCURVE('',#3504,#7116);
#7116 = DEFINITIONAL_REPRESENTATION('',(#7117),#7121);
#7117 = CIRCLE('',#7118,10.05);
#7118 = AXIS2_PLACEMENT_2D('',#7119,#7120);
#7119 = CARTESIAN_POINT('',(20.,-25.));
#7120 = DIRECTION('',(0.904784101404,0.42587055527));
#7121 = ( GEOMETRIC_REPRESENTATION_CONTEXT(2) 
PARAMETRIC_REPRESENTATION_CONTEXT() REPRESENTATION_CONTEXT('2D SPACE',''
  ) );
#7122 = ORIENTED_EDGE('',*,*,#3461,.T.);
#7123 = ORIENTED_EDGE('',*,*,#5406,.T.);
#7124 = ORIENTED_EDGE('',*,*,#6922,.T.);
#7125 = ORIENTED_EDGE('',*,*,#6995,.T.);
#7126 = ORIENTED_EDGE('',*,*,#6972,.F.);
#7127 = ORIENTED_EDGE('',*,*,#5459,.T.);
#7128 = ORIENTED_EDGE('',*,*,#6879,.T.);
#7129 = ORIENTED_EDGE('',*,*,#6617,.T.);
#7130 = ORIENTED_EDGE('',*,*,#6899,.F.);
#7131 = ORIENTED_EDGE('',*,*,#5512,.T.);
#7132 = ORIENTED_EDGE('',*,*,#6836,.T.);
#7133 = ORIENTED_EDGE('',*,*,#6243,.T.);
#7134 = ORIENTED_EDGE('',*,*,#6856,.F.);
#7135 = ORIENTED_EDGE('',*,*,#5565,.T.);
#7136 = ORIENTED_EDGE('',*,*,#6738,.F.);
#7137 = ORIENTED_EDGE('',*,*,#7138,.F.);
#7138 = EDGE_CURVE('',#6272,#6716,#7139,.T.);
#7139 = SURFACE_CURVE('',#7140,(#7145,#7152),.PCURVE_S1.);
#7140 = CIRCLE('',#7141,10.05);
#7141 = AXIS2_PLACEMENT_3D('',#7142,#7143,#7144);
#7142 = CARTESIAN_POINT('',(-5.834698879568E-16,-18.45,
    3.200719010925E-16));
#7143 = DIRECTION('',(-2.157543153397E-33,1.,-1.110223024625E-16));
#7144 = DIRECTION('',(0.904784101404,-4.728112959711E-17,-0.42587055527)
  );
#7145 = PCURVE('',#3477,#7146);
#7146 = DEFINITIONAL_REPRESENTATION('',(#7147),#7151);
#7147 = LINE('',#7148,#7149);
#7148 = CARTESIAN_POINT('',(1.943342108335E-17,-2.4));
#7149 = VECTOR('',#7150,1.);
#7150 = DIRECTION('',(1.,0.));
#7151 = ( GEOMETRIC_REPRESENTATION_CONTEXT(2) 
PARAMETRIC_REPRESENTATION_CONTEXT() REPRESENTATION_CONTEXT('2D SPACE',''
  ) );
#7152 = PCURVE('',#3504,#7153);
#7153 = DEFINITIONAL_REPRESENTATION('',(#7154),#7158);
#7154 = CIRCLE('',#7155,10.05);
#7155 = AXIS2_PLACEMENT_2D('',#7156,#7157);
#7156 = CARTESIAN_POINT('',(20.,-25.));
#7157 = DIRECTION('',(0.904784101404,0.42587055527));
#7158 = ( GEOMETRIC_REPRESENTATION_CONTEXT(2) 
PARAMETRIC_REPRESENTATION_CONTEXT() REPRESENTATION_CONTEXT('2D SPACE',''
  ) );
#7159 = ORIENTED_EDGE('',*,*,#6292,.F.);
#7160 = ORIENTED_EDGE('',*,*,#6368,.F.);
#7161 = ORIENTED_EDGE('',*,*,#6666,.T.);
#7162 = ADVANCED_FACE('',(#7163,#7203,#7206),#3504,.T.);
#7163 = FACE_BOUND('',#7164,.T.);
#7164 = EDGE_LOOP('',(#7165,#7166,#7167,#7168,#7169,#7170,#7171,#7172,
    #7173,#7174,#7175,#7176,#7202));
#7165 = ORIENTED_EDGE('',*,*,#7101,.T.);
#7166 = ORIENTED_EDGE('',*,*,#6645,.T.);
#7167 = ORIENTED_EDGE('',*,*,#6545,.F.);
#7168 = ORIENTED_EDGE('',*,*,#6690,.T.);
#7169 = ORIENTED_EDGE('',*,*,#5859,.F.);
#7170 = ORIENTED_EDGE('',*,*,#5994,.F.);
#7171 = ORIENTED_EDGE('',*,*,#6066,.F.);
#7172 = ORIENTED_EDGE('',*,*,#6141,.F.);
#7173 = ORIENTED_EDGE('',*,*,#6271,.F.);
#7174 = ORIENTED_EDGE('',*,*,#7138,.T.);
#7175 = ORIENTED_EDGE('',*,*,#6715,.T.);
#7176 = ORIENTED_EDGE('',*,*,#7177,.F.);
#7177 = EDGE_CURVE('',#3490,#6718,#7178,.T.);
#7178 = SURFACE_CURVE('',#7179,(#7184,#7195),.PCURVE_S1.);
#7179 = CIRCLE('',#7180,10.7);
#7180 = AXIS2_PLACEMENT_3D('',#7181,#7182,#7183);
#7181 = CARTESIAN_POINT('',(0.,-18.45,0.));
#7182 = DIRECTION('',(0.,-1.,0.));
#7183 = DIRECTION('',(0.,-0.,-1.));
#7184 = PCURVE('',#3504,#7185);
#7185 = DEFINITIONAL_REPRESENTATION('',(#7186),#7194);
#7186 = ( BOUNDED_CURVE() B_SPLINE_CURVE(2,(#7187,#7188,#7189,#7190,
#7191,#7192,#7193),.UNSPECIFIED.,.T.,.F.) B_SPLINE_CURVE_WITH_KNOTS((1,2
    ,2,2,2,1),(-2.094395102393,0.,2.094395102393,4.188790204786,
6.28318530718,8.377580409573),.UNSPECIFIED.) CURVE() 
GEOMETRIC_REPRESENTATION_ITEM() RATIONAL_B_SPLINE_CURVE((1.,0.5,1.,0.5,
1.,0.5,1.)) REPRESENTATION_ITEM('') );
#7187 = CARTESIAN_POINT('',(20.,-14.3));
#7188 = CARTESIAN_POINT('',(38.532943640987,-14.3));
#7189 = CARTESIAN_POINT('',(29.266471820493,-30.35));
#7190 = CARTESIAN_POINT('',(20.,-46.4));
#7191 = CARTESIAN_POINT('',(10.733528179507,-30.35));
#7192 = CARTESIAN_POINT('',(1.467056359013,-14.3));
#7193 = CARTESIAN_POINT('',(20.,-14.3));
#7194 = ( GEOMETRIC_REPRESENTATION_CONTEXT(2) 
PARAMETRIC_REPRESENTATION_CONTEXT() REPRESENTATION_CONTEXT('2D SPACE',''
  ) );
#7195 = PCURVE('',#3530,#7196);
#7196 = DEFINITIONAL_REPRESENTATION('',(#7197),#7201);
#7197 = LINE('',#7198,#7199);
#7198 = CARTESIAN_POINT('',(0.,1.E-02));
#7199 = VECTOR('',#7200,1.);
#7200 = DIRECTION('',(1.,0.));
#7201 = ( GEOMETRIC_REPRESENTATION_CONTEXT(2) 
PARAMETRIC_REPRESENTATION_CONTEXT() REPRESENTATION_CONTEXT('2D SPACE',''
  ) );
#7202 = ORIENTED_EDGE('',*,*,#3489,.T.);
#7203 = FACE_BOUND('',#7204,.T.);
#7204 = EDGE_LOOP('',(#7205));
#7205 = ORIENTED_EDGE('',*,*,#5809,.F.);
#7206 = FACE_BOUND('',#7207,.T.);
#7207 = EDGE_LOOP('',(#7208));
#7208 = ORIENTED_EDGE('',*,*,#7051,.F.);
#7209 = ADVANCED_FACE('',(#7210),#3530,.T.);
#7210 = FACE_BOUND('',#7211,.T.);
#7211 = EDGE_LOOP('',(#7212,#7213,#7214,#7215));
#7212 = ORIENTED_EDGE('',*,*,#3515,.F.);
#7213 = ORIENTED_EDGE('',*,*,#7177,.T.);
#7214 = ORIENTED_EDGE('',*,*,#6813,.T.);
#7215 = ORIENTED_EDGE('',*,*,#7216,.F.);
#7216 = EDGE_CURVE('',#3516,#6793,#7217,.T.);
#7217 = SURFACE_CURVE('',#7218,(#7223,#7230),.PCURVE_S1.);
#7218 = CIRCLE('',#7219,10.7);
#7219 = AXIS2_PLACEMENT_3D('',#7220,#7221,#7222);
#7220 = CARTESIAN_POINT('',(0.,-20.65,0.));
#7221 = DIRECTION('',(0.,-1.,0.));
#7222 = DIRECTION('',(0.,-0.,-1.));
#7223 = PCURVE('',#3530,#7224);
#7224 = DEFINITIONAL_REPRESENTATION('',(#7225),#7229);
#7225 = LINE('',#7226,#7227);
#7226 = CARTESIAN_POINT('',(0.,2.21));
#7227 = VECTOR('',#7228,1.);
#7228 = DIRECTION('',(1.,0.));
#7229 = ( GEOMETRIC_REPRESENTATION_CONTEXT(2) 
PARAMETRIC_REPRESENTATION_CONTEXT() REPRESENTATION_CONTEXT('2D SPACE',''
  ) );
#7230 = PCURVE('',#3556,#7231);
#7231 = DEFINITIONAL_REPRESENTATION('',(#7232),#7236);
#7232 = CIRCLE('',#7233,10.7);
#7233 = AXIS2_PLACEMENT_2D('',#7234,#7235);
#7234 = CARTESIAN_POINT('',(0.,0.));
#7235 = DIRECTION('',(1.,0.));
#7236 = ( GEOMETRIC_REPRESENTATION_CONTEXT(2) 
PARAMETRIC_REPRESENTATION_CONTEXT() REPRESENTATION_CONTEXT('2D SPACE',''
  ) );
#7237 = ADVANCED_FACE('',(#7238),#3556,.F.);
#7238 = FACE_BOUND('',#7239,.F.);
#7239 = EDGE_LOOP('',(#7240,#7241,#7265,#7514,#7515));
#7240 = ORIENTED_EDGE('',*,*,#3541,.T.);
#7241 = ORIENTED_EDGE('',*,*,#7242,.T.);
#7242 = EDGE_CURVE('',#3542,#7243,#7245,.T.);
#7243 = VERTEX_POINT('',#7244);
#7244 = CARTESIAN_POINT('',(20.954313577316,-20.65,12.695146415206));
#7245 = SURFACE_CURVE('',#7246,(#7251,#7258),.PCURVE_S1.);
#7246 = CIRCLE('',#7247,24.5);
#7247 = AXIS2_PLACEMENT_3D('',#7248,#7249,#7250);
#7248 = CARTESIAN_POINT('',(0.,-20.65,0.));
#7249 = DIRECTION('',(0.,-1.,0.));
#7250 = DIRECTION('',(0.,-0.,-1.));
#7251 = PCURVE('',#3556,#7252);
#7252 = DEFINITIONAL_REPRESENTATION('',(#7253),#7257);
#7253 = CIRCLE('',#7254,24.5);
#7254 = AXIS2_PLACEMENT_2D('',#7255,#7256);
#7255 = CARTESIAN_POINT('',(0.,0.));
#7256 = DIRECTION('',(1.,0.));
#7257 = ( GEOMETRIC_REPRESENTATION_CONTEXT(2) 
PARAMETRIC_REPRESENTATION_CONTEXT() REPRESENTATION_CONTEXT('2D SPACE',''
  ) );
#7258 = PCURVE('',#3582,#7259);
#7259 = DEFINITIONAL_REPRESENTATION('',(#7260),#7264);
#7260 = LINE('',#7261,#7262);
#7261 = CARTESIAN_POINT('',(0.,2.21));
#7262 = VECTOR('',#7263,1.);
#7263 = DIRECTION('',(1.,0.));
#7264 = ( GEOMETRIC_REPRESENTATION_CONTEXT(2) 
PARAMETRIC_REPRESENTATION_CONTEXT() REPRESENTATION_CONTEXT('2D SPACE',''
  ) );
#7265 = ORIENTED_EDGE('',*,*,#7266,.T.);
#7266 = EDGE_CURVE('',#7243,#6761,#7267,.T.);
#7267 = SURFACE_CURVE('',#7268,(#7348,#7431),.PCURVE_S1.);
#7268 = B_SPLINE_CURVE_WITH_KNOTS('',8,(#7269,#7270,#7271,#7272,#7273,
    #7274,#7275,#7276,#7277,#7278,#7279,#7280,#7281,#7282,#7283,#7284,
    #7285,#7286,#7287,#7288,#7289,#7290,#7291,#7292,#7293,#7294,#7295,
    #7296,#7297,#7298,#7299,#7300,#7301,#7302,#7303,#7304,#7305,#7306,
    #7307,#7308,#7309,#7310,#7311,#7312,#7313,#7314,#7315,#7316,#7317,
    #7318,#7319,#7320,#7321,#7322,#7323,#7324,#7325,#7326,#7327,#7328,
    #7329,#7330,#7331,#7332,#7333,#7334,#7335,#7336,#7337,#7338,#7339,
    #7340,#7341,#7342,#7343,#7344,#7345,#7346,#7347),.UNSPECIFIED.,.F.,
  .F.,(9,7,7,7,7,7,7,7,7,7,7,9),(0.,7.434532776553E-02,0.304669368455,
    0.350630371036,0.390249857053,0.413468078173,0.470044639652,
    0.582261029707,0.665771778494,0.70378364813,0.817964990596,1.),
  .UNSPECIFIED.);
#7269 = CARTESIAN_POINT('',(24.5,-20.65,12.210500176341));
#7270 = CARTESIAN_POINT('',(24.098799548479,-20.65,12.266335607774));
#7271 = CARTESIAN_POINT('',(23.697672682549,-20.65,12.321883494788));
#7272 = CARTESIAN_POINT('',(23.296595612073,-20.65,12.377155881115));
#7273 = CARTESIAN_POINT('',(22.895544508429,-20.65,12.432164908313));
#7274 = CARTESIAN_POINT('',(22.494495504509,-20.65,12.486922815764));
#7275 = CARTESIAN_POINT('',(22.093424694722,-20.65,12.541441940677));
#7276 = CARTESIAN_POINT('',(21.692308134991,-20.65,12.595734718083));
#7277 = CARTESIAN_POINT('',(20.048234755233,-20.65,12.817351918863));
#7278 = CARTESIAN_POINT('',(18.804682674682,-20.65,12.982837300331));
#7279 = CARTESIAN_POINT('',(17.559748900996,-20.65,13.146642330876));
#7280 = CARTESIAN_POINT('',(16.312727034021,-20.65,13.30914438682));
#7281 = CARTESIAN_POINT('',(15.062928833497,-20.65,13.470721264725));
#7282 = CARTESIAN_POINT('',(13.809692079001,-20.65,13.631746730948));
#7283 = CARTESIAN_POINT('',(12.552388429896,-20.65,13.792586071182));
#7284 = CARTESIAN_POINT('',(11.038608612277,-20.65,13.985720189612));
#7285 = CARTESIAN_POINT('',(10.786600772547,-20.65,14.017855341888));
#7286 = CARTESIAN_POINT('',(10.534403133035,-20.65,14.049999896105));
#7287 = CARTESIAN_POINT('',(10.282011135392,-20.65,14.082156628553));
#7288 = CARTESIAN_POINT('',(10.029420295964,-20.65,14.114328292543));
#7289 = CARTESIAN_POINT('',(9.776626205797,-20.65,14.146517618413));
#7290 = CARTESIAN_POINT('',(9.523624530633,-20.65,14.178727313523));
#7291 = CARTESIAN_POINT('',(9.052134886788,-20.65,14.238745464365));
#7292 = CARTESIAN_POINT('',(8.833701323637,-20.65,14.266547998772));
#7293 = CARTESIAN_POINT('',(8.615107609295,-20.65,14.294369382588));
#7294 = CARTESIAN_POINT('',(8.396351071993,-20.65,14.322211318537));
#7295 = CARTESIAN_POINT('',(8.177429080353,-20.65,14.350075494958));
#7296 = CARTESIAN_POINT('',(7.958339043391,-20.65,14.377963585813));
#7297 = CARTESIAN_POINT('',(7.739078410511,-20.65,14.405877250678));
#7298 = CARTESIAN_POINT('',(7.391049841406,-20.65,14.450192340722));
#7299 = CARTESIAN_POINT('',(7.262396326534,-20.65,14.466572905061));
#7300 = CARTESIAN_POINT('',(7.13368194151,-20.65,14.482966691057));
#7301 = CARTESIAN_POINT('',(7.004905904539,-20.65,14.499375148572));
#7302 = CARTESIAN_POINT('',(6.876068837411,-20.65,14.515794314034));
#7303 = CARTESIAN_POINT('',(6.747172765505,-20.65,14.532214810443));
#7304 = CARTESIAN_POINT('',(6.618221117789,-20.65,14.548621847366));
#7305 = CARTESIAN_POINT('',(6.174874588826,-20.65,14.604892729535));
#7306 = CARTESIAN_POINT('',(5.860225443524,-20.65,14.644607107212));
#7307 = CARTESIAN_POINT('',(5.545315794247,-20.65,14.683938935587));
#7308 = CARTESIAN_POINT('',(5.230190367622,-20.65,14.722689991276));
#7309 = CARTESIAN_POINT('',(4.914894332916,-20.65,14.760662307485));
#7310 = CARTESIAN_POINT('',(4.599473521375,-20.65,14.797657235603));
#7311 = CARTESIAN_POINT('',(4.283974645569,-20.65,14.833474506793));
#7312 = CARTESIAN_POINT('',(3.342611451687,-20.65,14.936214700466));
#7313 = CARTESIAN_POINT('',(2.716696885124,-20.65,14.999082969625));
#7314 = CARTESIAN_POINT('',(2.0910346568,-20.65,15.054939447136));
#7315 = CARTESIAN_POINT('',(1.466030797933,-20.65,15.102160088159));
#7316 = CARTESIAN_POINT('',(0.842171589767,-20.65,15.139049152942));
#7317 = CARTESIAN_POINT('',(0.220029516917,-20.65,15.163818550925));
#7318 = CARTESIAN_POINT('',(-0.399731882493,-20.65,15.174570832966));
#7319 = CARTESIAN_POINT('',(-1.475240866277,-20.65,15.165352766149));
#7320 = CARTESIAN_POINT('',(-1.932355078312,-20.65,15.152538154827));
#7321 = CARTESIAN_POINT('',(-2.38738133149,-20.65,15.130011419954));
#7322 = CARTESIAN_POINT('',(-2.839938854237,-20.65,15.096905765881));
#7323 = CARTESIAN_POINT('',(-3.28958176116,-20.65,15.052320314622));
#7324 = CARTESIAN_POINT('',(-3.735800723585,-20.65,14.995327181364));
#7325 = CARTESIAN_POINT('',(-4.178026227393,-20.65,14.924983489931));
#7326 = CARTESIAN_POINT('',(-4.814820561465,-20.65,14.801824655715));
#7327 = CARTESIAN_POINT('',(-5.012712982158,-20.65,14.760406383898));
#7328 = CARTESIAN_POINT('',(-5.209264816851,-20.65,14.716013605424));
#7329 = CARTESIAN_POINT('',(-5.404446794431,-20.65,14.668596337703));
#7330 = CARTESIAN_POINT('',(-5.598191467363,-20.65,14.618030921436));
#7331 = CARTESIAN_POINT('',(-5.790494789556,-20.65,14.564318634384));
#7332 = CARTESIAN_POINT('',(-5.981276107267,-20.65,14.507306394849));
#7333 = CARTESIAN_POINT('',(-6.739000672919,-20.65,14.265783172428));
#7334 = CARTESIAN_POINT('',(-7.295570728367,-20.65,14.054071148845));
#7335 = CARTESIAN_POINT('',(-7.838549404924,-20.65,13.81067315415));
#7336 = CARTESIAN_POINT('',(-8.366271916459,-20.65,13.534687002647));
#7337 = CARTESIAN_POINT('',(-8.877142073743,-20.65,13.22557145811));
#7338 = CARTESIAN_POINT('',(-9.369677735388,-20.65,12.883233084049));
#7339 = CARTESIAN_POINT('',(-9.842554945822,-20.65,12.508110991413));
#7340 = CARTESIAN_POINT('',(-11.01541007229,-20.65,11.452631464289));
#7341 = CARTESIAN_POINT('',(-11.68371516822,-20.65,10.723028093199));
#7342 = CARTESIAN_POINT('',(-12.29472806518,-20.65,9.916744358374));
#7343 = CARTESIAN_POINT('',(-12.84684982794,-20.65,9.040467314011));
#7344 = CARTESIAN_POINT('',(-13.34083508257,-20.65,8.102298198882));
#7345 = CARTESIAN_POINT('',(-13.77889195238,-20.65,7.110752811213));
#7346 = CARTESIAN_POINT('',(-14.16410539377,-20.65,6.074125432951));
#7347 = CARTESIAN_POINT('',(-14.5,-20.65,5.));
#7348 = PCURVE('',#3556,#7349);
#7349 = DEFINITIONAL_REPRESENTATION('',(#7350),#7430);
#7350 = B_SPLINE_CURVE_WITH_KNOTS('',8,(#7351,#7352,#7353,#7354,#7355,
    #7356,#7357,#7358,#7359,#7360,#7361,#7362,#7363,#7364,#7365,#7366,
    #7367,#7368,#7369,#7370,#7371,#7372,#7373,#7374,#7375,#7376,#7377,
    #7378,#7379,#7380,#7381,#7382,#7383,#7384,#7385,#7386,#7387,#7388,
    #7389,#7390,#7391,#7392,#7393,#7394,#7395,#7396,#7397,#7398,#7399,
    #7400,#7401,#7402,#7403,#7404,#7405,#7406,#7407,#7408,#7409,#7410,
    #7411,#7412,#7413,#7414,#7415,#7416,#7417,#7418,#7419,#7420,#7421,
    #7422,#7423,#7424,#7425,#7426,#7427,#7428,#7429),.UNSPECIFIED.,.F.,
  .F.,(9,7,7,7,7,7,7,7,7,7,7,9),(0.,7.434532776553E-02,0.304669368455,
    0.350630371036,0.390249857053,0.413468078173,0.470044639652,
    0.582261029707,0.665771778494,0.70378364813,0.817964990596,1.),
  .UNSPECIFIED.);
#7351 = CARTESIAN_POINT('',(-12.21050017634,24.5));
#7352 = CARTESIAN_POINT('',(-12.26633560777,24.098799548479));
#7353 = CARTESIAN_POINT('',(-12.32188349478,23.697672682549));
#7354 = CARTESIAN_POINT('',(-12.37715588111,23.296595612073));
#7355 = CARTESIAN_POINT('',(-12.43216490831,22.895544508429));
#7356 = CARTESIAN_POINT('',(-12.48692281576,22.494495504509));
#7357 = CARTESIAN_POINT('',(-12.54144194067,22.093424694722));
#7358 = CARTESIAN_POINT('',(-12.59573471808,21.692308134991));
#7359 = CARTESIAN_POINT('',(-12.81735191886,20.048234755233));
#7360 = CARTESIAN_POINT('',(-12.98283730033,18.804682674682));
#7361 = CARTESIAN_POINT('',(-13.14664233087,17.559748900996));
#7362 = CARTESIAN_POINT('',(-13.30914438682,16.312727034021));
#7363 = CARTESIAN_POINT('',(-13.47072126472,15.062928833497));
#7364 = CARTESIAN_POINT('',(-13.63174673094,13.809692079001));
#7365 = CARTESIAN_POINT('',(-13.79258607118,12.552388429896));
#7366 = CARTESIAN_POINT('',(-13.98572018961,11.038608612277));
#7367 = CARTESIAN_POINT('',(-14.01785534188,10.786600772547));
#7368 = CARTESIAN_POINT('',(-14.0499998961,10.534403133035));
#7369 = CARTESIAN_POINT('',(-14.08215662855,10.282011135392));
#7370 = CARTESIAN_POINT('',(-14.11432829254,10.029420295964));
#7371 = CARTESIAN_POINT('',(-14.14651761841,9.776626205797));
#7372 = CARTESIAN_POINT('',(-14.17872731352,9.523624530633));
#7373 = CARTESIAN_POINT('',(-14.23874546436,9.052134886788));
#7374 = CARTESIAN_POINT('',(-14.26654799877,8.833701323637));
#7375 = CARTESIAN_POINT('',(-14.29436938258,8.615107609295));
#7376 = CARTESIAN_POINT('',(-14.32221131853,8.396351071993));
#7377 = CARTESIAN_POINT('',(-14.35007549495,8.177429080353));
#7378 = CARTESIAN_POINT('',(-14.37796358581,7.958339043391));
#7379 = CARTESIAN_POINT('',(-14.40587725067,7.739078410511));
#7380 = CARTESIAN_POINT('',(-14.45019234072,7.391049841406));
#7381 = CARTESIAN_POINT('',(-14.46657290506,7.262396326534));
#7382 = CARTESIAN_POINT('',(-14.48296669105,7.13368194151));
#7383 = CARTESIAN_POINT('',(-14.49937514857,7.004905904539));
#7384 = CARTESIAN_POINT('',(-14.51579431403,6.876068837411));
#7385 = CARTESIAN_POINT('',(-14.53221481044,6.747172765505));
#7386 = CARTESIAN_POINT('',(-14.54862184736,6.618221117789));
#7387 = CARTESIAN_POINT('',(-14.60489272953,6.174874588826));
#7388 = CARTESIAN_POINT('',(-14.64460710721,5.860225443524));
#7389 = CARTESIAN_POINT('',(-14.68393893558,5.545315794247));
#7390 = CARTESIAN_POINT('',(-14.72268999127,5.230190367622));
#7391 = CARTESIAN_POINT('',(-14.76066230748,4.914894332916));
#7392 = CARTESIAN_POINT('',(-14.7976572356,4.599473521375));
#7393 = CARTESIAN_POINT('',(-14.83347450679,4.283974645569));
#7394 = CARTESIAN_POINT('',(-14.93621470046,3.342611451687));
#7395 = CARTESIAN_POINT('',(-14.99908296962,2.716696885124));
#7396 = CARTESIAN_POINT('',(-15.05493944713,2.0910346568));
#7397 = CARTESIAN_POINT('',(-15.10216008815,1.466030797933));
#7398 = CARTESIAN_POINT('',(-15.13904915294,0.842171589767));
#7399 = CARTESIAN_POINT('',(-15.16381855092,0.220029516917));
#7400 = CARTESIAN_POINT('',(-15.17457083296,-0.399731882493));
#7401 = CARTESIAN_POINT('',(-15.16535276614,-1.475240866277));
#7402 = CARTESIAN_POINT('',(-15.15253815482,-1.932355078312));
#7403 = CARTESIAN_POINT('',(-15.13001141995,-2.38738133149));
#7404 = CARTESIAN_POINT('',(-15.09690576588,-2.839938854237));
#7405 = CARTESIAN_POINT('',(-15.05232031462,-3.28958176116));
#7406 = CARTESIAN_POINT('',(-14.99532718136,-3.735800723585));
#7407 = CARTESIAN_POINT('',(-14.92498348993,-4.178026227393));
#7408 = CARTESIAN_POINT('',(-14.80182465571,-4.814820561465));
#7409 = CARTESIAN_POINT('',(-14.76040638389,-5.012712982158));
#7410 = CARTESIAN_POINT('',(-14.71601360542,-5.209264816851));
#7411 = CARTESIAN_POINT('',(-14.6685963377,-5.404446794431));
#7412 = CARTESIAN_POINT('',(-14.61803092143,-5.598191467363));
#7413 = CARTESIAN_POINT('',(-14.56431863438,-5.790494789556));
#7414 = CARTESIAN_POINT('',(-14.50730639484,-5.981276107267));
#7415 = CARTESIAN_POINT('',(-14.26578317242,-6.739000672919));
#7416 = CARTESIAN_POINT('',(-14.05407114884,-7.295570728367));
#7417 = CARTESIAN_POINT('',(-13.81067315415,-7.838549404924));
#7418 = CARTESIAN_POINT('',(-13.53468700264,-8.366271916459));
#7419 = CARTESIAN_POINT('',(-13.22557145811,-8.877142073743));
#7420 = CARTESIAN_POINT('',(-12.88323308404,-9.369677735388));
#7421 = CARTESIAN_POINT('',(-12.50811099141,-9.842554945822));
#7422 = CARTESIAN_POINT('',(-11.45263146428,-11.01541007229));
#7423 = CARTESIAN_POINT('',(-10.72302809319,-11.68371516822));
#7424 = CARTESIAN_POINT('',(-9.916744358374,-12.29472806518));
#7425 = CARTESIAN_POINT('',(-9.040467314011,-12.84684982794));
#7426 = CARTESIAN_POINT('',(-8.102298198882,-13.34083508257));
#7427 = CARTESIAN_POINT('',(-7.110752811213,-13.77889195238));
#7428 = CARTESIAN_POINT('',(-6.074125432951,-14.16410539377));
#7429 = CARTESIAN_POINT('',(-5.,-14.5));
#7430 = ( GEOMETRIC_REPRESENTATION_CONTEXT(2) 
PARAMETRIC_REPRESENTATION_CONTEXT() REPRESENTATION_CONTEXT('2D SPACE',''
  ) );
#7431 = PCURVE('',#364,#7432);
#7432 = DEFINITIONAL_REPRESENTATION('',(#7433),#7513);
#7433 = B_SPLINE_CURVE_WITH_KNOTS('',8,(#7434,#7435,#7436,#7437,#7438,
    #7439,#7440,#7441,#7442,#7443,#7444,#7445,#7446,#7447,#7448,#7449,
    #7450,#7451,#7452,#7453,#7454,#7455,#7456,#7457,#7458,#7459,#7460,
    #7461,#7462,#7463,#7464,#7465,#7466,#7467,#7468,#7469,#7470,#7471,
    #7472,#7473,#7474,#7475,#7476,#7477,#7478,#7479,#7480,#7481,#7482,
    #7483,#7484,#7485,#7486,#7487,#7488,#7489,#7490,#7491,#7492,#7493,
    #7494,#7495,#7496,#7497,#7498,#7499,#7500,#7501,#7502,#7503,#7504,
    #7505,#7506,#7507,#7508,#7509,#7510,#7511,#7512),.UNSPECIFIED.,.F.,
  .F.,(9,7,7,7,7,7,7,7,7,7,7,9),(0.,7.434532776553E-02,0.304669368455,
    0.350630371036,0.390249857053,0.413468078173,0.470044639652,
    0.582261029707,0.665771778494,0.70378364813,0.817964990596,1.),
  .UNSPECIFIED.);
#7434 = CARTESIAN_POINT('',(43.377697778624,-44.6));
#7435 = CARTESIAN_POINT('',(42.967125838443,-44.6));
#7436 = CARTESIAN_POINT('',(42.556442918776,-44.6));
#7437 = CARTESIAN_POINT('',(42.145674145765,-44.6));
#7438 = CARTESIAN_POINT('',(41.734844655132,-44.6));
#7439 = CARTESIAN_POINT('',(41.323979592174,-44.6));
#7440 = CARTESIAN_POINT('',(40.913104111771,-44.6));
#7441 = CARTESIAN_POINT('',(40.502243378375,-44.6));
#7442 = CARTESIAN_POINT('',(38.818687448097,-44.6));
#7443 = CARTESIAN_POINT('',(37.546338858338,-44.6));
#7444 = CARTESIAN_POINT('',(36.275119051701,-44.6));
#7445 = CARTESIAN_POINT('',(35.005771639435,-44.6));
#7446 = CARTESIAN_POINT('',(33.739033298347,-44.6));
#7447 = CARTESIAN_POINT('',(32.475625480074,-44.6));
#7448 = CARTESIAN_POINT('',(31.216246120349,-44.6));
#7449 = CARTESIAN_POINT('',(29.711189872175,-44.6));
#7450 = CARTESIAN_POINT('',(29.461005484222,-44.6));
#7451 = CARTESIAN_POINT('',(29.211013525068,-44.6));
#7452 = CARTESIAN_POINT('',(28.961219290239,-44.6));
#7453 = CARTESIAN_POINT('',(28.711628030126,-44.6));
#7454 = CARTESIAN_POINT('',(28.462244949993,-44.6));
#7455 = CARTESIAN_POINT('',(28.213075209969,-44.6));
#7456 = CARTESIAN_POINT('',(27.749521949511,-44.6));
#7457 = CARTESIAN_POINT('',(27.535082280379,-44.6));
#7458 = CARTESIAN_POINT('',(27.320808208725,-44.6));
#7459 = CARTESIAN_POINT('',(27.106702992833,-44.6));
#7460 = CARTESIAN_POINT('',(26.892769858204,-44.6));
#7461 = CARTESIAN_POINT('',(26.679011997555,-44.6));
#7462 = CARTESIAN_POINT('',(26.46543257082,-44.6));
#7463 = CARTESIAN_POINT('',(26.126977079986,-44.6));
#7464 = CARTESIAN_POINT('',(26.001980611607,-44.6));
#7465 = CARTESIAN_POINT('',(25.877048543033,-44.6));
#7466 = CARTESIAN_POINT('',(25.752181950007,-44.6));
#7467 = CARTESIAN_POINT('',(25.627379740993,-44.6));
#7468 = CARTESIAN_POINT('',(25.502638657182,-44.6));
#7469 = CARTESIAN_POINT('',(25.377953272486,-44.6));
#7470 = CARTESIAN_POINT('',(24.949608459778,-44.6));
#7471 = CARTESIAN_POINT('',(24.646194042371,-44.6));
#7472 = CARTESIAN_POINT('',(24.34299916911,-44.6));
#7473 = CARTESIAN_POINT('',(24.039952164784,-44.6));
#7474 = CARTESIAN_POINT('',(23.736982903637,-44.6));
#7475 = CARTESIAN_POINT('',(23.43402246184,-44.6));
#7476 = CARTESIAN_POINT('',(23.131002769943,-44.6));
#7477 = CARTESIAN_POINT('',(22.226582424839,-44.6));
#7478 = CARTESIAN_POINT('',(21.624846675245,-44.6));
#7479 = CARTESIAN_POINT('',(21.022083598454,-44.6));
#7480 = CARTESIAN_POINT('',(20.417789784146,-44.6));
#7481 = CARTESIAN_POINT('',(19.81151467123,-44.6));
#7482 = CARTESIAN_POINT('',(19.202852834651,-44.6));
#7483 = CARTESIAN_POINT('',(18.591437717579,-44.6));
#7484 = CARTESIAN_POINT('',(17.51962900407,-44.6));
#7485 = CARTESIAN_POINT('',(17.060646014476,-44.6));
#7486 = CARTESIAN_POINT('',(16.599854538365,-44.6));
#7487 = CARTESIAN_POINT('',(16.137168206571,-44.6));
#7488 = CARTESIAN_POINT('',(15.672547412613,-44.6));
#7489 = CARTESIAN_POINT('',(15.206000217805,-44.6));
#7490 = CARTESIAN_POINT('',(14.737584331407,-44.6));
#7491 = CARTESIAN_POINT('',(14.053399402587,-44.6));
#7492 = CARTESIAN_POINT('',(13.839387994761,-44.6));
#7493 = CARTESIAN_POINT('',(13.625376115331,-44.6));
#7494 = CARTESIAN_POINT('',(13.41136628479,-44.6));
#7495 = CARTESIAN_POINT('',(13.197352663283,-44.6));
#7496 = CARTESIAN_POINT('',(12.98334486993,-44.6));
#7497 = CARTESIAN_POINT('',(12.769331768681,-44.6));
#7498 = CARTESIAN_POINT('',(11.912467982482,-44.6));
#7499 = CARTESIAN_POINT('',(11.267453319184,-44.6));
#7500 = CARTESIAN_POINT('',(10.621352180134,-44.6));
#7501 = CARTESIAN_POINT('',(9.975340568306,-44.6));
#7502 = CARTESIAN_POINT('',(9.330691678791,-44.6));
#7503 = CARTESIAN_POINT('',(8.688772934584,-44.6));
#7504 = CARTESIAN_POINT('',(8.051043644929,-44.6));
#7505 = CARTESIAN_POINT('',(6.411494884804,-44.6));
#7506 = CARTESIAN_POINT('',(5.4180119214,-44.6));
#7507 = CARTESIAN_POINT('',(4.445175988457,-44.6));
#7508 = CARTESIAN_POINT('',(3.497503085525,-44.6));
#7509 = CARTESIAN_POINT('',(2.577892842153,-44.6));
#7510 = CARTESIAN_POINT('',(1.688048229548,-44.6));
#7511 = CARTESIAN_POINT('',(0.828739717004,-44.6));
#7512 = CARTESIAN_POINT('',(0.,-44.6));
#7513 = ( GEOMETRIC_REPRESENTATION_CONTEXT(2) 
PARAMETRIC_REPRESENTATION_CONTEXT() REPRESENTATION_CONTEXT('2D SPACE',''
  ) );
#7514 = ORIENTED_EDGE('',*,*,#6792,.T.);
#7515 = ORIENTED_EDGE('',*,*,#7216,.F.);
#7516 = ADVANCED_FACE('',(#7517),#3582,.F.);
#7517 = FACE_BOUND('',#7518,.F.);
#7518 = EDGE_LOOP('',(#7519,#7520,#7521,#7545));
#7519 = ORIENTED_EDGE('',*,*,#7242,.F.);
#7520 = ORIENTED_EDGE('',*,*,#3567,.F.);
#7521 = ORIENTED_EDGE('',*,*,#7522,.T.);
#7522 = EDGE_CURVE('',#3568,#7523,#7525,.T.);
#7523 = VERTEX_POINT('',#7524);
#7524 = CARTESIAN_POINT('',(20.954313577316,-18.44,12.695146415206));
#7525 = SURFACE_CURVE('',#7526,(#7531,#7538),.PCURVE_S1.);
#7526 = CIRCLE('',#7527,24.5);
#7527 = AXIS2_PLACEMENT_3D('',#7528,#7529,#7530);
#7528 = CARTESIAN_POINT('',(0.,-18.44,0.));
#7529 = DIRECTION('',(0.,-1.,0.));
#7530 = DIRECTION('',(0.,-0.,-1.));
#7531 = PCURVE('',#3582,#7532);
#7532 = DEFINITIONAL_REPRESENTATION('',(#7533),#7537);
#7533 = LINE('',#7534,#7535);
#7534 = CARTESIAN_POINT('',(0.,0.));
#7535 = VECTOR('',#7536,1.);
#7536 = DIRECTION('',(1.,0.));
#7537 = ( GEOMETRIC_REPRESENTATION_CONTEXT(2) 
PARAMETRIC_REPRESENTATION_CONTEXT() REPRESENTATION_CONTEXT('2D SPACE',''
  ) );
#7538 = PCURVE('',#3608,#7539);
#7539 = DEFINITIONAL_REPRESENTATION('',(#7540),#7544);
#7540 = CIRCLE('',#7541,24.5);
#7541 = AXIS2_PLACEMENT_2D('',#7542,#7543);
#7542 = CARTESIAN_POINT('',(0.,0.));
#7543 = DIRECTION('',(1.,0.));
#7544 = ( GEOMETRIC_REPRESENTATION_CONTEXT(2) 
PARAMETRIC_REPRESENTATION_CONTEXT() REPRESENTATION_CONTEXT('2D SPACE',''
  ) );
#7545 = ORIENTED_EDGE('',*,*,#7546,.F.);
#7546 = EDGE_CURVE('',#7243,#7523,#7547,.T.);
#7547 = SURFACE_CURVE('',#7548,(#7554,#7563),.PCURVE_S1.);
#7548 = B_SPLINE_CURVE_WITH_KNOTS('',4,(#7549,#7550,#7551,#7552,#7553),
  .UNSPECIFIED.,.F.,.F.,(5,5),(0.,1.),.PIECEWISE_BEZIER_KNOTS.);
#7549 = CARTESIAN_POINT('',(20.954313577316,-20.6500006,12.695146415206)
  );
#7550 = CARTESIAN_POINT('',(20.954313577316,-20.0975003,12.695146415206)
  );
#7551 = CARTESIAN_POINT('',(20.954313577316,-19.545,12.695146415206));
#7552 = CARTESIAN_POINT('',(20.954313577316,-18.9924997,12.695146415206)
  );
#7553 = CARTESIAN_POINT('',(20.954313577316,-18.4399994,12.695146415206)
  );
#7554 = PCURVE('',#3582,#7555);
#7555 = DEFINITIONAL_REPRESENTATION('',(#7556),#7562);
#7556 = B_SPLINE_CURVE_WITH_KNOTS('',4,(#7557,#7558,#7559,#7560,#7561),
  .UNSPECIFIED.,.F.,.F.,(5,5),(0.,1.),.PIECEWISE_BEZIER_KNOTS.);
#7557 = CARTESIAN_POINT('',(2.11550534424,2.2100006));
#7558 = CARTESIAN_POINT('',(2.11550534424,1.6575003));
#7559 = CARTESIAN_POINT('',(2.11550534424,1.105));
#7560 = CARTESIAN_POINT('',(2.11550534424,0.5524997));
#7561 = CARTESIAN_POINT('',(2.11550534424,-6.E-07));
#7562 = ( GEOMETRIC_REPRESENTATION_CONTEXT(2) 
PARAMETRIC_REPRESENTATION_CONTEXT() REPRESENTATION_CONTEXT('2D SPACE',''
  ) );
#7563 = PCURVE('',#364,#7564);
#7564 = DEFINITIONAL_REPRESENTATION('',(#7565),#7571);
#7565 = B_SPLINE_CURVE_WITH_KNOTS('',4,(#7566,#7567,#7568,#7569,#7570),
  .UNSPECIFIED.,.F.,.F.,(5,5),(0.,1.),.PIECEWISE_BEZIER_KNOTS.);
#7566 = CARTESIAN_POINT('',(39.746563337048,-44.6000006));
#7567 = CARTESIAN_POINT('',(39.746563337048,-44.0475003));
#7568 = CARTESIAN_POINT('',(39.746563337048,-43.495));
#7569 = CARTESIAN_POINT('',(39.746563337048,-42.9424997));
#7570 = CARTESIAN_POINT('',(39.746563337048,-42.3899994));
#7571 = ( GEOMETRIC_REPRESENTATION_CONTEXT(2) 
PARAMETRIC_REPRESENTATION_CONTEXT() REPRESENTATION_CONTEXT('2D SPACE',''
  ) );
#7572 = ADVANCED_FACE('',(#7573),#3608,.T.);
#7573 = FACE_BOUND('',#7574,.T.);
#7574 = EDGE_LOOP('',(#7575,#7596,#7597,#7598));
#7575 = ORIENTED_EDGE('',*,*,#7576,.F.);
#7576 = EDGE_CURVE('',#3594,#7577,#7579,.T.);
#7577 = VERTEX_POINT('',#7578);
#7578 = CARTESIAN_POINT('',(18.664834654149,-18.44,12.999938153623));
#7579 = SURFACE_CURVE('',#7580,(#7584,#7590),.PCURVE_S1.);
#7580 = LINE('',#7581,#7582);
#7581 = CARTESIAN_POINT('',(18.664835465075,-18.44,-25.));
#7582 = VECTOR('',#7583,1.);
#7583 = DIRECTION('',(0.,0.,1.));
#7584 = PCURVE('',#3608,#7585);
#7585 = DEFINITIONAL_REPRESENTATION('',(#7586),#7589);
#7586 = B_SPLINE_CURVE_WITH_KNOTS('',1,(#7587,#7588),.UNSPECIFIED.,.F.,
  .F.,(2,2),(7.9999994,38.032203232672),.PIECEWISE_BEZIER_KNOTS.);
#7587 = CARTESIAN_POINT('',(17.0000006,18.664835465075));
#7588 = CARTESIAN_POINT('',(-13.03220323267,18.664835465075));
#7589 = ( GEOMETRIC_REPRESENTATION_CONTEXT(2) 
PARAMETRIC_REPRESENTATION_CONTEXT() REPRESENTATION_CONTEXT('2D SPACE',''
  ) );
#7590 = PCURVE('',#3213,#7591);
#7591 = DEFINITIONAL_REPRESENTATION('',(#7592),#7595);
#7592 = B_SPLINE_CURVE_WITH_KNOTS('',1,(#7593,#7594),.UNSPECIFIED.,.F.,
  .F.,(2,2),(7.9999994,38.032203232672),.PIECEWISE_BEZIER_KNOTS.);
#7593 = CARTESIAN_POINT('',(8.16723555806E-02,7.9999994));
#7594 = CARTESIAN_POINT('',(8.16723555806E-02,38.032203232672));
#7595 = ( GEOMETRIC_REPRESENTATION_CONTEXT(2) 
PARAMETRIC_REPRESENTATION_CONTEXT() REPRESENTATION_CONTEXT('2D SPACE',''
  ) );
#7596 = ORIENTED_EDGE('',*,*,#3593,.T.);
#7597 = ORIENTED_EDGE('',*,*,#7522,.T.);
#7598 = ORIENTED_EDGE('',*,*,#7599,.T.);
#7599 = EDGE_CURVE('',#7523,#7577,#7600,.T.);
#7600 = SURFACE_CURVE('',#7601,(#7681,#7764),.PCURVE_S1.);
#7601 = B_SPLINE_CURVE_WITH_KNOTS('',8,(#7602,#7603,#7604,#7605,#7606,
    #7607,#7608,#7609,#7610,#7611,#7612,#7613,#7614,#7615,#7616,#7617,
    #7618,#7619,#7620,#7621,#7622,#7623,#7624,#7625,#7626,#7627,#7628,
    #7629,#7630,#7631,#7632,#7633,#7634,#7635,#7636,#7637,#7638,#7639,
    #7640,#7641,#7642,#7643,#7644,#7645,#7646,#7647,#7648,#7649,#7650,
    #7651,#7652,#7653,#7654,#7655,#7656,#7657,#7658,#7659,#7660,#7661,
    #7662,#7663,#7664,#7665,#7666,#7667,#7668,#7669,#7670,#7671,#7672,
    #7673,#7674,#7675,#7676,#7677,#7678,#7679,#7680),.UNSPECIFIED.,.F.,
  .F.,(9,7,7,7,7,7,7,7,7,7,7,9),(0.,7.434532776551E-02,0.304669368455,
    0.350630371036,0.390249857053,0.413468078173,0.470044639652,
    0.582261029707,0.665771778494,0.70378364813,0.817964990596,1.),
  .UNSPECIFIED.);
#7602 = CARTESIAN_POINT('',(24.5,-18.44,12.210500176341));
#7603 = CARTESIAN_POINT('',(24.098799548479,-18.44,12.266335607774));
#7604 = CARTESIAN_POINT('',(23.697672682549,-18.44,12.321883494788));
#7605 = CARTESIAN_POINT('',(23.296595612073,-18.44,12.377155881115));
#7606 = CARTESIAN_POINT('',(22.895544508429,-18.44,12.432164908313));
#7607 = CARTESIAN_POINT('',(22.494495504509,-18.44,12.486922815764));
#7608 = CARTESIAN_POINT('',(22.093424694722,-18.44,12.541441940677));
#7609 = CARTESIAN_POINT('',(21.692308134991,-18.44,12.595734718083));
#7610 = CARTESIAN_POINT('',(20.048234755233,-18.44,12.817351918863));
#7611 = CARTESIAN_POINT('',(18.804682674682,-18.44,12.982837300331));
#7612 = CARTESIAN_POINT('',(17.559748900996,-18.44,13.146642330876));
#7613 = CARTESIAN_POINT('',(16.312727034021,-18.44,13.30914438682));
#7614 = CARTESIAN_POINT('',(15.062928833497,-18.44,13.470721264725));
#7615 = CARTESIAN_POINT('',(13.809692079001,-18.44,13.631746730948));
#7616 = CARTESIAN_POINT('',(12.552388429896,-18.44,13.792586071182));
#7617 = CARTESIAN_POINT('',(11.038608612277,-18.44,13.985720189612));
#7618 = CARTESIAN_POINT('',(10.786600772547,-18.44,14.017855341888));
#7619 = CARTESIAN_POINT('',(10.534403133035,-18.44,14.049999896105));
#7620 = CARTESIAN_POINT('',(10.282011135392,-18.44,14.082156628553));
#7621 = CARTESIAN_POINT('',(10.029420295964,-18.44,14.114328292543));
#7622 = CARTESIAN_POINT('',(9.776626205797,-18.44,14.146517618413));
#7623 = CARTESIAN_POINT('',(9.523624530633,-18.44,14.178727313523));
#7624 = CARTESIAN_POINT('',(9.052134886788,-18.44,14.238745464365));
#7625 = CARTESIAN_POINT('',(8.833701323637,-18.44,14.266547998772));
#7626 = CARTESIAN_POINT('',(8.615107609295,-18.44,14.294369382588));
#7627 = CARTESIAN_POINT('',(8.396351071993,-18.44,14.322211318537));
#7628 = CARTESIAN_POINT('',(8.177429080353,-18.44,14.350075494958));
#7629 = CARTESIAN_POINT('',(7.958339043391,-18.44,14.377963585813));
#7630 = CARTESIAN_POINT('',(7.739078410511,-18.44,14.405877250678));
#7631 = CARTESIAN_POINT('',(7.391049841406,-18.44,14.450192340722));
#7632 = CARTESIAN_POINT('',(7.262396326534,-18.44,14.466572905061));
#7633 = CARTESIAN_POINT('',(7.13368194151,-18.44,14.482966691057));
#7634 = CARTESIAN_POINT('',(7.004905904539,-18.44,14.499375148572));
#7635 = CARTESIAN_POINT('',(6.876068837411,-18.44,14.515794314034));
#7636 = CARTESIAN_POINT('',(6.747172765505,-18.44,14.532214810443));
#7637 = CARTESIAN_POINT('',(6.618221117789,-18.44,14.548621847366));
#7638 = CARTESIAN_POINT('',(6.174874588826,-18.44,14.604892729535));
#7639 = CARTESIAN_POINT('',(5.860225443524,-18.44,14.644607107212));
#7640 = CARTESIAN_POINT('',(5.545315794247,-18.44,14.683938935587));
#7641 = CARTESIAN_POINT('',(5.230190367622,-18.44,14.722689991276));
#7642 = CARTESIAN_POINT('',(4.914894332916,-18.44,14.760662307485));
#7643 = CARTESIAN_POINT('',(4.599473521375,-18.44,14.797657235603));
#7644 = CARTESIAN_POINT('',(4.283974645569,-18.44,14.833474506793));
#7645 = CARTESIAN_POINT('',(3.342611451687,-18.44,14.936214700466));
#7646 = CARTESIAN_POINT('',(2.716696885124,-18.44,14.999082969625));
#7647 = CARTESIAN_POINT('',(2.0910346568,-18.44,15.054939447136));
#7648 = CARTESIAN_POINT('',(1.466030797933,-18.44,15.102160088159));
#7649 = CARTESIAN_POINT('',(0.842171589767,-18.44,15.139049152942));
#7650 = CARTESIAN_POINT('',(0.220029516917,-18.44,15.163818550925));
#7651 = CARTESIAN_POINT('',(-0.399731882493,-18.44,15.174570832966));
#7652 = CARTESIAN_POINT('',(-1.475240866277,-18.44,15.165352766149));
#7653 = CARTESIAN_POINT('',(-1.932355078312,-18.44,15.152538154827));
#7654 = CARTESIAN_POINT('',(-2.38738133149,-18.44,15.130011419954));
#7655 = CARTESIAN_POINT('',(-2.839938854237,-18.44,15.096905765881));
#7656 = CARTESIAN_POINT('',(-3.28958176116,-18.44,15.052320314622));
#7657 = CARTESIAN_POINT('',(-3.735800723585,-18.44,14.995327181364));
#7658 = CARTESIAN_POINT('',(-4.178026227393,-18.44,14.924983489931));
#7659 = CARTESIAN_POINT('',(-4.814820561465,-18.44,14.801824655715));
#7660 = CARTESIAN_POINT('',(-5.012712982158,-18.44,14.760406383898));
#7661 = CARTESIAN_POINT('',(-5.209264816851,-18.44,14.716013605424));
#7662 = CARTESIAN_POINT('',(-5.404446794431,-18.44,14.668596337703));
#7663 = CARTESIAN_POINT('',(-5.598191467363,-18.44,14.618030921436));
#7664 = CARTESIAN_POINT('',(-5.790494789556,-18.44,14.564318634384));
#7665 = CARTESIAN_POINT('',(-5.981276107267,-18.44,14.507306394849));
#7666 = CARTESIAN_POINT('',(-6.739000672919,-18.44,14.265783172428));
#7667 = CARTESIAN_POINT('',(-7.295570728367,-18.44,14.054071148845));
#7668 = CARTESIAN_POINT('',(-7.838549404924,-18.44,13.81067315415));
#7669 = CARTESIAN_POINT('',(-8.366271916459,-18.44,13.534687002647));
#7670 = CARTESIAN_POINT('',(-8.877142073743,-18.44,13.22557145811));
#7671 = CARTESIAN_POINT('',(-9.369677735388,-18.44,12.883233084049));
#7672 = CARTESIAN_POINT('',(-9.842554945822,-18.44,12.508110991413));
#7673 = CARTESIAN_POINT('',(-11.01541007229,-18.44,11.452631464289));
#7674 = CARTESIAN_POINT('',(-11.68371516822,-18.44,10.723028093204));
#7675 = CARTESIAN_POINT('',(-12.29472806518,-18.44,9.916744358362));
#7676 = CARTESIAN_POINT('',(-12.84684982794,-18.44,9.040467314028));
#7677 = CARTESIAN_POINT('',(-13.34083508257,-18.44,8.102298198868));
#7678 = CARTESIAN_POINT('',(-13.77889195238,-18.44,7.110752811219));
#7679 = CARTESIAN_POINT('',(-14.16410539377,-18.44,6.07412543295));
#7680 = CARTESIAN_POINT('',(-14.5,-18.44,5.));
#7681 = PCURVE('',#3608,#7682);
#7682 = DEFINITIONAL_REPRESENTATION('',(#7683),#7763);
#7683 = B_SPLINE_CURVE_WITH_KNOTS('',8,(#7684,#7685,#7686,#7687,#7688,
    #7689,#7690,#7691,#7692,#7693,#7694,#7695,#7696,#7697,#7698,#7699,
    #7700,#7701,#7702,#7703,#7704,#7705,#7706,#7707,#7708,#7709,#7710,
    #7711,#7712,#7713,#7714,#7715,#7716,#7717,#7718,#7719,#7720,#7721,
    #7722,#7723,#7724,#7725,#7726,#7727,#7728,#7729,#7730,#7731,#7732,
    #7733,#7734,#7735,#7736,#7737,#7738,#7739,#7740,#7741,#7742,#7743,
    #7744,#7745,#7746,#7747,#7748,#7749,#7750,#7751,#7752,#7753,#7754,
    #7755,#7756,#7757,#7758,#7759,#7760,#7761,#7762),.UNSPECIFIED.,.F.,
  .F.,(9,7,7,7,7,7,7,7,7,7,7,9),(0.,7.434532776551E-02,0.304669368455,
    0.350630371036,0.390249857053,0.413468078173,0.470044639652,
    0.582261029707,0.665771778494,0.70378364813,0.817964990596,1.),
  .UNSPECIFIED.);
#7684 = CARTESIAN_POINT('',(-12.21050017634,24.5));
#7685 = CARTESIAN_POINT('',(-12.26633560777,24.098799548479));
#7686 = CARTESIAN_POINT('',(-12.32188349478,23.697672682549));
#7687 = CARTESIAN_POINT('',(-12.37715588111,23.296595612073));
#7688 = CARTESIAN_POINT('',(-12.43216490831,22.895544508429));
#7689 = CARTESIAN_POINT('',(-12.48692281576,22.494495504509));
#7690 = CARTESIAN_POINT('',(-12.54144194067,22.093424694722));
#7691 = CARTESIAN_POINT('',(-12.59573471808,21.692308134991));
#7692 = CARTESIAN_POINT('',(-12.81735191886,20.048234755233));
#7693 = CARTESIAN_POINT('',(-12.98283730033,18.804682674682));
#7694 = CARTESIAN_POINT('',(-13.14664233087,17.559748900996));
#7695 = CARTESIAN_POINT('',(-13.30914438682,16.312727034021));
#7696 = CARTESIAN_POINT('',(-13.47072126472,15.062928833497));
#7697 = CARTESIAN_POINT('',(-13.63174673094,13.809692079001));
#7698 = CARTESIAN_POINT('',(-13.79258607118,12.552388429896));
#7699 = CARTESIAN_POINT('',(-13.98572018961,11.038608612277));
#7700 = CARTESIAN_POINT('',(-14.01785534188,10.786600772547));
#7701 = CARTESIAN_POINT('',(-14.0499998961,10.534403133035));
#7702 = CARTESIAN_POINT('',(-14.08215662855,10.282011135392));
#7703 = CARTESIAN_POINT('',(-14.11432829254,10.029420295964));
#7704 = CARTESIAN_POINT('',(-14.14651761841,9.776626205797));
#7705 = CARTESIAN_POINT('',(-14.17872731352,9.523624530633));
#7706 = CARTESIAN_POINT('',(-14.23874546436,9.052134886788));
#7707 = CARTESIAN_POINT('',(-14.26654799877,8.833701323637));
#7708 = CARTESIAN_POINT('',(-14.29436938258,8.615107609295));
#7709 = CARTESIAN_POINT('',(-14.32221131853,8.396351071993));
#7710 = CARTESIAN_POINT('',(-14.35007549495,8.177429080353));
#7711 = CARTESIAN_POINT('',(-14.37796358581,7.958339043391));
#7712 = CARTESIAN_POINT('',(-14.40587725067,7.739078410511));
#7713 = CARTESIAN_POINT('',(-14.45019234072,7.391049841406));
#7714 = CARTESIAN_POINT('',(-14.46657290506,7.262396326534));
#7715 = CARTESIAN_POINT('',(-14.48296669105,7.13368194151));
#7716 = CARTESIAN_POINT('',(-14.49937514857,7.004905904539));
#7717 = CARTESIAN_POINT('',(-14.51579431403,6.876068837411));
#7718 = CARTESIAN_POINT('',(-14.53221481044,6.747172765505));
#7719 = CARTESIAN_POINT('',(-14.54862184736,6.618221117789));
#7720 = CARTESIAN_POINT('',(-14.60489272953,6.174874588826));
#7721 = CARTESIAN_POINT('',(-14.64460710721,5.860225443524));
#7722 = CARTESIAN_POINT('',(-14.68393893558,5.545315794247));
#7723 = CARTESIAN_POINT('',(-14.72268999127,5.230190367622));
#7724 = CARTESIAN_POINT('',(-14.76066230748,4.914894332916));
#7725 = CARTESIAN_POINT('',(-14.7976572356,4.599473521375));
#7726 = CARTESIAN_POINT('',(-14.83347450679,4.283974645569));
#7727 = CARTESIAN_POINT('',(-14.93621470046,3.342611451687));
#7728 = CARTESIAN_POINT('',(-14.99908296962,2.716696885124));
#7729 = CARTESIAN_POINT('',(-15.05493944713,2.0910346568));
#7730 = CARTESIAN_POINT('',(-15.10216008815,1.466030797933));
#7731 = CARTESIAN_POINT('',(-15.13904915294,0.842171589767));
#7732 = CARTESIAN_POINT('',(-15.16381855092,0.220029516917));
#7733 = CARTESIAN_POINT('',(-15.17457083296,-0.399731882493));
#7734 = CARTESIAN_POINT('',(-15.16535276614,-1.475240866277));
#7735 = CARTESIAN_POINT('',(-15.15253815482,-1.932355078312));
#7736 = CARTESIAN_POINT('',(-15.13001141995,-2.38738133149));
#7737 = CARTESIAN_POINT('',(-15.09690576588,-2.839938854237));
#7738 = CARTESIAN_POINT('',(-15.05232031462,-3.28958176116));
#7739 = CARTESIAN_POINT('',(-14.99532718136,-3.735800723585));
#7740 = CARTESIAN_POINT('',(-14.92498348993,-4.178026227393));
#7741 = CARTESIAN_POINT('',(-14.80182465571,-4.814820561465));
#7742 = CARTESIAN_POINT('',(-14.76040638389,-5.012712982158));
#7743 = CARTESIAN_POINT('',(-14.71601360542,-5.209264816851));
#7744 = CARTESIAN_POINT('',(-14.6685963377,-5.404446794431));
#7745 = CARTESIAN_POINT('',(-14.61803092143,-5.598191467363));
#7746 = CARTESIAN_POINT('',(-14.56431863438,-5.790494789556));
#7747 = CARTESIAN_POINT('',(-14.50730639484,-5.981276107267));
#7748 = CARTESIAN_POINT('',(-14.26578317242,-6.739000672919));
#7749 = CARTESIAN_POINT('',(-14.05407114884,-7.295570728367));
#7750 = CARTESIAN_POINT('',(-13.81067315415,-7.838549404924));
#7751 = CARTESIAN_POINT('',(-13.53468700264,-8.366271916459));
#7752 = CARTESIAN_POINT('',(-13.22557145811,-8.877142073743));
#7753 = CARTESIAN_POINT('',(-12.88323308404,-9.369677735388));
#7754 = CARTESIAN_POINT('',(-12.50811099141,-9.842554945822));
#7755 = CARTESIAN_POINT('',(-11.45263146428,-11.01541007229));
#7756 = CARTESIAN_POINT('',(-10.7230280932,-11.68371516822));
#7757 = CARTESIAN_POINT('',(-9.916744358362,-12.29472806518));
#7758 = CARTESIAN_POINT('',(-9.040467314028,-12.84684982794));
#7759 = CARTESIAN_POINT('',(-8.102298198868,-13.34083508257));
#7760 = CARTESIAN_POINT('',(-7.110752811219,-13.77889195238));
#7761 = CARTESIAN_POINT('',(-6.07412543295,-14.16410539377));
#7762 = CARTESIAN_POINT('',(-5.,-14.5));
#7763 = ( GEOMETRIC_REPRESENTATION_CONTEXT(2) 
PARAMETRIC_REPRESENTATION_CONTEXT() REPRESENTATION_CONTEXT('2D SPACE',''
  ) );
#7764 = PCURVE('',#364,#7765);
#7765 = DEFINITIONAL_REPRESENTATION('',(#7766),#7846);
#7766 = B_SPLINE_CURVE_WITH_KNOTS('',8,(#7767,#7768,#7769,#7770,#7771,
    #7772,#7773,#7774,#7775,#7776,#7777,#7778,#7779,#7780,#7781,#7782,
    #7783,#7784,#7785,#7786,#7787,#7788,#7789,#7790,#7791,#7792,#7793,
    #7794,#7795,#7796,#7797,#7798,#7799,#7800,#7801,#7802,#7803,#7804,
    #7805,#7806,#7807,#7808,#7809,#7810,#7811,#7812,#7813,#7814,#7815,
    #7816,#7817,#7818,#7819,#7820,#7821,#7822,#7823,#7824,#7825,#7826,
    #7827,#7828,#7829,#7830,#7831,#7832,#7833,#7834,#7835,#7836,#7837,
    #7838,#7839,#7840,#7841,#7842,#7843,#7844,#7845),.UNSPECIFIED.,.F.,
  .F.,(9,7,7,7,7,7,7,7,7,7,7,9),(0.,7.434532776551E-02,0.304669368455,
    0.350630371036,0.390249857053,0.413468078173,0.470044639652,
    0.582261029707,0.665771778494,0.70378364813,0.817964990596,1.),
  .UNSPECIFIED.);
#7767 = CARTESIAN_POINT('',(43.377697778624,-42.39));
#7768 = CARTESIAN_POINT('',(42.967125838443,-42.39));
#7769 = CARTESIAN_POINT('',(42.556442918776,-42.39));
#7770 = CARTESIAN_POINT('',(42.145674145765,-42.39));
#7771 = CARTESIAN_POINT('',(41.734844655132,-42.39));
#7772 = CARTESIAN_POINT('',(41.323979592174,-42.39));
#7773 = CARTESIAN_POINT('',(40.913104111771,-42.39));
#7774 = CARTESIAN_POINT('',(40.502243378375,-42.39));
#7775 = CARTESIAN_POINT('',(38.818687448097,-42.39));
#7776 = CARTESIAN_POINT('',(37.546338858338,-42.39));
#7777 = CARTESIAN_POINT('',(36.275119051701,-42.39));
#7778 = CARTESIAN_POINT('',(35.005771639435,-42.39));
#7779 = CARTESIAN_POINT('',(33.739033298347,-42.39));
#7780 = CARTESIAN_POINT('',(32.475625480074,-42.39));
#7781 = CARTESIAN_POINT('',(31.216246120349,-42.39));
#7782 = CARTESIAN_POINT('',(29.711189872175,-42.39));
#7783 = CARTESIAN_POINT('',(29.461005484222,-42.39));
#7784 = CARTESIAN_POINT('',(29.211013525068,-42.39));
#7785 = CARTESIAN_POINT('',(28.961219290239,-42.39));
#7786 = CARTESIAN_POINT('',(28.711628030126,-42.39));
#7787 = CARTESIAN_POINT('',(28.462244949993,-42.39));
#7788 = CARTESIAN_POINT('',(28.213075209969,-42.39));
#7789 = CARTESIAN_POINT('',(27.749521949511,-42.39));
#7790 = CARTESIAN_POINT('',(27.535082280379,-42.39));
#7791 = CARTESIAN_POINT('',(27.320808208725,-42.39));
#7792 = CARTESIAN_POINT('',(27.106702992833,-42.39));
#7793 = CARTESIAN_POINT('',(26.892769858204,-42.39));
#7794 = CARTESIAN_POINT('',(26.679011997555,-42.39));
#7795 = CARTESIAN_POINT('',(26.46543257082,-42.39));
#7796 = CARTESIAN_POINT('',(26.126977079986,-42.39));
#7797 = CARTESIAN_POINT('',(26.001980611607,-42.39));
#7798 = CARTESIAN_POINT('',(25.877048543033,-42.39));
#7799 = CARTESIAN_POINT('',(25.752181950007,-42.39));
#7800 = CARTESIAN_POINT('',(25.627379740993,-42.39));
#7801 = CARTESIAN_POINT('',(25.502638657182,-42.39));
#7802 = CARTESIAN_POINT('',(25.377953272486,-42.39));
#7803 = CARTESIAN_POINT('',(24.949608459778,-42.39));
#7804 = CARTESIAN_POINT('',(24.646194042371,-42.39));
#7805 = CARTESIAN_POINT('',(24.34299916911,-42.39));
#7806 = CARTESIAN_POINT('',(24.039952164784,-42.39));
#7807 = CARTESIAN_POINT('',(23.736982903637,-42.39));
#7808 = CARTESIAN_POINT('',(23.43402246184,-42.39));
#7809 = CARTESIAN_POINT('',(23.131002769943,-42.39));
#7810 = CARTESIAN_POINT('',(22.226582424839,-42.39));
#7811 = CARTESIAN_POINT('',(21.624846675245,-42.39));
#7812 = CARTESIAN_POINT('',(21.022083598454,-42.39));
#7813 = CARTESIAN_POINT('',(20.417789784146,-42.39));
#7814 = CARTESIAN_POINT('',(19.81151467123,-42.39));
#7815 = CARTESIAN_POINT('',(19.202852834651,-42.39));
#7816 = CARTESIAN_POINT('',(18.591437717579,-42.39));
#7817 = CARTESIAN_POINT('',(17.51962900407,-42.39));
#7818 = CARTESIAN_POINT('',(17.060646014476,-42.39));
#7819 = CARTESIAN_POINT('',(16.599854538365,-42.39));
#7820 = CARTESIAN_POINT('',(16.137168206571,-42.39));
#7821 = CARTESIAN_POINT('',(15.672547412613,-42.39));
#7822 = CARTESIAN_POINT('',(15.206000217805,-42.39));
#7823 = CARTESIAN_POINT('',(14.737584331407,-42.39));
#7824 = CARTESIAN_POINT('',(14.053399402587,-42.39));
#7825 = CARTESIAN_POINT('',(13.839387994761,-42.39));
#7826 = CARTESIAN_POINT('',(13.625376115331,-42.39));
#7827 = CARTESIAN_POINT('',(13.41136628479,-42.39));
#7828 = CARTESIAN_POINT('',(13.197352663283,-42.39));
#7829 = CARTESIAN_POINT('',(12.98334486993,-42.39));
#7830 = CARTESIAN_POINT('',(12.769331768681,-42.39));
#7831 = CARTESIAN_POINT('',(11.912467982482,-42.39));
#7832 = CARTESIAN_POINT('',(11.267453319184,-42.39));
#7833 = CARTESIAN_POINT('',(10.621352180134,-42.39));
#7834 = CARTESIAN_POINT('',(9.975340568306,-42.39));
#7835 = CARTESIAN_POINT('',(9.330691678791,-42.39));
#7836 = CARTESIAN_POINT('',(8.688772934584,-42.39));
#7837 = CARTESIAN_POINT('',(8.051043644929,-42.39));
#7838 = CARTESIAN_POINT('',(6.411494884803,-42.39));
#7839 = CARTESIAN_POINT('',(5.418011921405,-42.39));
#7840 = CARTESIAN_POINT('',(4.445175988448,-42.39));
#7841 = CARTESIAN_POINT('',(3.497503085537,-42.39));
#7842 = CARTESIAN_POINT('',(2.577892842144,-42.39));
#7843 = CARTESIAN_POINT('',(1.688048229552,-42.39));
#7844 = CARTESIAN_POINT('',(0.828739717003,-42.39));
#7845 = CARTESIAN_POINT('',(0.,-42.39));
#7846 = ( GEOMETRIC_REPRESENTATION_CONTEXT(2) 
PARAMETRIC_REPRESENTATION_CONTEXT() REPRESENTATION_CONTEXT('2D SPACE',''
  ) );
#7847 = ADVANCED_FACE('',(#7848),#3213,.F.);
#7848 = FACE_BOUND('',#7849,.F.);
#7849 = EDGE_LOOP('',(#7850,#7851,#7852,#7882));
#7850 = ORIENTED_EDGE('',*,*,#3619,.F.);
#7851 = ORIENTED_EDGE('',*,*,#3197,.T.);
#7852 = ORIENTED_EDGE('',*,*,#7853,.T.);
#7853 = EDGE_CURVE('',#3198,#7577,#7854,.T.);
#7854 = SURFACE_CURVE('',#7855,(#7862,#7872),.PCURVE_S1.);
#7855 = B_SPLINE_CURVE_WITH_KNOTS('',5,(#7856,#7857,#7858,#7859,#7860,
    #7861),.UNSPECIFIED.,.F.,.F.,(6,6),(0.,1.),
  .PIECEWISE_BEZIER_KNOTS.);
#7856 = CARTESIAN_POINT('',(19.538132452895,-18.23387906327,
    12.884334510196));
#7857 = CARTESIAN_POINT('',(19.325253859726,-18.31937385311,
    12.912608812478));
#7858 = CARTESIAN_POINT('',(19.104404970146,-18.38443851796,
    12.941882641448));
#7859 = CARTESIAN_POINT('',(18.878159237433,-18.42813573495,
    12.971807249138));
#7860 = CARTESIAN_POINT('',(18.649158597879,-18.45,13.002031083469));
#7861 = CARTESIAN_POINT('',(18.420090700065,-18.45,13.032202632672));
#7862 = PCURVE('',#3213,#7863);
#7863 = DEFINITIONAL_REPRESENTATION('',(#7864),#7871);
#7864 = B_SPLINE_CURVE_WITH_KNOTS('',5,(#7865,#7866,#7867,#7868,#7869,
    #7870),.UNSPECIFIED.,.F.,.F.,(6,6),(0.,1.),
  .PIECEWISE_BEZIER_KNOTS.);
#7865 = CARTESIAN_POINT('',(0.381896037141,37.884334510196));
#7866 = CARTESIAN_POINT('',(0.305427703448,37.912608812478));
#7867 = CARTESIAN_POINT('',(0.229031991353,37.941882641448));
#7868 = CARTESIAN_POINT('',(0.152689596075,37.971807249139));
#7869 = CARTESIAN_POINT('',(7.63559659381E-02,38.002031083469));
#7870 = CARTESIAN_POINT('',(0.,38.032202632672));
#7871 = ( GEOMETRIC_REPRESENTATION_CONTEXT(2) 
PARAMETRIC_REPRESENTATION_CONTEXT() REPRESENTATION_CONTEXT('2D SPACE',''
  ) );
#7872 = PCURVE('',#364,#7873);
#7873 = DEFINITIONAL_REPRESENTATION('',(#7874),#7881);
#7874 = B_SPLINE_CURVE_WITH_KNOTS('',5,(#7875,#7876,#7877,#7878,#7879,
    #7880),.UNSPECIFIED.,.F.,.F.,(6,6),(0.,1.),
  .PIECEWISE_BEZIER_KNOTS.);
#7875 = CARTESIAN_POINT('',(38.2977148967,-42.18387906327));
#7876 = CARTESIAN_POINT('',(38.080113633703,-42.26937385311));
#7877 = CARTESIAN_POINT('',(37.854449131631,-42.33443851796));
#7878 = CARTESIAN_POINT('',(37.623374418548,-42.37813573495));
#7879 = CARTESIAN_POINT('',(37.389609854357,-42.4));
#7880 = CARTESIAN_POINT('',(37.155909718857,-42.4));
#7881 = ( GEOMETRIC_REPRESENTATION_CONTEXT(2) 
PARAMETRIC_REPRESENTATION_CONTEXT() REPRESENTATION_CONTEXT('2D SPACE',''
  ) );
#7882 = ORIENTED_EDGE('',*,*,#7576,.F.);
#7883 = ADVANCED_FACE('',(#7884),#2650,.T.);
#7884 = FACE_BOUND('',#7885,.F.);
#7885 = EDGE_LOOP('',(#7886,#7909,#7910));
#7886 = ORIENTED_EDGE('',*,*,#7887,.T.);
#7887 = EDGE_CURVE('',#7888,#2617,#7890,.T.);
#7888 = VERTEX_POINT('',#7889);
#7889 = CARTESIAN_POINT('',(36.11738246168,16.05,-17.));
#7890 = SURFACE_CURVE('',#7891,(#7895,#7902),.PCURVE_S1.);
#7891 = LINE('',#7892,#7893);
#7892 = CARTESIAN_POINT('',(54.287046084247,16.05,-25.55223331622));
#7893 = VECTOR('',#7894,1.);
#7894 = DIRECTION('',(-0.904784101404,-4.728112959711E-17,0.42587055527)
  );
#7895 = PCURVE('',#2650,#7896);
#7896 = DEFINITIONAL_REPRESENTATION('',(#7897),#7901);
#7897 = LINE('',#7898,#7899);
#7898 = CARTESIAN_POINT('',(-63.17743327707,-16.6618461234));
#7899 = VECTOR('',#7900,1.);
#7900 = DIRECTION('',(0.904784101404,0.42587055527));
#7901 = ( GEOMETRIC_REPRESENTATION_CONTEXT(2) 
PARAMETRIC_REPRESENTATION_CONTEXT() REPRESENTATION_CONTEXT('2D SPACE',''
  ) );
#7902 = PCURVE('',#79,#7903);
#7903 = DEFINITIONAL_REPRESENTATION('',(#7904),#7908);
#7904 = LINE('',#7905,#7906);
#7905 = CARTESIAN_POINT('',(-0.,-0.));
#7906 = VECTOR('',#7907,1.);
#7907 = DIRECTION('',(-1.,0.));
#7908 = ( GEOMETRIC_REPRESENTATION_CONTEXT(2) 
PARAMETRIC_REPRESENTATION_CONTEXT() REPRESENTATION_CONTEXT('2D SPACE',''
  ) );
#7909 = ORIENTED_EDGE('',*,*,#2637,.F.);
#7910 = ORIENTED_EDGE('',*,*,#7911,.F.);
#7911 = EDGE_CURVE('',#7888,#2439,#7912,.T.);
#7912 = SURFACE_CURVE('',#7913,(#7917,#7923),.PCURVE_S1.);
#7913 = LINE('',#7914,#7915);
#7914 = CARTESIAN_POINT('',(53.554806403589,16.05,-17.));
#7915 = VECTOR('',#7916,1.);
#7916 = DIRECTION('',(-1.,0.,0.));
#7917 = PCURVE('',#2650,#7918);
#7918 = DEFINITIONAL_REPRESENTATION('',(#7919),#7922);
#7919 = B_SPLINE_CURVE_WITH_KNOTS('',1,(#7920,#7921),.UNSPECIFIED.,.F.,
  .F.,(2,2),(-0.732239680658,68.054806403589),.PIECEWISE_BEZIER_KNOTS.);
#7920 = CARTESIAN_POINT('',(-63.17743327707,-8.109612807177));
#7921 = CARTESIAN_POINT('',(5.609612807177,-8.109612807177));
#7922 = ( GEOMETRIC_REPRESENTATION_CONTEXT(2) 
PARAMETRIC_REPRESENTATION_CONTEXT() REPRESENTATION_CONTEXT('2D SPACE',''
  ) );
#7923 = PCURVE('',#2453,#7924);
#7924 = DEFINITIONAL_REPRESENTATION('',(#7925),#7928);
#7925 = B_SPLINE_CURVE_WITH_KNOTS('',1,(#7926,#7927),.UNSPECIFIED.,.F.,
  .F.,(2,2),(-0.732239680658,68.054806403589),.PIECEWISE_BEZIER_KNOTS.);
#7926 = CARTESIAN_POINT('',(61.712953915753,-7.9));
#7927 = CARTESIAN_POINT('',(130.5,-7.9));
#7928 = ( GEOMETRIC_REPRESENTATION_CONTEXT(2) 
PARAMETRIC_REPRESENTATION_CONTEXT() REPRESENTATION_CONTEXT('2D SPACE',''
  ) );
#7929 = ADVANCED_FACE('',(#7930,#8397,#8432,#8467),#2453,.T.);
#7930 = FACE_BOUND('',#7931,.T.);
#7931 = EDGE_LOOP('',(#7932,#7953,#8385,#8386,#8387,#8388,#8389,#8390,
    #8391,#8392,#8393,#8394,#8395,#8396));
#7932 = ORIENTED_EDGE('',*,*,#7933,.F.);
#7933 = EDGE_CURVE('',#7934,#7888,#7936,.T.);
#7934 = VERTEX_POINT('',#7935);
#7935 = CARTESIAN_POINT('',(36.11738246168,20.296784596761,-17.));
#7936 = SURFACE_CURVE('',#7937,(#7941,#7947),.PCURVE_S1.);
#7937 = LINE('',#7938,#7939);
#7938 = CARTESIAN_POINT('',(36.11738246168,20.,-17.));
#7939 = VECTOR('',#7940,1.);
#7940 = DIRECTION('',(-4.7174528939E-16,-1.,1.110223024625E-16));
#7941 = PCURVE('',#2453,#7942);
#7942 = DEFINITIONAL_REPRESENTATION('',(#7943),#7946);
#7943 = B_SPLINE_CURVE_WITH_KNOTS('',1,(#7944,#7945),.UNSPECIFIED.,.F.,
  .F.,(2,2),(-3.95,3.95),.PIECEWISE_BEZIER_KNOTS.);
#7944 = CARTESIAN_POINT('',(79.88261753832,0.));
#7945 = CARTESIAN_POINT('',(79.88261753832,-7.9));
#7946 = ( GEOMETRIC_REPRESENTATION_CONTEXT(2) 
PARAMETRIC_REPRESENTATION_CONTEXT() REPRESENTATION_CONTEXT('2D SPACE',''
  ) );
#7947 = PCURVE('',#79,#7948);
#7948 = DEFINITIONAL_REPRESENTATION('',(#7949),#7952);
#7949 = B_SPLINE_CURVE_WITH_KNOTS('',1,(#7950,#7951),.UNSPECIFIED.,.F.,
  .F.,(2,2),(-3.95,3.95),.PIECEWISE_BEZIER_KNOTS.);
#7950 = CARTESIAN_POINT('',(-20.08176712474,-7.9));
#7951 = CARTESIAN_POINT('',(-20.08176712474,1.33226762955E-15));
#7952 = ( GEOMETRIC_REPRESENTATION_CONTEXT(2) 
PARAMETRIC_REPRESENTATION_CONTEXT() REPRESENTATION_CONTEXT('2D SPACE',''
  ) );
#7953 = ORIENTED_EDGE('',*,*,#7954,.T.);
#7954 = EDGE_CURVE('',#7934,#5150,#7955,.T.);
#7955 = SURFACE_CURVE('',#7956,(#8097,#8241),.PCURVE_S1.);
#7956 = B_SPLINE_CURVE_WITH_KNOTS('',7,(#7957,#7958,#7959,#7960,#7961,
    #7962,#7963,#7964,#7965,#7966,#7967,#7968,#7969,#7970,#7971,#7972,
    #7973,#7974,#7975,#7976,#7977,#7978,#7979,#7980,#7981,#7982,#7983,
    #7984,#7985,#7986,#7987,#7988,#7989,#7990,#7991,#7992,#7993,#7994,
    #7995,#7996,#7997,#7998,#7999,#8000,#8001,#8002,#8003,#8004,#8005,
    #8006,#8007,#8008,#8009,#8010,#8011,#8012,#8013,#8014,#8015,#8016,
    #8017,#8018,#8019,#8020,#8021,#8022,#8023,#8024,#8025,#8026,#8027,
    #8028,#8029,#8030,#8031,#8032,#8033,#8034,#8035,#8036,#8037,#8038,
    #8039,#8040,#8041,#8042,#8043,#8044,#8045,#8046,#8047,#8048,#8049,
    #8050,#8051,#8052,#8053,#8054,#8055,#8056,#8057,#8058,#8059,#8060,
    #8061,#8062,#8063,#8064,#8065,#8066,#8067,#8068,#8069,#8070,#8071,
    #8072,#8073,#8074,#8075,#8076,#8077,#8078,#8079,#8080,#8081,#8082,
    #8083,#8084,#8085,#8086,#8087,#8088,#8089,#8090,#8091,#8092,#8093,
    #8094,#8095,#8096),.UNSPECIFIED.,.F.,.F.,(8,6,6,6,6,6,6,6,6,6,6,6,6,
    6,6,6,6,6,6,6,6,6,6,8),(0.,0.213499067715,0.238301174827,
    0.263097979709,0.28681219048,0.334231546048,0.440944657124,
    0.479806798193,0.606385540566,0.670003649057,0.70110927914,
    0.717139885722,0.724610409377,0.733148162187,0.755531136631,
    0.773630615198,0.813095861577,0.873561995117,0.904431823564,
    0.920096865072,0.92799685975,0.935920791965,0.976407324348,1.),
  .UNSPECIFIED.);
#7957 = CARTESIAN_POINT('',(19.,23.95,-17.));
#7958 = CARTESIAN_POINT('',(21.977985815069,23.495137513764,-17.));
#7959 = CARTESIAN_POINT('',(24.941851348349,22.954252318609,-17.));
#7960 = CARTESIAN_POINT('',(27.891810370764,22.339107872749,-17.));
#7961 = CARTESIAN_POINT('',(30.828612634713,21.661588114536,-17.));
#7962 = CARTESIAN_POINT('',(33.75349999409,20.933457613507,-17.));
#7963 = CARTESIAN_POINT('',(36.668186543222,20.166266353025,-17.));
#7964 = CARTESIAN_POINT('',(39.912530269031,19.279059717173,-17.));
#7965 = CARTESIAN_POINT('',(40.250088013575,19.186347243112,-17.));
#7966 = CARTESIAN_POINT('',(40.587539112895,19.09327966627,-17.));
#7967 = CARTESIAN_POINT('',(40.924886708551,18.999874917515,-17.));
#7968 = CARTESIAN_POINT('',(41.262133979125,18.90615091462,-17.));
#7969 = CARTESIAN_POINT('',(41.599284140221,18.812125562263,-17.));
#7970 = CARTESIAN_POINT('',(42.273324692344,18.623528103259,-17.));
#7971 = CARTESIAN_POINT('',(42.610214396237,18.528954438387,-17.));
#7972 = CARTESIAN_POINT('',(42.947019058885,18.434128341226,-17.));
#7973 = CARTESIAN_POINT('',(43.283748442749,18.339082894763,-17.));
#7974 = CARTESIAN_POINT('',(43.620412450243,18.243851396215,-17.));
#7975 = CARTESIAN_POINT('',(43.957021003972,18.148467072078,-17.));
#7976 = CARTESIAN_POINT('',(44.615452979483,17.961628098647,-17.));
#7977 = CARTESIAN_POINT('',(44.937280311925,17.870183768367,-17.));
#7978 = CARTESIAN_POINT('',(45.259074599561,17.778658755049,-17.));
#7979 = CARTESIAN_POINT('',(45.580844528095,17.687082016455,-17.));
#7980 = CARTESIAN_POINT('',(45.902598793651,17.595482515395,-17.));
#7981 = CARTESIAN_POINT('',(46.22434610278,17.503889219732,-17.));
#7982 = CARTESIAN_POINT('',(47.189470306727,17.22924987045,-17.));
#7983 = CARTESIAN_POINT('',(47.832852207422,17.046309350877,-17.));
#7984 = CARTESIAN_POINT('',(48.476310889511,16.863741145206,-17.));
#7985 = CARTESIAN_POINT('',(49.11991580058,16.681777058303,-17.));
#7986 = CARTESIAN_POINT('',(49.763735820832,16.500649098353,-17.));
#7987 = CARTESIAN_POINT('',(50.407839263081,16.320589476855,-17.));
#7988 = CARTESIAN_POINT('',(52.502582589696,15.739549414969,-17.));
#7989 = CARTESIAN_POINT('',(53.954635353119,15.343859565699,-17.));
#7990 = CARTESIAN_POINT('',(55.409242371871,14.957403869033,-17.));
#7991 = CARTESIAN_POINT('',(56.867139660702,14.58283954081,-17.));
#7992 = CARTESIAN_POINT('',(58.329007842785,14.222833718458,-17.));
#7993 = CARTESIAN_POINT('',(59.795468867609,13.880051696505,-17.));
#7994 = CARTESIAN_POINT('',(61.803003399108,13.439541067051,-17.));
#7995 = CARTESIAN_POINT('',(62.33960736094,13.324579499831,-17.));
#7996 = CARTESIAN_POINT('',(62.876918679601,13.212381696445,-17.));
#7997 = CARTESIAN_POINT('',(63.414961221158,13.10307431472,-17.));
#7998 = CARTESIAN_POINT('',(63.953757529243,12.99678485799,-17.));
#7999 = CARTESIAN_POINT('',(64.493328621901,12.8936410668,-17.));
#8000 = CARTESIAN_POINT('',(66.793724210547,12.468464960446,-17.));
#8001 = CARTESIAN_POINT('',(68.562116200227,12.177768714294,-17.));
#8002 = CARTESIAN_POINT('',(70.33696450711,11.919132063603,-17.));
#8003 = CARTESIAN_POINT('',(72.116488227529,11.690089825892,-17.));
#8004 = CARTESIAN_POINT('',(73.89902096883,11.488251061056,-17.));
#8005 = CARTESIAN_POINT('',(75.682997266348,11.311286682929,-17.));
#8006 = CARTESIAN_POINT('',(78.363535557135,11.079322914435,-17.));
#8007 = CARTESIAN_POINT('',(79.260121993989,11.007440919489,-17.));
#8008 = CARTESIAN_POINT('',(80.156501996811,10.940975462028,-17.));
#8009 = CARTESIAN_POINT('',(81.052486365264,10.879639522194,-17.));
#8010 = CARTESIAN_POINT('',(81.947887435744,10.82314822973,-17.));
#8011 = CARTESIAN_POINT('',(82.842518416095,10.771218024734,-17.));
#8012 = CARTESIAN_POINT('',(84.173148533422,10.700266604732,-17.));
#8013 = CARTESIAN_POINT('',(84.609875501678,10.677990102847,-17.));
#8014 = CARTESIAN_POINT('',(85.046351766813,10.656703256972,-17.));
#8015 = CARTESIAN_POINT('',(85.482555369175,10.636372995892,-17.));
#8016 = CARTESIAN_POINT('',(85.918464247755,10.616966232947,-17.));
#8017 = CARTESIAN_POINT('',(86.354056240185,10.598449866032,-17.));
#8018 = CARTESIAN_POINT('',(87.013621114475,10.571689984642,-17.));
#8019 = CARTESIAN_POINT('',(87.237843061964,10.56281687734,-17.));
#8020 = CARTESIAN_POINT('',(87.46197187292,10.554166919302,-17.));
#8021 = CARTESIAN_POINT('',(87.686004481424,10.54573556831,-17.));
#8022 = CARTESIAN_POINT('',(87.909937807921,10.537518276326,-17.));
#8023 = CARTESIAN_POINT('',(88.133768759222,10.529510489488,-17.));
#8024 = CARTESIAN_POINT('',(88.461753939572,10.518071396992,-17.));
#8025 = CARTESIAN_POINT('',(88.565967392003,10.514480357121,-17.));
#8026 = CARTESIAN_POINT('',(88.670133880125,10.510934237498,-17.));
#8027 = CARTESIAN_POINT('',(88.774252813643,10.507432614741,-17.));
#8028 = CARTESIAN_POINT('',(88.878323717633,10.50397493308,-17.));
#8029 = CARTESIAN_POINT('',(88.982346232548,10.500560504359,-17.));
#8030 = CARTESIAN_POINT('',(89.205147567453,10.49333479276,-17.));
#8031 = CARTESIAN_POINT('',(89.323912705317,10.489535741669,-17.));
#8032 = CARTESIAN_POINT('',(89.442618031939,10.48578803947,-17.));
#8033 = CARTESIAN_POINT('',(89.561266051453,10.482088370876,-17.));
#8034 = CARTESIAN_POINT('',(89.679859267992,10.478433420598,-17.));
#8035 = CARTESIAN_POINT('',(89.79840018569,10.474819873349,-17.));
#8036 = CARTESIAN_POINT('',(90.227533211411,10.461870820977,-17.));
#8037 = CARTESIAN_POINT('',(90.538003195727,10.452753919938,-17.));
#8038 = CARTESIAN_POINT('',(90.848323086025,10.443835045691,-17.));
#8039 = CARTESIAN_POINT('',(91.158514916872,10.435055287908,-17.));
#8040 = CARTESIAN_POINT('',(91.468600933005,10.426355490958,-17.));
#8041 = CARTESIAN_POINT('',(91.77860358933,10.417676253913,-17.));
#8042 = CARTESIAN_POINT('',(92.339173004609,10.401908058449,-17.));
#8043 = CARTESIAN_POINT('',(92.589760707323,10.394832684577,-17.));
#8044 = CARTESIAN_POINT('',(92.840320619586,10.387700295132,-17.));
#8045 = CARTESIAN_POINT('',(93.090864680827,10.380479400019,-17.));
#8046 = CARTESIAN_POINT('',(93.341404809387,10.373138532846,-17.));
#8047 = CARTESIAN_POINT('',(93.591952902514,10.365646250922,-17.));
#8048 = CARTESIAN_POINT('',(94.388874987243,10.341235828242,-17.));
#8049 = CARTESIAN_POINT('',(94.935322757111,10.323631365761,-17.));
#8050 = CARTESIAN_POINT('',(95.481987915916,10.304832481526,-17.));
#8051 = CARTESIAN_POINT('',(96.028991352838,10.284515796886,-17.));
#8052 = CARTESIAN_POINT('',(96.576450360806,10.26236173102,-17.));
#8053 = CARTESIAN_POINT('',(97.124477921021,10.238056411139,-17.));
#8054 = CARTESIAN_POINT('',(98.513871363573,10.170289283758,-17.));
#8055 = CARTESIAN_POINT('',(99.356145333586,10.123516435272,-17.));
#8056 = CARTESIAN_POINT('',(100.20039277433,10.069873032613,-17.));
#8057 = CARTESIAN_POINT('',(101.04696235798,10.008300584966,-17.));
#8058 = CARTESIAN_POINT('',(101.89615719217,9.937799054195,-17.));
#8059 = CARTESIAN_POINT('',(102.74822946014,9.857441793724,-17.));
#8060 = CARTESIAN_POINT('',(104.0399532982,9.719905983769,-17.));
#8061 = CARTESIAN_POINT('',(104.47733216272,9.670634169185,-17.));
#8062 = CARTESIAN_POINT('',(104.91553730557,9.618463436675,-17.));
#8063 = CARTESIAN_POINT('',(105.35459057269,9.56328813056,-17.));
#8064 = CARTESIAN_POINT('',(105.79450988521,9.505008902191,-17.));
#8065 = CARTESIAN_POINT('',(106.23530911987,9.443533065662,-17.));
#8066 = CARTESIAN_POINT('',(106.90113511031,9.345913141008,-17.));
#8067 = CARTESIAN_POINT('',(107.12550134547,9.312206107358,-17.));
#8068 = CARTESIAN_POINT('',(107.35009797911,9.277642644121,-17.));
#8069 = CARTESIAN_POINT('',(107.57492603841,9.242212013639,-17.));
#8070 = CARTESIAN_POINT('',(107.7999862934,9.205903949042,-17.));
#8071 = CARTESIAN_POINT('',(108.02527925697,9.16870865425,-17.));
#8072 = CARTESIAN_POINT('',(108.36453955512,9.111406806068,-17.));
#8073 = CARTESIAN_POINT('',(108.47833287485,9.091968500035,-17.));
#8074 = CARTESIAN_POINT('',(108.59218568667,9.072301187102,-17.));
#8075 = CARTESIAN_POINT('',(108.70609818467,9.052403874981,-17.));
#8076 = CARTESIAN_POINT('',(108.82007021441,9.032275277865,-17.));
#8077 = CARTESIAN_POINT('',(108.93410127295,9.011913816434,-17.));
#8078 = CARTESIAN_POINT('',(109.16262544304,8.970659011339,-17.));
#8079 = CARTESIAN_POINT('',(109.27722912888,8.949740363484,-17.));
#8080 = CARTESIAN_POINT('',(109.39197395518,8.928547331543,-17.));
#8081 = CARTESIAN_POINT('',(109.50683231082,8.907065572778,-17.));
#8082 = CARTESIAN_POINT('',(109.62177658465,8.885280744452,-17.));
#8083 = CARTESIAN_POINT('',(109.73677916554,8.863178503825,-17.));
#8084 = CARTESIAN_POINT('',(110.43956336708,8.726120270168,-17.));
#8085 = CARTESIAN_POINT('',(111.02669724659,8.603111883003,-17.));
#8086 = CARTESIAN_POINT('',(111.61136784758,8.469521806822,-17.));
#8087 = CARTESIAN_POINT('',(112.19152807721,8.323088908077,-17.));
#8088 = CARTESIAN_POINT('',(112.76477712744,8.161355012251,-17.));
#8089 = CARTESIAN_POINT('',(113.32827794755,7.98158185575,-17.));
#8090 = CARTESIAN_POINT('',(114.19930165492,7.663436615549,-17.));
#8091 = CARTESIAN_POINT('',(114.51547177762,7.539108919373,-17.));
#8092 = CARTESIAN_POINT('',(114.82643370972,7.406962953009,-17.));
#8093 = CARTESIAN_POINT('',(115.13137379953,7.266346298152,-17.));
#8094 = CARTESIAN_POINT('',(115.4293470994,7.116580773172,-17.));
#8095 = CARTESIAN_POINT('',(115.7192831364,6.956972185423,-17.));
#8096 = CARTESIAN_POINT('',(116.,6.786828433859,-17.));
#8097 = PCURVE('',#2453,#8098);
#8098 = DEFINITIONAL_REPRESENTATION('',(#8099),#8240);
#8099 = B_SPLINE_CURVE_WITH_KNOTS('',7,(#8100,#8101,#8102,#8103,#8104,
    #8105,#8106,#8107,#8108,#8109,#8110,#8111,#8112,#8113,#8114,#8115,
    #8116,#8117,#8118,#8119,#8120,#8121,#8122,#8123,#8124,#8125,#8126,
    #8127,#8128,#8129,#8130,#8131,#8132,#8133,#8134,#8135,#8136,#8137,
    #8138,#8139,#8140,#8141,#8142,#8143,#8144,#8145,#8146,#8147,#8148,
    #8149,#8150,#8151,#8152,#8153,#8154,#8155,#8156,#8157,#8158,#8159,
    #8160,#8161,#8162,#8163,#8164,#8165,#8166,#8167,#8168,#8169,#8170,
    #8171,#8172,#8173,#8174,#8175,#8176,#8177,#8178,#8179,#8180,#8181,
    #8182,#8183,#8184,#8185,#8186,#8187,#8188,#8189,#8190,#8191,#8192,
    #8193,#8194,#8195,#8196,#8197,#8198,#8199,#8200,#8201,#8202,#8203,
    #8204,#8205,#8206,#8207,#8208,#8209,#8210,#8211,#8212,#8213,#8214,
    #8215,#8216,#8217,#8218,#8219,#8220,#8221,#8222,#8223,#8224,#8225,
    #8226,#8227,#8228,#8229,#8230,#8231,#8232,#8233,#8234,#8235,#8236,
    #8237,#8238,#8239),.UNSPECIFIED.,.F.,.F.,(8,6,6,6,6,6,6,6,6,6,6,6,6,
    6,6,6,6,6,6,6,6,6,6,8),(0.,0.213499067715,0.238301174827,
    0.263097979709,0.28681219048,0.334231546048,0.440944657124,
    0.479806798193,0.606385540566,0.670003649057,0.70110927914,
    0.717139885722,0.724610409377,0.733148162187,0.755531136631,
    0.773630615198,0.813095861577,0.873561995117,0.904431823564,
    0.920096865072,0.92799685975,0.935920791965,0.976407324348,1.),
  .UNSPECIFIED.);
#8100 = CARTESIAN_POINT('',(97.,0.));
#8101 = CARTESIAN_POINT('',(94.022014184931,-0.454862486236));
#8102 = CARTESIAN_POINT('',(91.058148651651,-0.995747681391));
#8103 = CARTESIAN_POINT('',(88.108189629236,-1.610892127251));
#8104 = CARTESIAN_POINT('',(85.171387365287,-2.288411885464));
#8105 = CARTESIAN_POINT('',(82.24650000591,-3.016542386493));
#8106 = CARTESIAN_POINT('',(79.331813456778,-3.783733646975));
#8107 = CARTESIAN_POINT('',(76.087469730969,-4.670940282827));
#8108 = CARTESIAN_POINT('',(75.749911986425,-4.763652756888));
#8109 = CARTESIAN_POINT('',(75.412460887105,-4.85672033373));
#8110 = CARTESIAN_POINT('',(75.075113291449,-4.950125082485));
#8111 = CARTESIAN_POINT('',(74.737866020875,-5.04384908538));
#8112 = CARTESIAN_POINT('',(74.400715859779,-5.137874437737));
#8113 = CARTESIAN_POINT('',(73.726675307656,-5.326471896741));
#8114 = CARTESIAN_POINT('',(73.389785603763,-5.421045561613));
#8115 = CARTESIAN_POINT('',(73.052980941115,-5.515871658774));
#8116 = CARTESIAN_POINT('',(72.716251557251,-5.610917105237));
#8117 = CARTESIAN_POINT('',(72.379587549757,-5.706148603785));
#8118 = CARTESIAN_POINT('',(72.042978996028,-5.801532927922));
#8119 = CARTESIAN_POINT('',(71.384547020517,-5.988371901353));
#8120 = CARTESIAN_POINT('',(71.062719688075,-6.079816231633));
#8121 = CARTESIAN_POINT('',(70.740925400439,-6.171341244951));
#8122 = CARTESIAN_POINT('',(70.419155471905,-6.262917983545));
#8123 = CARTESIAN_POINT('',(70.097401206349,-6.354517484605));
#8124 = CARTESIAN_POINT('',(69.77565389722,-6.446110780268));
#8125 = CARTESIAN_POINT('',(68.810529693273,-6.72075012955));
#8126 = CARTESIAN_POINT('',(68.167147792578,-6.903690649123));
#8127 = CARTESIAN_POINT('',(67.523689110489,-7.086258854794));
#8128 = CARTESIAN_POINT('',(66.88008419942,-7.268222941697));
#8129 = CARTESIAN_POINT('',(66.236264179168,-7.449350901647));
#8130 = CARTESIAN_POINT('',(65.592160736919,-7.629410523145));
#8131 = CARTESIAN_POINT('',(63.497417410304,-8.210450585031));
#8132 = CARTESIAN_POINT('',(62.045364646881,-8.606140434301));
#8133 = CARTESIAN_POINT('',(60.590757628129,-8.992596130967));
#8134 = CARTESIAN_POINT('',(59.132860339298,-9.36716045919));
#8135 = CARTESIAN_POINT('',(57.670992157215,-9.727166281542));
#8136 = CARTESIAN_POINT('',(56.204531132391,-10.06994830349));
#8137 = CARTESIAN_POINT('',(54.196996600892,-10.51045893294));
#8138 = CARTESIAN_POINT('',(53.66039263906,-10.62542050016));
#8139 = CARTESIAN_POINT('',(53.123081320399,-10.73761830355));
#8140 = CARTESIAN_POINT('',(52.585038778842,-10.84692568528));
#8141 = CARTESIAN_POINT('',(52.046242470757,-10.95321514201));
#8142 = CARTESIAN_POINT('',(51.506671378099,-11.0563589332));
#8143 = CARTESIAN_POINT('',(49.206275789453,-11.48153503955));
#8144 = CARTESIAN_POINT('',(47.437883799773,-11.7722312857));
#8145 = CARTESIAN_POINT('',(45.66303549289,-12.03086793639));
#8146 = CARTESIAN_POINT('',(43.883511772471,-12.2599101741));
#8147 = CARTESIAN_POINT('',(42.10097903117,-12.46174893894));
#8148 = CARTESIAN_POINT('',(40.317002733652,-12.63871331707));
#8149 = CARTESIAN_POINT('',(37.636464442865,-12.87067708556));
#8150 = CARTESIAN_POINT('',(36.739878006011,-12.94255908051));
#8151 = CARTESIAN_POINT('',(35.843498003189,-13.00902453797));
#8152 = CARTESIAN_POINT('',(34.947513634736,-13.0703604778));
#8153 = CARTESIAN_POINT('',(34.052112564256,-13.12685177027));
#8154 = CARTESIAN_POINT('',(33.157481583905,-13.17878197526));
#8155 = CARTESIAN_POINT('',(31.826851466578,-13.24973339526));
#8156 = CARTESIAN_POINT('',(31.390124498322,-13.27200989715));
#8157 = CARTESIAN_POINT('',(30.953648233187,-13.29329674302));
#8158 = CARTESIAN_POINT('',(30.517444630825,-13.3136270041));
#8159 = CARTESIAN_POINT('',(30.081535752245,-13.33303376705));
#8160 = CARTESIAN_POINT('',(29.645943759815,-13.35155013396));
#8161 = CARTESIAN_POINT('',(28.986378885525,-13.37831001535));
#8162 = CARTESIAN_POINT('',(28.762156938036,-13.38718312266));
#8163 = CARTESIAN_POINT('',(28.53802812708,-13.39583308069));
#8164 = CARTESIAN_POINT('',(28.313995518576,-13.40426443169));
#8165 = CARTESIAN_POINT('',(28.090062192079,-13.41248172367));
#8166 = CARTESIAN_POINT('',(27.866231240778,-13.42048951051));
#8167 = CARTESIAN_POINT('',(27.538246060428,-13.431928603));
#8168 = CARTESIAN_POINT('',(27.434032607997,-13.43551964287));
#8169 = CARTESIAN_POINT('',(27.329866119875,-13.4390657625));
#8170 = CARTESIAN_POINT('',(27.225747186357,-13.44256738525));
#8171 = CARTESIAN_POINT('',(27.121676282367,-13.44602506692));
#8172 = CARTESIAN_POINT('',(27.017653767452,-13.44943949564));
#8173 = CARTESIAN_POINT('',(26.794852432547,-13.45666520723));
#8174 = CARTESIAN_POINT('',(26.676087294683,-13.46046425833));
#8175 = CARTESIAN_POINT('',(26.557381968061,-13.46421196053));
#8176 = CARTESIAN_POINT('',(26.438733948547,-13.46791162912));
#8177 = CARTESIAN_POINT('',(26.320140732008,-13.4715665794));
#8178 = CARTESIAN_POINT('',(26.20159981431,-13.47518012665));
#8179 = CARTESIAN_POINT('',(25.772466788589,-13.48812917902));
#8180 = CARTESIAN_POINT('',(25.461996804273,-13.49724608006));
#8181 = CARTESIAN_POINT('',(25.151676913975,-13.5061649543));
#8182 = CARTESIAN_POINT('',(24.841485083128,-13.51494471209));
#8183 = CARTESIAN_POINT('',(24.531399066995,-13.52364450904));
#8184 = CARTESIAN_POINT('',(24.22139641067,-13.53232374608));
#8185 = CARTESIAN_POINT('',(23.660826995391,-13.54809194155));
#8186 = CARTESIAN_POINT('',(23.410239292677,-13.55516731542));
#8187 = CARTESIAN_POINT('',(23.159679380414,-13.56229970486));
#8188 = CARTESIAN_POINT('',(22.909135319173,-13.56952059998));
#8189 = CARTESIAN_POINT('',(22.658595190613,-13.57686146715));
#8190 = CARTESIAN_POINT('',(22.408047097486,-13.58435374907));
#8191 = CARTESIAN_POINT('',(21.611125012757,-13.60876417175));
#8192 = CARTESIAN_POINT('',(21.064677242889,-13.62636863423));
#8193 = CARTESIAN_POINT('',(20.518012084084,-13.64516751847));
#8194 = CARTESIAN_POINT('',(19.971008647162,-13.66548420311));
#8195 = CARTESIAN_POINT('',(19.423549639194,-13.68763826898));
#8196 = CARTESIAN_POINT('',(18.875522078979,-13.71194358886));
#8197 = CARTESIAN_POINT('',(17.486128636427,-13.77971071624));
#8198 = CARTESIAN_POINT('',(16.643854666414,-13.82648356472));
#8199 = CARTESIAN_POINT('',(15.799607225661,-13.88012696738));
#8200 = CARTESIAN_POINT('',(14.953037642011,-13.94169941503));
#8201 = CARTESIAN_POINT('',(14.103842807829,-14.0122009458));
#8202 = CARTESIAN_POINT('',(13.251770539855,-14.09255820627));
#8203 = CARTESIAN_POINT('',(11.960046701793,-14.23009401623));
#8204 = CARTESIAN_POINT('',(11.522667837279,-14.27936583081));
#8205 = CARTESIAN_POINT('',(11.084462694427,-14.33153656332));
#8206 = CARTESIAN_POINT('',(10.64540942731,-14.38671186944));
#8207 = CARTESIAN_POINT('',(10.205490114784,-14.4449910978));
#8208 = CARTESIAN_POINT('',(9.764690880125,-14.50646693433));
#8209 = CARTESIAN_POINT('',(9.098864889681,-14.60408685899));
#8210 = CARTESIAN_POINT('',(8.874498654525,-14.63779389264));
#8211 = CARTESIAN_POINT('',(8.649902020885,-14.67235735587));
#8212 = CARTESIAN_POINT('',(8.425073961586,-14.70778798636));
#8213 = CARTESIAN_POINT('',(8.200013706596,-14.74409605095));
#8214 = CARTESIAN_POINT('',(7.974720743021,-14.78129134575));
#8215 = CARTESIAN_POINT('',(7.635460444876,-14.83859319393));
#8216 = CARTESIAN_POINT('',(7.521667125146,-14.85803149996));
#8217 = CARTESIAN_POINT('',(7.407814313321,-14.87769881289));
#8218 = CARTESIAN_POINT('',(7.293901815322,-14.89759612501));
#8219 = CARTESIAN_POINT('',(7.179929785583,-14.91772472213));
#8220 = CARTESIAN_POINT('',(7.065898727049,-14.93808618356));
#8221 = CARTESIAN_POINT('',(6.837374556953,-14.97934098866));
#8222 = CARTESIAN_POINT('',(6.722770871119,-15.00025963651));
#8223 = CARTESIAN_POINT('',(6.608026044815,-15.02145266845));
#8224 = CARTESIAN_POINT('',(6.493167689179,-15.04293442722));
#8225 = CARTESIAN_POINT('',(6.378223415348,-15.06471925554));
#8226 = CARTESIAN_POINT('',(6.26322083446,-15.08682149617));
#8227 = CARTESIAN_POINT('',(5.56043663292,-15.22387972983));
#8228 = CARTESIAN_POINT('',(4.973302753409,-15.34688811699));
#8229 = CARTESIAN_POINT('',(4.388632152417,-15.48047819317));
#8230 = CARTESIAN_POINT('',(3.808471922787,-15.62691109192));
#8231 = CARTESIAN_POINT('',(3.235222872555,-15.78864498774));
#8232 = CARTESIAN_POINT('',(2.671722052446,-15.96841814425));
#8233 = CARTESIAN_POINT('',(1.800698345078,-16.28656338445));
#8234 = CARTESIAN_POINT('',(1.484528222376,-16.41089108062));
#8235 = CARTESIAN_POINT('',(1.173566290273,-16.54303704699));
#8236 = CARTESIAN_POINT('',(0.868626200466,-16.68365370184));
#8237 = CARTESIAN_POINT('',(0.570652900599,-16.83341922682));
#8238 = CARTESIAN_POINT('',(0.280716863597,-16.99302781457));
#8239 = CARTESIAN_POINT('',(0.,-17.16317156614));
#8240 = ( GEOMETRIC_REPRESENTATION_CONTEXT(2) 
PARAMETRIC_REPRESENTATION_CONTEXT() REPRESENTATION_CONTEXT('2D SPACE',''
  ) );
#8241 = PCURVE('',#44,#8242);
#8242 = DEFINITIONAL_REPRESENTATION('',(#8243),#8384);
#8243 = B_SPLINE_CURVE_WITH_KNOTS('',7,(#8244,#8245,#8246,#8247,#8248,
    #8249,#8250,#8251,#8252,#8253,#8254,#8255,#8256,#8257,#8258,#8259,
    #8260,#8261,#8262,#8263,#8264,#8265,#8266,#8267,#8268,#8269,#8270,
    #8271,#8272,#8273,#8274,#8275,#8276,#8277,#8278,#8279,#8280,#8281,
    #8282,#8283,#8284,#8285,#8286,#8287,#8288,#8289,#8290,#8291,#8292,
    #8293,#8294,#8295,#8296,#8297,#8298,#8299,#8300,#8301,#8302,#8303,
    #8304,#8305,#8306,#8307,#8308,#8309,#8310,#8311,#8312,#8313,#8314,
    #8315,#8316,#8317,#8318,#8319,#8320,#8321,#8322,#8323,#8324,#8325,
    #8326,#8327,#8328,#8329,#8330,#8331,#8332,#8333,#8334,#8335,#8336,
    #8337,#8338,#8339,#8340,#8341,#8342,#8343,#8344,#8345,#8346,#8347,
    #8348,#8349,#8350,#8351,#8352,#8353,#8354,#8355,#8356,#8357,#8358,
    #8359,#8360,#8361,#8362,#8363,#8364,#8365,#8366,#8367,#8368,#8369,
    #8370,#8371,#8372,#8373,#8374,#8375,#8376,#8377,#8378,#8379,#8380,
    #8381,#8382,#8383),.UNSPECIFIED.,.F.,.F.,(8,6,6,6,6,6,6,6,6,6,6,6,6,
    6,6,6,6,6,6,6,6,6,6,8),(0.,0.213499067715,0.238301174827,
    0.263097979709,0.28681219048,0.334231546048,0.440944657124,
    0.479806798193,0.606385540566,0.670003649057,0.70110927914,
    0.717139885722,0.724610409377,0.733148162187,0.755531136631,
    0.773630615198,0.813095861577,0.873561995117,0.904431823564,
    0.920096865072,0.92799685975,0.935920791965,0.976407324348,1.),
  .UNSPECIFIED.);
#8244 = CARTESIAN_POINT('',(106.45026538726,-3.));
#8245 = CARTESIAN_POINT('',(103.43881331173,-3.));
#8246 = CARTESIAN_POINT('',(100.42665681665,-3.));
#8247 = CARTESIAN_POINT('',(97.414810232377,-3.));
#8248 = CARTESIAN_POINT('',(94.403778636988,-3.));
#8249 = CARTESIAN_POINT('',(91.393566837825,-3.));
#8250 = CARTESIAN_POINT('',(88.383679559803,-3.));
#8251 = CARTESIAN_POINT('',(85.023376427044,-3.));
#8252 = CARTESIAN_POINT('',(84.673632550468,-3.));
#8253 = CARTESIAN_POINT('',(84.323879980296,-3.));
#8254 = CARTESIAN_POINT('',(83.97411744552,-3.));
#8255 = CARTESIAN_POINT('',(83.624343634676,-3.));
#8256 = CARTESIAN_POINT('',(83.27455719585,-3.));
#8257 = CARTESIAN_POINT('',(82.575031058328,-3.));
#8258 = CARTESIAN_POINT('',(82.225291144203,-3.));
#8259 = CARTESIAN_POINT('',(81.875537640695,-3.));
#8260 = CARTESIAN_POINT('',(81.525771217621,-3.));
#8261 = CARTESIAN_POINT('',(81.175992527849,-3.));
#8262 = CARTESIAN_POINT('',(80.826202166938,-3.));
#8263 = CARTESIAN_POINT('',(80.14187094846,-3.));
#8264 = CARTESIAN_POINT('',(79.807331071564,-3.));
#8265 = CARTESIAN_POINT('',(79.472781467388,-3.));
#8266 = CARTESIAN_POINT('',(79.138222592962,-3.));
#8267 = CARTESIAN_POINT('',(78.803654897032,-3.));
#8268 = CARTESIAN_POINT('',(78.469078820065,-3.));
#8269 = CARTESIAN_POINT('',(77.465454654502,-3.));
#8270 = CARTESIAN_POINT('',(76.796383008273,-3.));
#8271 = CARTESIAN_POINT('',(76.127282991149,-3.));
#8272 = CARTESIAN_POINT('',(75.458158344198,-3.));
#8273 = CARTESIAN_POINT('',(74.789013413964,-3.));
#8274 = CARTESIAN_POINT('',(74.119853152469,-3.));
#8275 = CARTESIAN_POINT('',(71.944774497296,-3.));
#8276 = CARTESIAN_POINT('',(70.438831285605,-3.));
#8277 = CARTESIAN_POINT('',(68.932897730852,-3.));
#8278 = CARTESIAN_POINT('',(67.427074225572,-3.));
#8279 = CARTESIAN_POINT('',(65.921517221994,-3.));
#8280 = CARTESIAN_POINT('',(64.416438936672,-3.));
#8281 = CARTESIAN_POINT('',(62.364268200462,-3.));
#8282 = CARTESIAN_POINT('',(61.816530385378,-3.));
#8283 = CARTESIAN_POINT('',(61.268907466634,-3.));
#8284 = CARTESIAN_POINT('',(60.721414755257,-3.));
#8285 = CARTESIAN_POINT('',(60.174069399121,-3.));
#8286 = CARTESIAN_POINT('',(59.626890290875,-3.));
#8287 = CARTESIAN_POINT('',(57.298274243894,-3.));
#8288 = CARTESIAN_POINT('',(55.518628969781,-3.));
#8289 = CARTESIAN_POINT('',(53.740334896284,-3.));
#8290 = CARTESIAN_POINT('',(51.962687496482,-3.));
#8291 = CARTESIAN_POINT('',(50.184896431798,-3.));
#8292 = CARTESIAN_POINT('',(48.40607347891,-3.));
#8293 = CARTESIAN_POINT('',(45.730162560531,-3.));
#8294 = CARTESIAN_POINT('',(44.834600069449,-3.));
#8295 = CARTESIAN_POINT('',(43.938404560131,-3.));
#8296 = CARTESIAN_POINT('',(43.041447687144,-3.));
#8297 = CARTESIAN_POINT('',(42.143596358136,-3.));
#8298 = CARTESIAN_POINT('',(41.244712126123,-3.));
#8299 = CARTESIAN_POINT('',(39.90457177221,-3.));
#8300 = CARTESIAN_POINT('',(39.464211621413,-3.));
#8301 = CARTESIAN_POINT('',(39.023553343237,-3.));
#8302 = CARTESIAN_POINT('',(38.582579855874,-3.));
#8303 = CARTESIAN_POINT('',(38.141273781846,-3.));
#8304 = CARTESIAN_POINT('',(37.699617448006,-3.));
#8305 = CARTESIAN_POINT('',(37.029790978248,-3.));
#8306 = CARTESIAN_POINT('',(36.801891271609,-3.));
#8307 = CARTESIAN_POINT('',(36.573891305893,-3.));
#8308 = CARTESIAN_POINT('',(36.345788599858,-3.));
#8309 = CARTESIAN_POINT('',(36.117580650749,-3.));
#8310 = CARTESIAN_POINT('',(35.8892649343,-3.));
#8311 = CARTESIAN_POINT('',(35.554388656035,-3.));
#8312 = CARTESIAN_POINT('',(35.447938443454,-3.));
#8313 = CARTESIAN_POINT('',(35.341488184984,-3.));
#8314 = CARTESIAN_POINT('',(35.23503785562,-3.));
#8315 = CARTESIAN_POINT('',(35.128587487349,-3.));
#8316 = CARTESIAN_POINT('',(35.022137169156,-3.));
#8317 = CARTESIAN_POINT('',(34.794029600862,-3.));
#8318 = CARTESIAN_POINT('',(34.672372154705,-3.));
#8319 = CARTESIAN_POINT('',(34.550714708548,-3.));
#8320 = CARTESIAN_POINT('',(34.429057262392,-3.));
#8321 = CARTESIAN_POINT('',(34.307399816235,-3.));
#8322 = CARTESIAN_POINT('',(34.185742370078,-3.));
#8323 = CARTESIAN_POINT('',(33.745142039408,-3.));
#8324 = CARTESIAN_POINT('',(33.426024239387,-3.));
#8325 = CARTESIAN_POINT('',(33.106754850089,-3.));
#8326 = CARTESIAN_POINT('',(32.78735723849,-3.));
#8327 = CARTESIAN_POINT('',(32.46785481231,-3.));
#8328 = CARTESIAN_POINT('',(32.148271020008,-3.));
#8329 = CARTESIAN_POINT('',(31.570158451152,-3.));
#8330 = CARTESIAN_POINT('',(31.311649730247,-3.));
#8331 = CARTESIAN_POINT('',(31.05311561375,-3.));
#8332 = CARTESIAN_POINT('',(30.79456855973,-3.));
#8333 = CARTESIAN_POINT('',(30.536021058656,-3.));
#8334 = CARTESIAN_POINT('',(30.277485633394,-3.));
#8335 = CARTESIAN_POINT('',(29.455301573913,-3.));
#8336 = CARTESIAN_POINT('',(28.891746078504,-3.));
#8337 = CARTESIAN_POINT('',(28.328437464242,-3.));
#8338 = CARTESIAN_POINT('',(27.765507042874,-3.));
#8339 = CARTESIAN_POINT('',(27.203087562773,-3.));
#8340 = CARTESIAN_POINT('',(26.641312445085,-3.));
#8341 = CARTESIAN_POINT('',(25.2207905435,-3.));
#8342 = CARTESIAN_POINT('',(24.363095096595,-3.));
#8343 = CARTESIAN_POINT('',(23.50770794228,-3.));
#8344 = CARTESIAN_POINT('',(22.655119945877,-3.));
#8345 = CARTESIAN_POINT('',(21.805827220994,-3.));
#8346 = CARTESIAN_POINT('',(20.960324775615,-3.));
#8347 = CARTESIAN_POINT('',(19.68962901285,-3.));
#8348 = CARTESIAN_POINT('',(19.261273281884,-3.));
#8349 = CARTESIAN_POINT('',(18.834098325358,-3.));
#8350 = CARTESIAN_POINT('',(18.408169012392,-3.));
#8351 = CARTESIAN_POINT('',(17.983549552848,-3.));
#8352 = CARTESIAN_POINT('',(17.560303329024,-3.));
#8353 = CARTESIAN_POINT('',(16.924442928052,-3.));
#8354 = CARTESIAN_POINT('',(16.71076279125,-3.));
#8355 = CARTESIAN_POINT('',(16.497460464708,-3.));
#8356 = CARTESIAN_POINT('',(16.284544004635,-3.));
#8357 = CARTESIAN_POINT('',(16.072021375679,-3.));
#8358 = CARTESIAN_POINT('',(15.859900450932,-3.));
#8359 = CARTESIAN_POINT('',(15.541421389203,-3.));
#8360 = CARTESIAN_POINT('',(15.434757645836,-3.));
#8361 = CARTESIAN_POINT('',(15.32819922553,-3.));
#8362 = CARTESIAN_POINT('',(15.22174727214,-3.));
#8363 = CARTESIAN_POINT('',(15.115402629667,-3.));
#8364 = CARTESIAN_POINT('',(15.009165842261,-3.));
#8365 = CARTESIAN_POINT('',(14.796586888827,-3.));
#8366 = CARTESIAN_POINT('',(14.69013662344,-3.));
#8367 = CARTESIAN_POINT('',(14.583686358052,-3.));
#8368 = CARTESIAN_POINT('',(14.477236092665,-3.));
#8369 = CARTESIAN_POINT('',(14.370785827278,-3.));
#8370 = CARTESIAN_POINT('',(14.264335561891,-3.));
#8371 = CARTESIAN_POINT('',(13.61398840288,-3.));
#8372 = CARTESIAN_POINT('',(13.071404061077,-3.));
#8373 = CARTESIAN_POINT('',(12.528426260883,-3.));
#8374 = CARTESIAN_POINT('',(11.983622294001,-3.));
#8375 = CARTESIAN_POINT('',(11.435705280918,-3.));
#8376 = CARTESIAN_POINT('',(10.88346821131,-3.));
#8377 = CARTESIAN_POINT('',(10.000633907117,-3.));
#8378 = CARTESIAN_POINT('',(9.673757264895,-3.));
#8379 = CARTESIAN_POINT('',(9.344812620677,-3.));
#8380 = CARTESIAN_POINT('',(9.013628714939,-3.));
#8381 = CARTESIAN_POINT('',(8.680093216593,-3.));
#8382 = CARTESIAN_POINT('',(8.344153612573,-3.));
#8383 = CARTESIAN_POINT('',(8.005821994247,-3.));
#8384 = ( GEOMETRIC_REPRESENTATION_CONTEXT(2) 
PARAMETRIC_REPRESENTATION_CONTEXT() REPRESENTATION_CONTEXT('2D SPACE',''
  ) );
#8385 = ORIENTED_EDGE('',*,*,#5149,.T.);
#8386 = ORIENTED_EDGE('',*,*,#3884,.T.);
#8387 = ORIENTED_EDGE('',*,*,#3366,.T.);
#8388 = ORIENTED_EDGE('',*,*,#3343,.T.);
#8389 = ORIENTED_EDGE('',*,*,#3124,.T.);
#8390 = ORIENTED_EDGE('',*,*,#3058,.T.);
#8391 = ORIENTED_EDGE('',*,*,#2948,.T.);
#8392 = ORIENTED_EDGE('',*,*,#2870,.T.);
#8393 = ORIENTED_EDGE('',*,*,#2760,.T.);
#8394 = ORIENTED_EDGE('',*,*,#2694,.T.);
#8395 = ORIENTED_EDGE('',*,*,#2436,.T.);
#8396 = ORIENTED_EDGE('',*,*,#7911,.F.);
#8397 = FACE_BOUND('',#8398,.T.);
#8398 = EDGE_LOOP('',(#8399));
#8399 = ORIENTED_EDGE('',*,*,#8400,.T.);
#8400 = EDGE_CURVE('',#8401,#8401,#8403,.T.);
#8401 = VERTEX_POINT('',#8402);
#8402 = CARTESIAN_POINT('',(105.8,-5.,-17.));
#8403 = SURFACE_CURVE('',#8404,(#8409,#8420),.PCURVE_S1.);
#8404 = CIRCLE('',#8405,1.8);
#8405 = AXIS2_PLACEMENT_3D('',#8406,#8407,#8408);
#8406 = CARTESIAN_POINT('',(104.,-5.,-17.));
#8407 = DIRECTION('',(0.,0.,1.));
#8408 = DIRECTION('',(1.,0.,-0.));
#8409 = PCURVE('',#2453,#8410);
#8410 = DEFINITIONAL_REPRESENTATION('',(#8411),#8419);
#8411 = ( BOUNDED_CURVE() B_SPLINE_CURVE(2,(#8412,#8413,#8414,#8415,
#8416,#8417,#8418),.UNSPECIFIED.,.T.,.F.) B_SPLINE_CURVE_WITH_KNOTS((1,2
    ,2,2,2,1),(-2.094395102393,0.,2.094395102393,4.188790204786,
6.28318530718,8.377580409573),.UNSPECIFIED.) CURVE() 
GEOMETRIC_REPRESENTATION_ITEM() RATIONAL_B_SPLINE_CURVE((1.,0.5,1.,0.5,
1.,0.5,1.)) REPRESENTATION_ITEM('') );
#8412 = CARTESIAN_POINT('',(10.2,-28.95));
#8413 = CARTESIAN_POINT('',(10.2,-25.83230854637));
#8414 = CARTESIAN_POINT('',(12.9,-27.39115427318));
#8415 = CARTESIAN_POINT('',(15.6,-28.95));
#8416 = CARTESIAN_POINT('',(12.9,-30.50884572681));
#8417 = CARTESIAN_POINT('',(10.2,-32.06769145362));
#8418 = CARTESIAN_POINT('',(10.2,-28.95));
#8419 = ( GEOMETRIC_REPRESENTATION_CONTEXT(2) 
PARAMETRIC_REPRESENTATION_CONTEXT() REPRESENTATION_CONTEXT('2D SPACE',''
  ) );
#8420 = PCURVE('',#8421,#8426);
#8421 = CYLINDRICAL_SURFACE('',#8422,1.8);
#8422 = AXIS2_PLACEMENT_3D('',#8423,#8424,#8425);
#8423 = CARTESIAN_POINT('',(104.,-5.,-17.01));
#8424 = DIRECTION('',(0.,0.,1.));
#8425 = DIRECTION('',(1.,0.,-0.));
#8426 = DEFINITIONAL_REPRESENTATION('',(#8427),#8431);
#8427 = LINE('',#8428,#8429);
#8428 = CARTESIAN_POINT('',(0.,1.000000000001E-02));
#8429 = VECTOR('',#8430,1.);
#8430 = DIRECTION('',(1.,0.));
#8431 = ( GEOMETRIC_REPRESENTATION_CONTEXT(2) 
PARAMETRIC_REPRESENTATION_CONTEXT() REPRESENTATION_CONTEXT('2D SPACE',''
  ) );
#8432 = FACE_BOUND('',#8433,.T.);
#8433 = EDGE_LOOP('',(#8434));
#8434 = ORIENTED_EDGE('',*,*,#8435,.T.);
#8435 = EDGE_CURVE('',#8436,#8436,#8438,.T.);
#8436 = VERTEX_POINT('',#8437);
#8437 = CARTESIAN_POINT('',(112.25,-5.510910596163E-16,-17.));
#8438 = SURFACE_CURVE('',#8439,(#8444,#8455),.PCURVE_S1.);
#8439 = CIRCLE('',#8440,2.25);
#8440 = AXIS2_PLACEMENT_3D('',#8441,#8442,#8443);
#8441 = CARTESIAN_POINT('',(110.,0.,-17.));
#8442 = DIRECTION('',(0.,0.,1.));
#8443 = DIRECTION('',(1.,0.,-0.));
#8444 = PCURVE('',#2453,#8445);
#8445 = DEFINITIONAL_REPRESENTATION('',(#8446),#8454);
#8446 = ( BOUNDED_CURVE() B_SPLINE_CURVE(2,(#8447,#8448,#8449,#8450,
#8451,#8452,#8453),.UNSPECIFIED.,.T.,.F.) B_SPLINE_CURVE_WITH_KNOTS((1,2
    ,2,2,2,1),(-2.094395102393,0.,2.094395102393,4.188790204786,
6.28318530718,8.377580409573),.UNSPECIFIED.) CURVE() 
GEOMETRIC_REPRESENTATION_ITEM() RATIONAL_B_SPLINE_CURVE((1.,0.5,1.,0.5,
1.,0.5,1.)) REPRESENTATION_ITEM('') );
#8447 = CARTESIAN_POINT('',(3.75,-23.95));
#8448 = CARTESIAN_POINT('',(3.75,-20.05288568297));
#8449 = CARTESIAN_POINT('',(7.125,-22.00144284148));
#8450 = CARTESIAN_POINT('',(10.5,-23.95));
#8451 = CARTESIAN_POINT('',(7.125,-25.89855715851));
#8452 = CARTESIAN_POINT('',(3.75,-27.84711431703));
#8453 = CARTESIAN_POINT('',(3.75,-23.95));
#8454 = ( GEOMETRIC_REPRESENTATION_CONTEXT(2) 
PARAMETRIC_REPRESENTATION_CONTEXT() REPRESENTATION_CONTEXT('2D SPACE',''
  ) );
#8455 = PCURVE('',#8456,#8461);
#8456 = CYLINDRICAL_SURFACE('',#8457,2.25);
#8457 = AXIS2_PLACEMENT_3D('',#8458,#8459,#8460);
#8458 = CARTESIAN_POINT('',(110.,0.,-17.01));
#8459 = DIRECTION('',(0.,0.,1.));
#8460 = DIRECTION('',(1.,0.,-0.));
#8461 = DEFINITIONAL_REPRESENTATION('',(#8462),#8466);
#8462 = LINE('',#8463,#8464);
#8463 = CARTESIAN_POINT('',(0.,1.000000000001E-02));
#8464 = VECTOR('',#8465,1.);
#8465 = DIRECTION('',(1.,0.));
#8466 = ( GEOMETRIC_REPRESENTATION_CONTEXT(2) 
PARAMETRIC_REPRESENTATION_CONTEXT() REPRESENTATION_CONTEXT('2D SPACE',''
  ) );
#8467 = FACE_BOUND('',#8468,.T.);
#8468 = EDGE_LOOP('',(#8469));
#8469 = ORIENTED_EDGE('',*,*,#8470,.T.);
#8470 = EDGE_CURVE('',#8471,#8471,#8473,.T.);
#8471 = VERTEX_POINT('',#8472);
#8472 = CARTESIAN_POINT('',(105.8,5.,-17.));
#8473 = SURFACE_CURVE('',#8474,(#8479,#8490),.PCURVE_S1.);
#8474 = CIRCLE('',#8475,1.8);
#8475 = AXIS2_PLACEMENT_3D('',#8476,#8477,#8478);
#8476 = CARTESIAN_POINT('',(104.,5.,-17.));
#8477 = DIRECTION('',(0.,0.,1.));
#8478 = DIRECTION('',(1.,0.,-0.));
#8479 = PCURVE('',#2453,#8480);
#8480 = DEFINITIONAL_REPRESENTATION('',(#8481),#8489);
#8481 = ( BOUNDED_CURVE() B_SPLINE_CURVE(2,(#8482,#8483,#8484,#8485,
#8486,#8487,#8488),.UNSPECIFIED.,.T.,.F.) B_SPLINE_CURVE_WITH_KNOTS((1,2
    ,2,2,2,1),(-2.094395102393,0.,2.094395102393,4.188790204786,
6.28318530718,8.377580409573),.UNSPECIFIED.) CURVE() 
GEOMETRIC_REPRESENTATION_ITEM() RATIONAL_B_SPLINE_CURVE((1.,0.5,1.,0.5,
1.,0.5,1.)) REPRESENTATION_ITEM('') );
#8482 = CARTESIAN_POINT('',(10.2,-18.95));
#8483 = CARTESIAN_POINT('',(10.2,-15.83230854637));
#8484 = CARTESIAN_POINT('',(12.9,-17.39115427318));
#8485 = CARTESIAN_POINT('',(15.6,-18.95));
#8486 = CARTESIAN_POINT('',(12.9,-20.50884572681));
#8487 = CARTESIAN_POINT('',(10.2,-22.06769145362));
#8488 = CARTESIAN_POINT('',(10.2,-18.95));
#8489 = ( GEOMETRIC_REPRESENTATION_CONTEXT(2) 
PARAMETRIC_REPRESENTATION_CONTEXT() REPRESENTATION_CONTEXT('2D SPACE',''
  ) );
#8490 = PCURVE('',#8491,#8496);
#8491 = CYLINDRICAL_SURFACE('',#8492,1.8);
#8492 = AXIS2_PLACEMENT_3D('',#8493,#8494,#8495);
#8493 = CARTESIAN_POINT('',(104.,5.,-17.01));
#8494 = DIRECTION('',(0.,0.,1.));
#8495 = DIRECTION('',(1.,0.,-0.));
#8496 = DEFINITIONAL_REPRESENTATION('',(#8497),#8501);
#8497 = LINE('',#8498,#8499);
#8498 = CARTESIAN_POINT('',(0.,1.000000000001E-02));
#8499 = VECTOR('',#8500,1.);
#8500 = DIRECTION('',(1.,0.));
#8501 = ( GEOMETRIC_REPRESENTATION_CONTEXT(2) 
PARAMETRIC_REPRESENTATION_CONTEXT() REPRESENTATION_CONTEXT('2D SPACE',''
  ) );
#8502 = ADVANCED_FACE('',(#8503),#8491,.F.);
#8503 = FACE_BOUND('',#8504,.F.);
#8504 = EDGE_LOOP('',(#8505,#8528,#8555,#8556));
#8505 = ORIENTED_EDGE('',*,*,#8506,.T.);
#8506 = EDGE_CURVE('',#8471,#8507,#8509,.T.);
#8507 = VERTEX_POINT('',#8508);
#8508 = CARTESIAN_POINT('',(105.8,5.,-14.));
#8509 = SEAM_CURVE('',#8510,(#8514,#8521),.PCURVE_S1.);
#8510 = LINE('',#8511,#8512);
#8511 = CARTESIAN_POINT('',(105.8,5.,-17.01));
#8512 = VECTOR('',#8513,1.);
#8513 = DIRECTION('',(0.,0.,1.));
#8514 = PCURVE('',#8491,#8515);
#8515 = DEFINITIONAL_REPRESENTATION('',(#8516),#8520);
#8516 = LINE('',#8517,#8518);
#8517 = CARTESIAN_POINT('',(6.28318530718,-0.));
#8518 = VECTOR('',#8519,1.);
#8519 = DIRECTION('',(0.,1.));
#8520 = ( GEOMETRIC_REPRESENTATION_CONTEXT(2) 
PARAMETRIC_REPRESENTATION_CONTEXT() REPRESENTATION_CONTEXT('2D SPACE',''
  ) );
#8521 = PCURVE('',#8491,#8522);
#8522 = DEFINITIONAL_REPRESENTATION('',(#8523),#8527);
#8523 = LINE('',#8524,#8525);
#8524 = CARTESIAN_POINT('',(0.,-0.));
#8525 = VECTOR('',#8526,1.);
#8526 = DIRECTION('',(0.,1.));
#8527 = ( GEOMETRIC_REPRESENTATION_CONTEXT(2) 
PARAMETRIC_REPRESENTATION_CONTEXT() REPRESENTATION_CONTEXT('2D SPACE',''
  ) );
#8528 = ORIENTED_EDGE('',*,*,#8529,.F.);
#8529 = EDGE_CURVE('',#8507,#8507,#8530,.T.);
#8530 = SURFACE_CURVE('',#8531,(#8536,#8543),.PCURVE_S1.);
#8531 = CIRCLE('',#8532,1.8);
#8532 = AXIS2_PLACEMENT_3D('',#8533,#8534,#8535);
#8533 = CARTESIAN_POINT('',(104.,5.,-14.));
#8534 = DIRECTION('',(0.,0.,1.));
#8535 = DIRECTION('',(1.,0.,-0.));
#8536 = PCURVE('',#8491,#8537);
#8537 = DEFINITIONAL_REPRESENTATION('',(#8538),#8542);
#8538 = LINE('',#8539,#8540);
#8539 = CARTESIAN_POINT('',(0.,3.01));
#8540 = VECTOR('',#8541,1.);
#8541 = DIRECTION('',(1.,0.));
#8542 = ( GEOMETRIC_REPRESENTATION_CONTEXT(2) 
PARAMETRIC_REPRESENTATION_CONTEXT() REPRESENTATION_CONTEXT('2D SPACE',''
  ) );
#8543 = PCURVE('',#8544,#8549);
#8544 = PLANE('',#8545);
#8545 = AXIS2_PLACEMENT_3D('',#8546,#8547,#8548);
#8546 = CARTESIAN_POINT('',(104.,5.,-14.));
#8547 = DIRECTION('',(0.,0.,1.));
#8548 = DIRECTION('',(1.,0.,-0.));
#8549 = DEFINITIONAL_REPRESENTATION('',(#8550),#8554);
#8550 = CIRCLE('',#8551,1.8);
#8551 = AXIS2_PLACEMENT_2D('',#8552,#8553);
#8552 = CARTESIAN_POINT('',(0.,0.));
#8553 = DIRECTION('',(1.,0.));
#8554 = ( GEOMETRIC_REPRESENTATION_CONTEXT(2) 
PARAMETRIC_REPRESENTATION_CONTEXT() REPRESENTATION_CONTEXT('2D SPACE',''
  ) );
#8555 = ORIENTED_EDGE('',*,*,#8506,.F.);
#8556 = ORIENTED_EDGE('',*,*,#8470,.T.);
#8557 = ADVANCED_FACE('',(#8558),#8544,.F.);
#8558 = FACE_BOUND('',#8559,.F.);
#8559 = EDGE_LOOP('',(#8560));
#8560 = ORIENTED_EDGE('',*,*,#8529,.T.);
#8561 = ADVANCED_FACE('',(#8562),#8456,.F.);
#8562 = FACE_BOUND('',#8563,.F.);
#8563 = EDGE_LOOP('',(#8564,#8587,#8614,#8615));
#8564 = ORIENTED_EDGE('',*,*,#8565,.T.);
#8565 = EDGE_CURVE('',#8436,#8566,#8568,.T.);
#8566 = VERTEX_POINT('',#8567);
#8567 = CARTESIAN_POINT('',(112.25,-5.510910596163E-16,-16.55));
#8568 = SEAM_CURVE('',#8569,(#8573,#8580),.PCURVE_S1.);
#8569 = LINE('',#8570,#8571);
#8570 = CARTESIAN_POINT('',(112.25,-5.510910596163E-16,-17.01));
#8571 = VECTOR('',#8572,1.);
#8572 = DIRECTION('',(0.,0.,1.));
#8573 = PCURVE('',#8456,#8574);
#8574 = DEFINITIONAL_REPRESENTATION('',(#8575),#8579);
#8575 = LINE('',#8576,#8577);
#8576 = CARTESIAN_POINT('',(6.28318530718,-0.));
#8577 = VECTOR('',#8578,1.);
#8578 = DIRECTION('',(0.,1.));
#8579 = ( GEOMETRIC_REPRESENTATION_CONTEXT(2) 
PARAMETRIC_REPRESENTATION_CONTEXT() REPRESENTATION_CONTEXT('2D SPACE',''
  ) );
#8580 = PCURVE('',#8456,#8581);
#8581 = DEFINITIONAL_REPRESENTATION('',(#8582),#8586);
#8582 = LINE('',#8583,#8584);
#8583 = CARTESIAN_POINT('',(0.,-0.));
#8584 = VECTOR('',#8585,1.);
#8585 = DIRECTION('',(0.,1.));
#8586 = ( GEOMETRIC_REPRESENTATION_CONTEXT(2) 
PARAMETRIC_REPRESENTATION_CONTEXT() REPRESENTATION_CONTEXT('2D SPACE',''
  ) );
#8587 = ORIENTED_EDGE('',*,*,#8588,.F.);
#8588 = EDGE_CURVE('',#8566,#8566,#8589,.T.);
#8589 = SURFACE_CURVE('',#8590,(#8595,#8602),.PCURVE_S1.);
#8590 = CIRCLE('',#8591,2.25);
#8591 = AXIS2_PLACEMENT_3D('',#8592,#8593,#8594);
#8592 = CARTESIAN_POINT('',(110.,0.,-16.55));
#8593 = DIRECTION('',(0.,0.,1.));
#8594 = DIRECTION('',(1.,0.,-0.));
#8595 = PCURVE('',#8456,#8596);
#8596 = DEFINITIONAL_REPRESENTATION('',(#8597),#8601);
#8597 = LINE('',#8598,#8599);
#8598 = CARTESIAN_POINT('',(0.,0.46));
#8599 = VECTOR('',#8600,1.);
#8600 = DIRECTION('',(1.,0.));
#8601 = ( GEOMETRIC_REPRESENTATION_CONTEXT(2) 
PARAMETRIC_REPRESENTATION_CONTEXT() REPRESENTATION_CONTEXT('2D SPACE',''
  ) );
#8602 = PCURVE('',#8603,#8608);
#8603 = PLANE('',#8604);
#8604 = AXIS2_PLACEMENT_3D('',#8605,#8606,#8607);
#8605 = CARTESIAN_POINT('',(110.,0.,-16.55));
#8606 = DIRECTION('',(0.,0.,1.));
#8607 = DIRECTION('',(1.,0.,-0.));
#8608 = DEFINITIONAL_REPRESENTATION('',(#8609),#8613);
#8609 = CIRCLE('',#8610,2.25);
#8610 = AXIS2_PLACEMENT_2D('',#8611,#8612);
#8611 = CARTESIAN_POINT('',(0.,0.));
#8612 = DIRECTION('',(1.,0.));
#8613 = ( GEOMETRIC_REPRESENTATION_CONTEXT(2) 
PARAMETRIC_REPRESENTATION_CONTEXT() REPRESENTATION_CONTEXT('2D SPACE',''
  ) );
#8614 = ORIENTED_EDGE('',*,*,#8565,.F.);
#8615 = ORIENTED_EDGE('',*,*,#8435,.T.);
#8616 = ADVANCED_FACE('',(#8617,#8620),#8603,.F.);
#8617 = FACE_BOUND('',#8618,.F.);
#8618 = EDGE_LOOP('',(#8619));
#8619 = ORIENTED_EDGE('',*,*,#8588,.T.);
#8620 = FACE_BOUND('',#8621,.F.);
#8621 = EDGE_LOOP('',(#8622));
#8622 = ORIENTED_EDGE('',*,*,#8623,.F.);
#8623 = EDGE_CURVE('',#8624,#8624,#8626,.T.);
#8624 = VERTEX_POINT('',#8625);
#8625 = CARTESIAN_POINT('',(112.,-4.898587196589E-16,-16.55));
#8626 = SURFACE_CURVE('',#8627,(#8632,#8639),.PCURVE_S1.);
#8627 = CIRCLE('',#8628,2.);
#8628 = AXIS2_PLACEMENT_3D('',#8629,#8630,#8631);
#8629 = CARTESIAN_POINT('',(110.,0.,-16.55));
#8630 = DIRECTION('',(0.,0.,1.));
#8631 = DIRECTION('',(1.,0.,-0.));
#8632 = PCURVE('',#8603,#8633);
#8633 = DEFINITIONAL_REPRESENTATION('',(#8634),#8638);
#8634 = CIRCLE('',#8635,2.);
#8635 = AXIS2_PLACEMENT_2D('',#8636,#8637);
#8636 = CARTESIAN_POINT('',(0.,0.));
#8637 = DIRECTION('',(1.,0.));
#8638 = ( GEOMETRIC_REPRESENTATION_CONTEXT(2) 
PARAMETRIC_REPRESENTATION_CONTEXT() REPRESENTATION_CONTEXT('2D SPACE',''
  ) );
#8639 = PCURVE('',#8640,#8645);
#8640 = CYLINDRICAL_SURFACE('',#8641,2.);
#8641 = AXIS2_PLACEMENT_3D('',#8642,#8643,#8644);
#8642 = CARTESIAN_POINT('',(110.,0.,-17.01));
#8643 = DIRECTION('',(0.,0.,1.));
#8644 = DIRECTION('',(1.,0.,-0.));
#8645 = DEFINITIONAL_REPRESENTATION('',(#8646),#8650);
#8646 = LINE('',#8647,#8648);
#8647 = CARTESIAN_POINT('',(0.,0.46));
#8648 = VECTOR('',#8649,1.);
#8649 = DIRECTION('',(1.,0.));
#8650 = ( GEOMETRIC_REPRESENTATION_CONTEXT(2) 
PARAMETRIC_REPRESENTATION_CONTEXT() REPRESENTATION_CONTEXT('2D SPACE',''
  ) );
#8651 = ADVANCED_FACE('',(#8652),#8640,.F.);
#8652 = FACE_BOUND('',#8653,.F.);
#8653 = EDGE_LOOP('',(#8654,#8677,#8704,#8705));
#8654 = ORIENTED_EDGE('',*,*,#8655,.T.);
#8655 = EDGE_CURVE('',#8624,#8656,#8658,.T.);
#8656 = VERTEX_POINT('',#8657);
#8657 = CARTESIAN_POINT('',(112.,-4.898587196589E-16,-10.));
#8658 = SEAM_CURVE('',#8659,(#8663,#8670),.PCURVE_S1.);
#8659 = LINE('',#8660,#8661);
#8660 = CARTESIAN_POINT('',(112.,-4.898587196589E-16,-17.01));
#8661 = VECTOR('',#8662,1.);
#8662 = DIRECTION('',(0.,0.,1.));
#8663 = PCURVE('',#8640,#8664);
#8664 = DEFINITIONAL_REPRESENTATION('',(#8665),#8669);
#8665 = LINE('',#8666,#8667);
#8666 = CARTESIAN_POINT('',(6.28318530718,-0.));
#8667 = VECTOR('',#8668,1.);
#8668 = DIRECTION('',(0.,1.));
#8669 = ( GEOMETRIC_REPRESENTATION_CONTEXT(2) 
PARAMETRIC_REPRESENTATION_CONTEXT() REPRESENTATION_CONTEXT('2D SPACE',''
  ) );
#8670 = PCURVE('',#8640,#8671);
#8671 = DEFINITIONAL_REPRESENTATION('',(#8672),#8676);
#8672 = LINE('',#8673,#8674);
#8673 = CARTESIAN_POINT('',(0.,-0.));
#8674 = VECTOR('',#8675,1.);
#8675 = DIRECTION('',(0.,1.));
#8676 = ( GEOMETRIC_REPRESENTATION_CONTEXT(2) 
PARAMETRIC_REPRESENTATION_CONTEXT() REPRESENTATION_CONTEXT('2D SPACE',''
  ) );
#8677 = ORIENTED_EDGE('',*,*,#8678,.F.);
#8678 = EDGE_CURVE('',#8656,#8656,#8679,.T.);
#8679 = SURFACE_CURVE('',#8680,(#8685,#8692),.PCURVE_S1.);
#8680 = CIRCLE('',#8681,2.);
#8681 = AXIS2_PLACEMENT_3D('',#8682,#8683,#8684);
#8682 = CARTESIAN_POINT('',(110.,0.,-10.));
#8683 = DIRECTION('',(0.,0.,1.));
#8684 = DIRECTION('',(1.,0.,-0.));
#8685 = PCURVE('',#8640,#8686);
#8686 = DEFINITIONAL_REPRESENTATION('',(#8687),#8691);
#8687 = LINE('',#8688,#8689);
#8688 = CARTESIAN_POINT('',(0.,7.01));
#8689 = VECTOR('',#8690,1.);
#8690 = DIRECTION('',(1.,0.));
#8691 = ( GEOMETRIC_REPRESENTATION_CONTEXT(2) 
PARAMETRIC_REPRESENTATION_CONTEXT() REPRESENTATION_CONTEXT('2D SPACE',''
  ) );
#8692 = PCURVE('',#8693,#8698);
#8693 = PLANE('',#8694);
#8694 = AXIS2_PLACEMENT_3D('',#8695,#8696,#8697);
#8695 = CARTESIAN_POINT('',(110.,0.,-10.));
#8696 = DIRECTION('',(0.,0.,1.));
#8697 = DIRECTION('',(1.,0.,-0.));
#8698 = DEFINITIONAL_REPRESENTATION('',(#8699),#8703);
#8699 = CIRCLE('',#8700,2.);
#8700 = AXIS2_PLACEMENT_2D('',#8701,#8702);
#8701 = CARTESIAN_POINT('',(0.,0.));
#8702 = DIRECTION('',(1.,0.));
#8703 = ( GEOMETRIC_REPRESENTATION_CONTEXT(2) 
PARAMETRIC_REPRESENTATION_CONTEXT() REPRESENTATION_CONTEXT('2D SPACE',''
  ) );
#8704 = ORIENTED_EDGE('',*,*,#8655,.F.);
#8705 = ORIENTED_EDGE('',*,*,#8623,.T.);
#8706 = ADVANCED_FACE('',(#8707),#8693,.F.);
#8707 = FACE_BOUND('',#8708,.F.);
#8708 = EDGE_LOOP('',(#8709));
#8709 = ORIENTED_EDGE('',*,*,#8678,.T.);
#8710 = ADVANCED_FACE('',(#8711),#8421,.F.);
#8711 = FACE_BOUND('',#8712,.F.);
#8712 = EDGE_LOOP('',(#8713,#8736,#8763,#8764));
#8713 = ORIENTED_EDGE('',*,*,#8714,.T.);
#8714 = EDGE_CURVE('',#8401,#8715,#8717,.T.);
#8715 = VERTEX_POINT('',#8716);
#8716 = CARTESIAN_POINT('',(105.8,-5.,-14.));
#8717 = SEAM_CURVE('',#8718,(#8722,#8729),.PCURVE_S1.);
#8718 = LINE('',#8719,#8720);
#8719 = CARTESIAN_POINT('',(105.8,-5.,-17.01));
#8720 = VECTOR('',#8721,1.);
#8721 = DIRECTION('',(0.,0.,1.));
#8722 = PCURVE('',#8421,#8723);
#8723 = DEFINITIONAL_REPRESENTATION('',(#8724),#8728);
#8724 = LINE('',#8725,#8726);
#8725 = CARTESIAN_POINT('',(6.28318530718,-0.));
#8726 = VECTOR('',#8727,1.);
#8727 = DIRECTION('',(0.,1.));
#8728 = ( GEOMETRIC_REPRESENTATION_CONTEXT(2) 
PARAMETRIC_REPRESENTATION_CONTEXT() REPRESENTATION_CONTEXT('2D SPACE',''
  ) );
#8729 = PCURVE('',#8421,#8730);
#8730 = DEFINITIONAL_REPRESENTATION('',(#8731),#8735);
#8731 = LINE('',#8732,#8733);
#8732 = CARTESIAN_POINT('',(0.,-0.));
#8733 = VECTOR('',#8734,1.);
#8734 = DIRECTION('',(0.,1.));
#8735 = ( GEOMETRIC_REPRESENTATION_CONTEXT(2) 
PARAMETRIC_REPRESENTATION_CONTEXT() REPRESENTATION_CONTEXT('2D SPACE',''
  ) );
#8736 = ORIENTED_EDGE('',*,*,#8737,.F.);
#8737 = EDGE_CURVE('',#8715,#8715,#8738,.T.);
#8738 = SURFACE_CURVE('',#8739,(#8744,#8751),.PCURVE_S1.);
#8739 = CIRCLE('',#8740,1.8);
#8740 = AXIS2_PLACEMENT_3D('',#8741,#8742,#8743);
#8741 = CARTESIAN_POINT('',(104.,-5.,-14.));
#8742 = DIRECTION('',(0.,0.,1.));
#8743 = DIRECTION('',(1.,0.,-0.));
#8744 = PCURVE('',#8421,#8745);
#8745 = DEFINITIONAL_REPRESENTATION('',(#8746),#8750);
#8746 = LINE('',#8747,#8748);
#8747 = CARTESIAN_POINT('',(0.,3.01));
#8748 = VECTOR('',#8749,1.);
#8749 = DIRECTION('',(1.,0.));
#8750 = ( GEOMETRIC_REPRESENTATION_CONTEXT(2) 
PARAMETRIC_REPRESENTATION_CONTEXT() REPRESENTATION_CONTEXT('2D SPACE',''
  ) );
#8751 = PCURVE('',#8752,#8757);
#8752 = PLANE('',#8753);
#8753 = AXIS2_PLACEMENT_3D('',#8754,#8755,#8756);
#8754 = CARTESIAN_POINT('',(104.,-5.,-14.));
#8755 = DIRECTION('',(0.,0.,1.));
#8756 = DIRECTION('',(1.,0.,-0.));
#8757 = DEFINITIONAL_REPRESENTATION('',(#8758),#8762);
#8758 = CIRCLE('',#8759,1.8);
#8759 = AXIS2_PLACEMENT_2D('',#8760,#8761);
#8760 = CARTESIAN_POINT('',(0.,0.));
#8761 = DIRECTION('',(1.,0.));
#8762 = ( GEOMETRIC_REPRESENTATION_CONTEXT(2) 
PARAMETRIC_REPRESENTATION_CONTEXT() REPRESENTATION_CONTEXT('2D SPACE',''
  ) );
#8763 = ORIENTED_EDGE('',*,*,#8714,.F.);
#8764 = ORIENTED_EDGE('',*,*,#8400,.T.);
#8765 = ADVANCED_FACE('',(#8766),#8752,.F.);
#8766 = FACE_BOUND('',#8767,.F.);
#8767 = EDGE_LOOP('',(#8768));
#8768 = ORIENTED_EDGE('',*,*,#8737,.T.);
#8769 = ADVANCED_FACE('',(#8770),#651,.T.);
#8770 = FACE_BOUND('',#8771,.T.);
#8771 = EDGE_LOOP('',(#8772,#8773,#8792,#8793));
#8772 = ORIENTED_EDGE('',*,*,#1154,.F.);
#8773 = ORIENTED_EDGE('',*,*,#8774,.T.);
#8774 = EDGE_CURVE('',#1155,#637,#8775,.T.);
#8775 = SURFACE_CURVE('',#8776,(#8780,#8786),.PCURVE_S1.);
#8776 = LINE('',#8777,#8778);
#8777 = CARTESIAN_POINT('',(-9.363759928576,16.05,-3.65));
#8778 = VECTOR('',#8779,1.);
#8779 = DIRECTION('',(-0.,-1.,-1.110223024625E-16));
#8780 = PCURVE('',#651,#8781);
#8781 = DEFINITIONAL_REPRESENTATION('',(#8782),#8785);
#8782 = B_SPLINE_CURVE_WITH_KNOTS('',1,(#8783,#8784),.UNSPECIFIED.,.F.,
  .F.,(2,2),(-3.5,-2.3),.PIECEWISE_BEZIER_KNOTS.);
#8783 = CARTESIAN_POINT('',(8.636240071424,1.11));
#8784 = CARTESIAN_POINT('',(8.636240071424,-9.E-02));
#8785 = ( GEOMETRIC_REPRESENTATION_CONTEXT(2) 
PARAMETRIC_REPRESENTATION_CONTEXT() REPRESENTATION_CONTEXT('2D SPACE',''
  ) );
#8786 = PCURVE('',#111,#8787);
#8787 = DEFINITIONAL_REPRESENTATION('',(#8788),#8791);
#8788 = B_SPLINE_CURVE_WITH_KNOTS('',1,(#8789,#8790),.UNSPECIFIED.,.F.,
  .F.,(2,2),(-3.5,-2.3),.PIECEWISE_BEZIER_KNOTS.);
#8789 = CARTESIAN_POINT('',(-2.329985759026,-3.5));
#8790 = CARTESIAN_POINT('',(-2.329985759026,-2.3));
#8791 = ( GEOMETRIC_REPRESENTATION_CONTEXT(2) 
PARAMETRIC_REPRESENTATION_CONTEXT() REPRESENTATION_CONTEXT('2D SPACE',''
  ) );
#8792 = ORIENTED_EDGE('',*,*,#636,.F.);
#8793 = ORIENTED_EDGE('',*,*,#8794,.F.);
#8794 = EDGE_CURVE('',#1157,#606,#8795,.T.);
#8795 = SURFACE_CURVE('',#8796,(#8800,#8806),.PCURVE_S1.);
#8796 = LINE('',#8797,#8798);
#8797 = CARTESIAN_POINT('',(-6.045492200729,24.05,-3.65));
#8798 = VECTOR('',#8799,1.);
#8799 = DIRECTION('',(0.,-1.,0.));
#8800 = PCURVE('',#651,#8801);
#8801 = DEFINITIONAL_REPRESENTATION('',(#8802),#8805);
#8802 = B_SPLINE_CURVE_WITH_KNOTS('',1,(#8803,#8804),.UNSPECIFIED.,.F.,
  .F.,(2,2),(4.499,5.711),.PIECEWISE_BEZIER_KNOTS.);
#8803 = CARTESIAN_POINT('',(11.954507799271,1.111));
#8804 = CARTESIAN_POINT('',(11.954507799271,-0.101));
#8805 = ( GEOMETRIC_REPRESENTATION_CONTEXT(2) 
PARAMETRIC_REPRESENTATION_CONTEXT() REPRESENTATION_CONTEXT('2D SPACE',''
  ) );
#8806 = PCURVE('',#624,#8807);
#8807 = DEFINITIONAL_REPRESENTATION('',(#8808),#8811);
#8808 = B_SPLINE_CURVE_WITH_KNOTS('',1,(#8809,#8810),.UNSPECIFIED.,.F.,
  .F.,(2,2),(4.499,5.711),.PIECEWISE_BEZIER_KNOTS.);
#8809 = CARTESIAN_POINT('',(3.842034706443,4.499));
#8810 = CARTESIAN_POINT('',(3.842034706443,5.711));
#8811 = ( GEOMETRIC_REPRESENTATION_CONTEXT(2) 
PARAMETRIC_REPRESENTATION_CONTEXT() REPRESENTATION_CONTEXT('2D SPACE',''
  ) );
#8812 = ADVANCED_FACE('',(#8813),#624,.F.);
#8813 = FACE_BOUND('',#8814,.F.);
#8814 = EDGE_LOOP('',(#8815,#8816,#8839,#8866,#8867,#8868,#8869,#8870));
#8815 = ORIENTED_EDGE('',*,*,#912,.F.);
#8816 = ORIENTED_EDGE('',*,*,#8817,.F.);
#8817 = EDGE_CURVE('',#8818,#608,#8820,.T.);
#8818 = VERTEX_POINT('',#8819);
#8819 = CARTESIAN_POINT('',(-4.949747468306,22.45,-6.649747468306));
#8820 = SEAM_CURVE('',#8821,(#8825,#8832),.PCURVE_S1.);
#8821 = LINE('',#8822,#8823);
#8822 = CARTESIAN_POINT('',(-4.949747468306,24.05,-6.649747468306));
#8823 = VECTOR('',#8824,1.);
#8824 = DIRECTION('',(0.,-1.,0.));
#8825 = PCURVE('',#624,#8826);
#8826 = DEFINITIONAL_REPRESENTATION('',(#8827),#8831);
#8827 = LINE('',#8828,#8829);
#8828 = CARTESIAN_POINT('',(6.28318530718,-0.));
#8829 = VECTOR('',#8830,1.);
#8830 = DIRECTION('',(0.,1.));
#8831 = ( GEOMETRIC_REPRESENTATION_CONTEXT(2) 
PARAMETRIC_REPRESENTATION_CONTEXT() REPRESENTATION_CONTEXT('2D SPACE',''
  ) );
#8832 = PCURVE('',#624,#8833);
#8833 = DEFINITIONAL_REPRESENTATION('',(#8834),#8838);
#8834 = LINE('',#8835,#8836);
#8835 = CARTESIAN_POINT('',(0.,-0.));
#8836 = VECTOR('',#8837,1.);
#8837 = DIRECTION('',(0.,1.));
#8838 = ( GEOMETRIC_REPRESENTATION_CONTEXT(2) 
PARAMETRIC_REPRESENTATION_CONTEXT() REPRESENTATION_CONTEXT('2D SPACE',''
  ) );
#8839 = ORIENTED_EDGE('',*,*,#8840,.T.);
#8840 = EDGE_CURVE('',#8818,#8818,#8841,.T.);
#8841 = SURFACE_CURVE('',#8842,(#8847,#8854),.PCURVE_S1.);
#8842 = CIRCLE('',#8843,1.7);
#8843 = AXIS2_PLACEMENT_3D('',#8844,#8845,#8846);
#8844 = CARTESIAN_POINT('',(-4.949747468306,22.45,-4.949747468306));
#8845 = DIRECTION('',(0.,-1.,0.));
#8846 = DIRECTION('',(0.,-0.,-1.));
#8847 = PCURVE('',#624,#8848);
#8848 = DEFINITIONAL_REPRESENTATION('',(#8849),#8853);
#8849 = LINE('',#8850,#8851);
#8850 = CARTESIAN_POINT('',(0.,1.6));
#8851 = VECTOR('',#8852,1.);
#8852 = DIRECTION('',(1.,0.));
#8853 = ( GEOMETRIC_REPRESENTATION_CONTEXT(2) 
PARAMETRIC_REPRESENTATION_CONTEXT() REPRESENTATION_CONTEXT('2D SPACE',''
  ) );
#8854 = PCURVE('',#8855,#8860);
#8855 = PLANE('',#8856);
#8856 = AXIS2_PLACEMENT_3D('',#8857,#8858,#8859);
#8857 = CARTESIAN_POINT('',(-4.949747468306,22.45,-4.949747468306));
#8858 = DIRECTION('',(0.,-1.,0.));
#8859 = DIRECTION('',(0.,-0.,-1.));
#8860 = DEFINITIONAL_REPRESENTATION('',(#8861),#8865);
#8861 = CIRCLE('',#8862,1.7);
#8862 = AXIS2_PLACEMENT_2D('',#8863,#8864);
#8863 = CARTESIAN_POINT('',(0.,0.));
#8864 = DIRECTION('',(1.,0.));
#8865 = ( GEOMETRIC_REPRESENTATION_CONTEXT(2) 
PARAMETRIC_REPRESENTATION_CONTEXT() REPRESENTATION_CONTEXT('2D SPACE',''
  ) );
#8866 = ORIENTED_EDGE('',*,*,#8817,.T.);
#8867 = ORIENTED_EDGE('',*,*,#605,.F.);
#8868 = ORIENTED_EDGE('',*,*,#8794,.F.);
#8869 = ORIENTED_EDGE('',*,*,#1336,.F.);
#8870 = ORIENTED_EDGE('',*,*,#1110,.T.);
#8871 = ADVANCED_FACE('',(#8872,#8922),#8855,.F.);
#8872 = FACE_BOUND('',#8873,.F.);
#8873 = EDGE_LOOP('',(#8874,#8900));
#8874 = ORIENTED_EDGE('',*,*,#8875,.T.);
#8875 = EDGE_CURVE('',#8876,#8878,#8880,.T.);
#8876 = VERTEX_POINT('',#8877);
#8877 = CARTESIAN_POINT('',(-6.408707029243,22.45,-7.741509814844));
#8878 = VERTEX_POINT('',#8879);
#8879 = CARTESIAN_POINT('',(-7.741509814844,22.45,-6.408707029243));
#8880 = SURFACE_CURVE('',#8881,(#8886,#8893),.PCURVE_S1.);
#8881 = CIRCLE('',#8882,3.15);
#8882 = AXIS2_PLACEMENT_3D('',#8883,#8884,#8885);
#8883 = CARTESIAN_POINT('',(-4.949747468306,22.45,-4.949747468306));
#8884 = DIRECTION('',(0.,-1.,0.));
#8885 = DIRECTION('',(-0.463161765377,-0.,-0.886273760806));
#8886 = PCURVE('',#8855,#8887);
#8887 = DEFINITIONAL_REPRESENTATION('',(#8888),#8892);
#8888 = CIRCLE('',#8889,3.15);
#8889 = AXIS2_PLACEMENT_2D('',#8890,#8891);
#8890 = CARTESIAN_POINT('',(0.,0.));
#8891 = DIRECTION('',(0.886273760806,-0.463161765377));
#8892 = ( GEOMETRIC_REPRESENTATION_CONTEXT(2) 
PARAMETRIC_REPRESENTATION_CONTEXT() REPRESENTATION_CONTEXT('2D SPACE',''
  ) );
#8893 = PCURVE('',#205,#8894);
#8894 = DEFINITIONAL_REPRESENTATION('',(#8895),#8899);
#8895 = LINE('',#8896,#8897);
#8896 = CARTESIAN_POINT('',(5.801625938802,1.6));
#8897 = VECTOR('',#8898,1.);
#8898 = DIRECTION('',(1.,0.));
#8899 = ( GEOMETRIC_REPRESENTATION_CONTEXT(2) 
PARAMETRIC_REPRESENTATION_CONTEXT() REPRESENTATION_CONTEXT('2D SPACE',''
  ) );
#8900 = ORIENTED_EDGE('',*,*,#8901,.T.);
#8901 = EDGE_CURVE('',#8878,#8876,#8902,.T.);
#8902 = SURFACE_CURVE('',#8903,(#8908,#8915),.PCURVE_S1.);
#8903 = CIRCLE('',#8904,10.05);
#8904 = AXIS2_PLACEMENT_3D('',#8905,#8906,#8907);
#8905 = CARTESIAN_POINT('',(-5.834698879568E-16,22.45,7.641611109426E-16
    ));
#8906 = DIRECTION('',(-2.157543153397E-33,-1.,-1.110223024625E-16));
#8907 = DIRECTION('',(0.904784101404,4.728112959711E-17,-0.42587055527)
  );
#8908 = PCURVE('',#8855,#8909);
#8909 = DEFINITIONAL_REPRESENTATION('',(#8910),#8914);
#8910 = CIRCLE('',#8911,10.05);
#8911 = AXIS2_PLACEMENT_2D('',#8912,#8913);
#8912 = CARTESIAN_POINT('',(-4.949747468306,4.949747468306));
#8913 = DIRECTION('',(0.42587055527,0.904784101404));
#8914 = ( GEOMETRIC_REPRESENTATION_CONTEXT(2) 
PARAMETRIC_REPRESENTATION_CONTEXT() REPRESENTATION_CONTEXT('2D SPACE',''
  ) );
#8915 = PCURVE('',#111,#8916);
#8916 = DEFINITIONAL_REPRESENTATION('',(#8917),#8921);
#8917 = LINE('',#8918,#8919);
#8918 = CARTESIAN_POINT('',(-6.28318530718,-6.4));
#8919 = VECTOR('',#8920,1.);
#8920 = DIRECTION('',(1.,-0.));
#8921 = ( GEOMETRIC_REPRESENTATION_CONTEXT(2) 
PARAMETRIC_REPRESENTATION_CONTEXT() REPRESENTATION_CONTEXT('2D SPACE',''
  ) );
#8922 = FACE_BOUND('',#8923,.F.);
#8923 = EDGE_LOOP('',(#8924));
#8924 = ORIENTED_EDGE('',*,*,#8840,.F.);
#8925 = ADVANCED_FACE('',(#8926),#410,.F.);
#8926 = FACE_BOUND('',#8927,.F.);
#8927 = EDGE_LOOP('',(#8928,#8929,#8930,#8951,#8952,#8953,#8954));
#8928 = ORIENTED_EDGE('',*,*,#862,.F.);
#8929 = ORIENTED_EDGE('',*,*,#1130,.F.);
#8930 = ORIENTED_EDGE('',*,*,#8931,.F.);
#8931 = EDGE_CURVE('',#390,#1083,#8932,.T.);
#8932 = SEAM_CURVE('',#8933,(#8937,#8944),.PCURVE_S1.);
#8933 = LINE('',#8934,#8935);
#8934 = CARTESIAN_POINT('',(-8.939921633776E-16,24.05,-3.65));
#8935 = VECTOR('',#8936,1.);
#8936 = DIRECTION('',(0.,-1.,0.));
#8937 = PCURVE('',#410,#8938);
#8938 = DEFINITIONAL_REPRESENTATION('',(#8939),#8943);
#8939 = LINE('',#8940,#8941);
#8940 = CARTESIAN_POINT('',(6.28318530718,-0.));
#8941 = VECTOR('',#8942,1.);
#8942 = DIRECTION('',(0.,1.));
#8943 = ( GEOMETRIC_REPRESENTATION_CONTEXT(2) 
PARAMETRIC_REPRESENTATION_CONTEXT() REPRESENTATION_CONTEXT('2D SPACE',''
  ) );
#8944 = PCURVE('',#410,#8945);
#8945 = DEFINITIONAL_REPRESENTATION('',(#8946),#8950);
#8946 = LINE('',#8947,#8948);
#8947 = CARTESIAN_POINT('',(0.,-0.));
#8948 = VECTOR('',#8949,1.);
#8949 = DIRECTION('',(0.,1.));
#8950 = ( GEOMETRIC_REPRESENTATION_CONTEXT(2) 
PARAMETRIC_REPRESENTATION_CONTEXT() REPRESENTATION_CONTEXT('2D SPACE',''
  ) );
#8951 = ORIENTED_EDGE('',*,*,#389,.T.);
#8952 = ORIENTED_EDGE('',*,*,#8931,.T.);
#8953 = ORIENTED_EDGE('',*,*,#1309,.F.);
#8954 = ORIENTED_EDGE('',*,*,#1386,.F.);
#8955 = ADVANCED_FACE('',(#8956),#364,.T.);
#8956 = FACE_BOUND('',#8957,.T.);
#8957 = EDGE_LOOP('',(#8958,#8959,#8992,#8993,#8994,#8995,#8996,#8997,
    #8998,#8999,#9000,#9001,#9002,#9003,#9004,#9005,#9006,#9007,#9008,
    #9009,#9010));
#8958 = ORIENTED_EDGE('',*,*,#332,.F.);
#8959 = ORIENTED_EDGE('',*,*,#8960,.F.);
#8960 = EDGE_CURVE('',#1642,#307,#8961,.T.);
#8961 = SURFACE_CURVE('',#8962,(#8970,#8981),.PCURVE_S1.);
#8962 = B_SPLINE_CURVE_WITH_KNOTS('',6,(#8963,#8964,#8965,#8966,#8967,
    #8968,#8969),.UNSPECIFIED.,.F.,.F.,(7,7),(0.,1.),
  .PIECEWISE_BEZIER_KNOTS.);
#8963 = CARTESIAN_POINT('',(-6.712146854652,16.05,14.260304416966));
#8964 = CARTESIAN_POINT('',(-6.712146854652,17.400081735399,
    14.260304416966));
#8965 = CARTESIAN_POINT('',(-6.712146854652,18.608877245508,
    14.260304416966));
#8966 = CARTESIAN_POINT('',(-6.712146854652,20.02840783842,
    14.260304416966));
#8967 = CARTESIAN_POINT('',(-6.712146854652,21.698109619363,
    14.260304416966));
#8968 = CARTESIAN_POINT('',(-6.712146854652,23.272878081713,
    14.260304416966));
#8969 = CARTESIAN_POINT('',(-6.712146854652,23.9500006,14.260304416966)
  );
#8970 = PCURVE('',#364,#8971);
#8971 = DEFINITIONAL_REPRESENTATION('',(#8972),#8980);
#8972 = B_SPLINE_CURVE_WITH_KNOTS('',6,(#8973,#8974,#8975,#8976,#8977,
    #8978,#8979),.UNSPECIFIED.,.F.,.F.,(7,7),(0.,1.),
  .PIECEWISE_BEZIER_KNOTS.);
#8973 = CARTESIAN_POINT('',(11.93643673779,-7.9));
#8974 = CARTESIAN_POINT('',(11.93643673779,-6.549918264601));
#8975 = CARTESIAN_POINT('',(11.93643673779,-5.341122754492));
#8976 = CARTESIAN_POINT('',(11.93643673779,-3.92159216158));
#8977 = CARTESIAN_POINT('',(11.93643673779,-2.251890380637));
#8978 = CARTESIAN_POINT('',(11.93643673779,-0.677121918287));
#8979 = CARTESIAN_POINT('',(11.93643673779,5.999999999062E-07));
#8980 = ( GEOMETRIC_REPRESENTATION_CONTEXT(2) 
PARAMETRIC_REPRESENTATION_CONTEXT() REPRESENTATION_CONTEXT('2D SPACE',''
  ) );
#8981 = PCURVE('',#321,#8982);
#8982 = DEFINITIONAL_REPRESENTATION('',(#8983),#8991);
#8983 = B_SPLINE_CURVE_WITH_KNOTS('',6,(#8984,#8985,#8986,#8987,#8988,
    #8989,#8990),.UNSPECIFIED.,.F.,.F.,(7,7),(0.,1.),
  .PIECEWISE_BEZIER_KNOTS.);
#8984 = CARTESIAN_POINT('',(-5.711002425701,1.7763568394E-15));
#8985 = CARTESIAN_POINT('',(-5.711002425701,-1.350081735399));
#8986 = CARTESIAN_POINT('',(-5.711002425701,-2.558877245508));
#8987 = CARTESIAN_POINT('',(-5.711002425701,-3.97840783842));
#8988 = CARTESIAN_POINT('',(-5.711002425701,-5.648109619363));
#8989 = CARTESIAN_POINT('',(-5.711002425701,-7.222878081713));
#8990 = CARTESIAN_POINT('',(-5.711002425701,-7.9000006));
#8991 = ( GEOMETRIC_REPRESENTATION_CONTEXT(2) 
PARAMETRIC_REPRESENTATION_CONTEXT() REPRESENTATION_CONTEXT('2D SPACE',''
  ) );
#8992 = ORIENTED_EDGE('',*,*,#1639,.F.);
#8993 = ORIENTED_EDGE('',*,*,#1964,.F.);
#8994 = ORIENTED_EDGE('',*,*,#2044,.T.);
#8995 = ORIENTED_EDGE('',*,*,#2400,.T.);
#8996 = ORIENTED_EDGE('',*,*,#2492,.F.);
#8997 = ORIENTED_EDGE('',*,*,#2721,.T.);
#8998 = ORIENTED_EDGE('',*,*,#2809,.F.);
#8999 = ORIENTED_EDGE('',*,*,#2897,.T.);
#9000 = ORIENTED_EDGE('',*,*,#2997,.F.);
#9001 = ORIENTED_EDGE('',*,*,#3085,.T.);
#9002 = ORIENTED_EDGE('',*,*,#3225,.F.);
#9003 = ORIENTED_EDGE('',*,*,#7853,.T.);
#9004 = ORIENTED_EDGE('',*,*,#7599,.F.);
#9005 = ORIENTED_EDGE('',*,*,#7546,.F.);
#9006 = ORIENTED_EDGE('',*,*,#7266,.T.);
#9007 = ORIENTED_EDGE('',*,*,#6760,.F.);
#9008 = ORIENTED_EDGE('',*,*,#5615,.T.);
#9009 = ORIENTED_EDGE('',*,*,#4286,.T.);
#9010 = ORIENTED_EDGE('',*,*,#9011,.T.);
#9011 = EDGE_CURVE('',#4287,#24,#9012,.T.);
#9012 = SURFACE_CURVE('',#9013,(#9247,#9484),.PCURVE_S1.);
#9013 = B_SPLINE_CURVE_WITH_KNOTS('',8,(#9014,#9015,#9016,#9017,#9018,
    #9019,#9020,#9021,#9022,#9023,#9024,#9025,#9026,#9027,#9028,#9029,
    #9030,#9031,#9032,#9033,#9034,#9035,#9036,#9037,#9038,#9039,#9040,
    #9041,#9042,#9043,#9044,#9045,#9046,#9047,#9048,#9049,#9050,#9051,
    #9052,#9053,#9054,#9055,#9056,#9057,#9058,#9059,#9060,#9061,#9062,
    #9063,#9064,#9065,#9066,#9067,#9068,#9069,#9070,#9071,#9072,#9073,
    #9074,#9075,#9076,#9077,#9078,#9079,#9080,#9081,#9082,#9083,#9084,
    #9085,#9086,#9087,#9088,#9089,#9090,#9091,#9092,#9093,#9094,#9095,
    #9096,#9097,#9098,#9099,#9100,#9101,#9102,#9103,#9104,#9105,#9106,
    #9107,#9108,#9109,#9110,#9111,#9112,#9113,#9114,#9115,#9116,#9117,
    #9118,#9119,#9120,#9121,#9122,#9123,#9124,#9125,#9126,#9127,#9128,
    #9129,#9130,#9131,#9132,#9133,#9134,#9135,#9136,#9137,#9138,#9139,
    #9140,#9141,#9142,#9143,#9144,#9145,#9146,#9147,#9148,#9149,#9150,
    #9151,#9152,#9153,#9154,#9155,#9156,#9157,#9158,#9159,#9160,#9161,
    #9162,#9163,#9164,#9165,#9166,#9167,#9168,#9169,#9170,#9171,#9172,
    #9173,#9174,#9175,#9176,#9177,#9178,#9179,#9180,#9181,#9182,#9183,
    #9184,#9185,#9186,#9187,#9188,#9189,#9190,#9191,#9192,#9193,#9194,
    #9195,#9196,#9197,#9198,#9199,#9200,#9201,#9202,#9203,#9204,#9205,
    #9206,#9207,#9208,#9209,#9210,#9211,#9212,#9213,#9214,#9215,#9216,
    #9217,#9218,#9219,#9220,#9221,#9222,#9223,#9224,#9225,#9226,#9227,
    #9228,#9229,#9230,#9231,#9232,#9233,#9234,#9235,#9236,#9237,#9238,
    #9239,#9240,#9241,#9242,#9243,#9244,#9245,#9246),.UNSPECIFIED.,.F.,
  .F.,(9,7,7,7,7,7,7,7,7,7,7,7,7,7,7,7,7,7,7,7,7,7,7,7,7,7,7,7,7,7,7,7,7
    ,9),(0.,5.669193951502E-03,7.95816176434E-03,1.028797773962E-02,
    1.172615743199E-02,1.320418957523E-02,1.621154315461E-02,
    1.960841781187E-02,2.43081126467E-02,2.938336713135E-02,
    5.111327727985E-02,5.670090157092E-02,9.871763230425E-02,
    0.102521423301,0.138265277548,0.143052869828,0.147212130865,
    0.179523194763,0.207870100477,0.219095011315,0.311093234437,
    0.331348407144,0.415695100996,0.451276264157,0.477991395187,
    0.558742836943,0.705564952595,0.713522858942,0.768640295144,
    0.782874739478,0.884259444668,0.913033871077,0.934725031462,1.),
  .UNSPECIFIED.);
#9014 = CARTESIAN_POINT('',(119.,0.,-12.));
#9015 = CARTESIAN_POINT('',(119.00915710279,7.690631369862E-02,
    -12.03870797136));
#9016 = CARTESIAN_POINT('',(119.01774515158,0.153758632355,
    -12.07736562702));
#9017 = CARTESIAN_POINT('',(119.02575778488,0.230585238072,
    -12.11593550819));
#9018 = CARTESIAN_POINT('',(119.03318796343,0.307415127394,
    -12.15437205964));
#9019 = CARTESIAN_POINT('',(119.04002769436,0.384294650944,
    -12.19259419604));
#9020 = CARTESIAN_POINT('',(119.04626854377,0.461283140875,
    -12.23049272366));
#9021 = CARTESIAN_POINT('',(119.05190155962,0.538474085846,
    -12.2678965718));
#9022 = CARTESIAN_POINT('',(119.0589395222,0.647425619015,
    -12.31916904301));
#9023 = CARTESIAN_POINT('',(119.06086262789,0.678828510718,-12.333771327
    ));
#9024 = CARTESIAN_POINT('',(119.06268395264,0.710313543336,
    -12.34820430504));
#9025 = CARTESIAN_POINT('',(119.0644025983,0.74189844168,-12.36243578006
    ));
#9026 = CARTESIAN_POINT('',(119.06601743719,0.77360282434,
    -12.37642462421));
#9027 = CARTESIAN_POINT('',(119.06752711411,0.805450152557,
    -12.39011725676));
#9028 = CARTESIAN_POINT('',(119.06892997336,0.837471004055,
    -12.40344166887));
#9029 = CARTESIAN_POINT('',(119.07154093856,0.902519624479,
    -12.42938576955));
#9030 = CARTESIAN_POINT('',(119.07274406861,0.935529165174,
    -12.44197805634));
#9031 = CARTESIAN_POINT('',(119.07383252031,0.968807871017,
    -12.45398460966));
#9032 = CARTESIAN_POINT('',(119.07480306421,1.00240925314,
    -12.46526685171));
#9033 = CARTESIAN_POINT('',(119.07565093207,1.036369456715,
    -12.47564010741));
#9034 = CARTESIAN_POINT('',(119.0763700999,1.070715927138,
    -12.48485233417));
#9035 = CARTESIAN_POINT('',(119.07695349092,1.105466182962,
    -12.49259068715));
#9036 = CARTESIAN_POINT('',(119.07766534979,1.162285986165,
    -12.50225494066));
#9037 = CARTESIAN_POINT('',(119.0778824395,1.184116329589,
    -12.50527259962));
#9038 = CARTESIAN_POINT('',(119.07804287965,1.20605860634,
    -12.50754405356));
#9039 = CARTESIAN_POINT('',(119.07814497999,1.228078043816,
    -12.50900756087));
#9040 = CARTESIAN_POINT('',(119.07818752627,1.250135667336,
    -12.50962039044));
#9041 = CARTESIAN_POINT('',(119.0781699115,1.272187610525,
    -12.50936439041));
#9042 = CARTESIAN_POINT('',(119.0780922673,1.294184425701,
    -12.50825155707));
#9043 = CARTESIAN_POINT('',(119.0778151359,1.33856283048,-12.50435439218
    ));
#9044 = CARTESIAN_POINT('',(119.0776122733,1.36094534957,-12.50152152468
    ));
#9045 = CARTESIAN_POINT('',(119.07734798278,1.383176509049,
    -12.49787795787));
#9046 = CARTESIAN_POINT('',(119.07702369791,1.405229169913,
    -12.49349065812));
#9047 = CARTESIAN_POINT('',(119.07664109692,1.427088366478,
    -12.48843769964));
#9048 = CARTESIAN_POINT('',(119.07620188917,1.448749176233,
    -12.4827993627));
#9049 = CARTESIAN_POINT('',(119.07570760155,1.470214589684,
    -12.4766492319));
#9050 = CARTESIAN_POINT('',(119.07404386736,1.53478935799,
    -12.45660825572));
#9051 = CARTESIAN_POINT('',(119.07270599593,1.577277989009,
    -12.4413075028));
#9052 = CARTESIAN_POINT('',(119.07115460831,1.619107003667,
    -12.42464764164));
#9053 = CARTESIAN_POINT('',(119.06939506034,1.660377764054,
    -12.40698706481));
#9054 = CARTESIAN_POINT('',(119.06743133331,1.701162797491,
    -12.38856462918));
#9055 = CARTESIAN_POINT('',(119.06526607133,1.741526228671,
    -12.36953959443));
#9056 = CARTESIAN_POINT('',(119.06289964511,1.781538956119,
    -12.35002298705));
#9057 = CARTESIAN_POINT('',(119.05742616148,1.866169309665,
    -12.30755086151));
#9058 = CARTESIAN_POINT('',(119.05426569035,1.910668890894,
    -12.2844996806));
#9059 = CARTESIAN_POINT('',(119.05084808455,1.954845501411,
    -12.2610442443));
#9060 = CARTESIAN_POINT('',(119.04717299917,1.998741050056,
    -12.2372623462));
#9061 = CARTESIAN_POINT('',(119.04323980927,2.042384052905,
    -12.21320723974));
#9062 = CARTESIAN_POINT('',(119.03904769333,2.085796796523,
    -12.18891858435));
#9063 = CARTESIAN_POINT('',(119.03459559611,2.128998627038,
    -12.1644274389));
#9064 = CARTESIAN_POINT('',(119.02336074342,2.231506690456,
    -12.10562053885));
#9065 = CARTESIAN_POINT('',(119.01633962859,2.290629348221,
    -12.07114198038));
#9066 = CARTESIAN_POINT('',(119.00881516478,2.349414354393,
    -12.03638670571));
#9067 = CARTESIAN_POINT('',(119.00078620975,2.407870883223,
    -12.00137721802));
#9068 = CARTESIAN_POINT('',(118.99224552801,2.466041123676,
    -11.96617860685));
#9069 = CARTESIAN_POINT('',(118.98319448375,2.523903655221,
    -11.93077051284));
#9070 = CARTESIAN_POINT('',(118.97362857949,2.581478138236,
    -11.89518512745));
#9071 = CARTESIAN_POINT('',(118.95265695861,2.700629148648,
    -11.82081366163));
#9072 = CARTESIAN_POINT('',(118.94116539407,2.762157577167,-11.782000473
    ));
#9073 = CARTESIAN_POINT('',(118.92906775764,2.823354056819,
    -11.74300234278));
#9074 = CARTESIAN_POINT('',(118.91636097594,2.884220602614,
    -11.70383028286));
#9075 = CARTESIAN_POINT('',(118.90304209425,2.94475765395,
    -11.66449311353));
#9076 = CARTESIAN_POINT('',(118.88910827941,3.004964539898,
    -11.62499807497));
#9077 = CARTESIAN_POINT('',(118.87455682279,3.064839944474,
    -11.58535143877));
#9078 = CARTESIAN_POINT('',(118.79442697485,3.379315716096,
    -11.37518667313));
#9079 = CARTESIAN_POINT('',(118.71809759584,3.628150326844,
    -11.20213863411));
#9080 = CARTESIAN_POINT('',(118.63019578437,3.870742280525,
    -11.02686412274));
#9081 = CARTESIAN_POINT('',(118.5305724215,4.106779474861,
    -10.84960775603));
#9082 = CARTESIAN_POINT('',(118.41913850137,4.33599995184,
    -10.67066674302));
#9083 = CARTESIAN_POINT('',(118.29587075445,4.558123994064,
    -10.49030636435));
#9084 = CARTESIAN_POINT('',(118.16081982261,4.772913606067,
    -10.3088304121));
#9085 = CARTESIAN_POINT('',(117.97639271866,5.033445564808,
    -10.07968629548));
#9086 = CARTESIAN_POINT('',(117.93789826638,5.08623560187,
    -10.03276284741));
#9087 = CARTESIAN_POINT('',(117.8986379603,5.138526941723,
    -9.985795151278));
#9088 = CARTESIAN_POINT('',(117.8586183599,5.19032231928,-9.938793255746
    ));
#9089 = CARTESIAN_POINT('',(117.81784630158,5.241624377347,
    -9.891766792516));
#9090 = CARTESIAN_POINT('',(117.77632845819,5.292435096856,
    -9.844724512475));
#9091 = CARTESIAN_POINT('',(117.73407150855,5.342756098134,
    -9.797674564857));
#9092 = CARTESIAN_POINT('',(117.36782566606,5.767319694678,
    -9.396835254987));
#9093 = CARTESIAN_POINT('',(117.00326945793,6.114404094919,
    -9.043174355647));
#9094 = CARTESIAN_POINT('',(116.60041932438,6.434819486392,
    -8.693040211814));
#9095 = CARTESIAN_POINT('',(116.16293819319,6.729396014044,
    -8.348982092117));
#9096 = CARTESIAN_POINT('',(115.69487707732,6.999495093508,
    -8.013466112847));
#9097 = CARTESIAN_POINT('',(115.20045490764,7.246612516696,
    -7.688788954269));
#9098 = CARTESIAN_POINT('',(114.68390997863,7.472463293959,-7.3772977399
    ));
#9099 = CARTESIAN_POINT('',(114.10120836324,7.697486834894,
    -7.055083986037));
#9100 = CARTESIAN_POINT('',(114.05269057565,7.716006933688,
    -7.028467222112));
#9101 = CARTESIAN_POINT('',(114.00402974155,7.734368653269,-7.0019839426
    ));
#9102 = CARTESIAN_POINT('',(113.95523315615,7.752571806968,
    -6.975637600872));
#9103 = CARTESIAN_POINT('',(113.90630149616,7.770618705152,
    -6.949429669322));
#9104 = CARTESIAN_POINT('',(113.85723394226,7.788512178947,
    -6.923361078025));
#9105 = CARTESIAN_POINT('',(113.80803460055,7.806253148381,
    -6.897434120187));
#9106 = CARTESIAN_POINT('',(113.29515171327,7.989141365146,
    -6.629360053999));
#9107 = CARTESIAN_POINT('',(112.82002753008,8.14116564178,
    -6.399685754105));
#9108 = CARTESIAN_POINT('',(112.33476216782,8.281417110882,
    -6.183921039225));
#9109 = CARTESIAN_POINT('',(111.84073582061,8.41121523691,
    -5.982851853564));
#9110 = CARTESIAN_POINT('',(111.339314023,8.531787330573,-5.796803644717
    ));
#9111 = CARTESIAN_POINT('',(110.83186120396,8.644316269713,
    -5.625691565022));
#9112 = CARTESIAN_POINT('',(110.31974788494,8.749974750318,
    -5.469079710319));
#9113 = CARTESIAN_POINT('',(109.73533627179,8.863367781944,
    -5.307125543921));
#9114 = CARTESIAN_POINT('',(109.66571096148,8.876764244903,
    -5.288094306933));
#9115 = CARTESIAN_POINT('',(109.59569178385,8.890124684056,
    -5.269222111827));
#9116 = CARTESIAN_POINT('',(109.52548392867,8.903411848206,
    -5.250565825439));
#9117 = CARTESIAN_POINT('',(109.45529705761,8.916589540493,
    -5.232179032428));
#9118 = CARTESIAN_POINT('',(109.38534507272,8.92962247191,
    -5.214112067801));
#9119 = CARTESIAN_POINT('',(109.31584588485,8.94247611482,
    -5.196412049438));
#9120 = CARTESIAN_POINT('',(109.1872291431,8.966098046396,
    -5.164102825947));
#9121 = CARTESIAN_POINT('',(109.12973322801,8.976590857484,
    -5.149841716639));
#9122 = CARTESIAN_POINT('',(109.07274145641,8.98693360158,-5.13586319404
    ));
#9123 = CARTESIAN_POINT('',(109.01518592929,8.997324102475,
    -5.121903566161));
#9124 = CARTESIAN_POINT('',(108.95672292992,9.007822344694,
    -5.107891297456));
#9125 = CARTESIAN_POINT('',(108.89773414806,9.018355385105,
    -5.093928386334));
#9126 = CARTESIAN_POINT('',(108.83932902766,9.02872422734,
    -5.080273660431));
#9127 = CARTESIAN_POINT('',(108.34846356461,9.11543057108,-4.96676002985
    ));
#9128 = CARTESIAN_POINT('',(107.91249528532,9.189282202695,
    -4.874903370194));
#9129 = CARTESIAN_POINT('',(107.47570644271,9.260129752713,
    -4.791049338921));
#9130 = CARTESIAN_POINT('',(107.03832907299,9.3279581034,-4.714439435483
    ));
#9131 = CARTESIAN_POINT('',(106.60056260401,9.392773196195,
    -4.644281122918));
#9132 = CARTESIAN_POINT('',(106.16257261788,9.454600173848,
    -4.579760532458));
#9133 = CARTESIAN_POINT('',(105.7244899778,9.513481288953,
    -4.520052080362));
#9134 = CARTESIAN_POINT('',(104.90207748488,9.618596324217,
    -4.41543492068));
#9135 = CARTESIAN_POINT('',(104.51775694545,9.665494337947,
    -4.369610615091));
#9136 = CARTESIAN_POINT('',(104.13351309789,9.710206361145,
    -4.326290306783));
#9137 = CARTESIAN_POINT('',(103.74940256784,9.752778285147,
    -4.284911642838));
#9138 = CARTESIAN_POINT('',(103.36547419411,9.793262606687,
    -4.244913098881));
#9139 = CARTESIAN_POINT('',(102.98176901322,9.83171788303,
    -4.205735387132));
#9140 = CARTESIAN_POINT('',(102.59832024376,9.868208187113,
    -4.16682286445));
#9141 = CARTESIAN_POINT('',(102.06342541919,9.916501369354,
    -4.112103203827));
#9142 = CARTESIAN_POINT('',(101.91174257661,9.929902811383,
    -4.096536785404));
#9143 = CARTESIAN_POINT('',(101.76010669857,9.943011150913,
    -4.080891494915));
#9144 = CARTESIAN_POINT('',(101.60851977229,9.955830751056,
    -4.065133287228));
#9145 = CARTESIAN_POINT('',(101.45698381681,9.968366075889,
    -4.049228262278));
#9146 = CARTESIAN_POINT('',(101.30550088301,9.980621690452,
    -4.033142665067));
#9147 = CARTESIAN_POINT('',(101.15407305359,9.992602260751,
    -4.016842885664));
#9148 = CARTESIAN_POINT('',(99.762084374674,10.100288919557,
    -3.864674441508));
#9149 = CARTESIAN_POINT('',(98.525382716794,10.178104193153,
    -3.712394815473));
#9150 = CARTESIAN_POINT('',(97.29232825616,10.240494685648,
    -3.544532240637));
#9151 = CARTESIAN_POINT('',(96.062486328947,10.290535006971,
    -3.362073495324));
#9152 = CARTESIAN_POINT('',(94.835279152455,10.331553563606,
    -3.165907900232));
#9153 = CARTESIAN_POINT('',(93.61001573434,10.367011100716,
    -2.956831350989));
#9154 = CARTESIAN_POINT('',(92.385921800135,10.400374786543,
    -2.735557628594));
#9155 = CARTESIAN_POINT('',(90.892728036177,10.442648219091,
    -2.451470554899));
#9156 = CARTESIAN_POINT('',(90.623313316152,10.450338096627,
    -2.399650086249));
#9157 = CARTESIAN_POINT('',(90.353910095665,10.458126070715,
    -2.347277327633));
#9158 = CARTESIAN_POINT('',(90.084510604534,10.466047909846,
    -2.294359280749));
#9159 = CARTESIAN_POINT('',(89.815107226456,10.474139049807,
    -2.240902872025));
#9160 = CARTESIAN_POINT('',(89.545692499002,10.482434593689,
    -2.186914952618));
#9161 = CARTESIAN_POINT('',(89.276259113619,10.490969311877,
    -2.132402298415));
#9162 = CARTESIAN_POINT('',(87.884716544255,10.536457335687,
    -1.848212535819));
#9163 = CARTESIAN_POINT('',(86.762186951595,10.577889544311,
    -1.610070737409));
#9164 = CARTESIAN_POINT('',(85.639508357951,10.62458268505,
    -1.36359807535));
#9165 = CARTESIAN_POINT('',(84.516959867502,10.67703357646,
    -1.109451307919));
#9166 = CARTESIAN_POINT('',(83.394804365034,10.735731096301,
    -0.84829080049));
#9167 = CARTESIAN_POINT('',(82.273290412669,10.801159839306,
    -0.580779234895));
#9168 = CARTESIAN_POINT('',(81.152654146595,10.873803774948,
    -0.307580318792));
#9169 = CARTESIAN_POINT('',(79.560852688224,10.988043453837,
    8.800918805569E-02));
#9170 = CARTESIAN_POINT('',(79.088781310591,11.023307602876,
    0.206269680934));
#9171 = CARTESIAN_POINT('',(78.616924277405,11.059978789142,
    0.325374052225));
#9172 = CARTESIAN_POINT('',(78.145298772295,11.098093593066,
    0.445272301019));
#9173 = CARTESIAN_POINT('',(77.673921926023,11.137688738691,
    0.565914356864));
#9174 = CARTESIAN_POINT('',(77.20281081648,11.178801093672,
    0.687250079771));
#9175 = CARTESIAN_POINT('',(76.731982468689,11.221467669276,
    0.80922926021));
#9176 = CARTESIAN_POINT('',(75.908170475157,11.298955477358,
    1.023831680466));
#9177 = CARTESIAN_POINT('',(75.555055997778,11.333082478172,
    1.116196138113));
#9178 = CARTESIAN_POINT('',(75.202120394539,11.36812210573,
    1.208873421632));
#9179 = CARTESIAN_POINT('',(74.849355898837,11.404091624693,
    1.301843829261));
#9180 = CARTESIAN_POINT('',(74.49677572327,11.441006504962,
    1.395085279032));
#9181 = CARTESIAN_POINT('',(74.144374965968,11.478884054703,
    1.488577624736));
#9182 = CARTESIAN_POINT('',(73.792160071585,11.517740709714,
    1.582299420298));
#9183 = CARTESIAN_POINT('',(72.376064781567,11.678056091704,
    1.960151424901));
#9184 = CARTESIAN_POINT('',(71.313717630423,11.807619593427,
    2.245976252792));
#9185 = CARTESIAN_POINT('',(70.253161421544,11.946752861932,
    2.533124138838));
#9186 = CARTESIAN_POINT('',(69.194480126904,12.095939803399,
    2.821008515526));
#9187 = CARTESIAN_POINT('',(68.137773843816,12.255681682364,
    3.109039232156));
#9188 = CARTESIAN_POINT('',(67.083161086711,12.426499396725,
    3.396625489011));
#9189 = CARTESIAN_POINT('',(66.030781078934,12.608935752731,
    3.683178771528));
#9190 = CARTESIAN_POINT('',(63.071715280117,13.157419061852,
    4.486187711808));
#9191 = CARTESIAN_POINT('',(61.170643420237,13.551481900641,
    4.998892019241));
#9192 = CARTESIAN_POINT('',(59.276070017628,13.980832376472,
    5.503399420213));
#9193 = CARTESIAN_POINT('',(57.38636177109,14.440479026471,5.99702357464
    ));
#9194 = CARTESIAN_POINT('',(55.499764392332,14.925374032918,
    6.477207647783));
#9195 = CARTESIAN_POINT('',(53.614397288358,15.430421020959,
    6.941500184045));
#9196 = CARTESIAN_POINT('',(51.728241059406,15.950469425891,
    7.38752029571));
#9197 = CARTESIAN_POINT('',(49.7367254323,16.509012532369,7.835968833869
    ));
#9198 = CARTESIAN_POINT('',(49.634324599979,16.537758284424,
    7.858964841106));
#9199 = CARTESIAN_POINT('',(49.531914989794,16.566531848192,
    7.881899809045));
#9200 = CARTESIAN_POINT('',(49.429496275863,16.595332384672,
    7.904773358433));
#9201 = CARTESIAN_POINT('',(49.32706813209,16.624159053858,
    7.927585110029));
#9202 = CARTESIAN_POINT('',(49.224630232166,16.653011014745,
    7.950334684598));
#9203 = CARTESIAN_POINT('',(49.122182249569,16.681887425326,
    7.973021702916));
#9204 = CARTESIAN_POINT('',(48.310084457585,16.910952509709,
    8.15234296075));
#9205 = CARTESIAN_POINT('',(47.59994506983,17.11225020511,8.306016051012
    ));
#9206 = CARTESIAN_POINT('',(46.889274564947,17.314378562261,
    8.456774313967));
#9207 = CARTESIAN_POINT('',(46.178038886879,17.517033387648,
    8.604724214974));
#9208 = CARTESIAN_POINT('',(45.466201292648,17.719908697323,
    8.749969613887));
#9209 = CARTESIAN_POINT('',(44.753722592137,17.922697153448,
    8.892611951614));
#9210 = CARTESIAN_POINT('',(44.040561387873,18.125090500844,
    9.032750436668));
#9211 = CARTESIAN_POINT('',(43.142308232103,18.378867658483,
    9.206052383467));
#9212 = CARTESIAN_POINT('',(42.95789385196,18.430908487393,
    9.241461997314));
#9213 = CARTESIAN_POINT('',(42.773430258257,18.482896631096,
    9.276712779638));
#9214 = CARTESIAN_POINT('',(42.588916946447,18.534827369703,
    9.311806349865));
#9215 = CARTESIAN_POINT('',(42.404353249303,18.586695533974,
    9.34674434784));
#9216 = CARTESIAN_POINT('',(42.219738216746,18.638495172012,
    9.381528456589));
#9217 = CARTESIAN_POINT('',(42.035070949739,18.690220471267,
    9.416160340482));
#9218 = CARTESIAN_POINT('',(40.534687928359,19.109726550475,
    9.696233247017));
#9219 = CARTESIAN_POINT('',(39.216384030262,19.473650283819,
    9.934176420327));
#9220 = CARTESIAN_POINT('',(37.895478785118,19.832570269611,
    10.165001934608));
#9221 = CARTESIAN_POINT('',(36.572019557589,20.18541060978,
    10.389227180955));
#9222 = CARTESIAN_POINT('',(35.246064402248,20.531091314033,
    10.607359949059));
#9223 = CARTESIAN_POINT('',(33.917684479951,20.868531239423,
    10.819902350614));
#9224 = CARTESIAN_POINT('',(32.586966474216,21.196651029912,
    11.027354742713));
#9225 = CARTESIAN_POINT('',(30.875704355993,21.60455095325,
    11.287795607813));
#9226 = CARTESIAN_POINT('',(30.497214380691,21.693888431747,
    11.345001957889));
#9227 = CARTESIAN_POINT('',(30.118547676746,21.782363869589,
    11.401850143228));
#9228 = CARTESIAN_POINT('',(29.739707040373,21.869952686448,
    11.458351623763));
#9229 = CARTESIAN_POINT('',(29.360695468949,21.956630343516,
    11.514517877618));
#9230 = CARTESIAN_POINT('',(28.981516161012,22.042372343497,
    11.570360401107));
#9231 = CARTESIAN_POINT('',(28.602172516263,22.12715423061,
    11.625890708735));
#9232 = CARTESIAN_POINT('',(27.936584574023,22.274120946228,
    11.72275433921));
#9233 = CARTESIAN_POINT('',(27.650409619727,22.336730844906,
    11.764217468594));
#9234 = CARTESIAN_POINT('',(27.364145063555,22.398770786811,
    11.805514711142));
#9235 = CARTESIAN_POINT('',(27.077792271036,22.460230393943,
    11.846650974501));
#9236 = CARTESIAN_POINT('',(26.791352863926,22.521099273003,
    11.887631210455));
#9237 = CARTESIAN_POINT('',(26.504828878406,22.581366986139,
    11.928460445327));
#9238 = CARTESIAN_POINT('',(26.218222399909,22.641023129545,
    11.969143714515));
#9239 = CARTESIAN_POINT('',(25.068808480043,22.877709056527,
    12.13168905402));
#9240 = CARTESIAN_POINT('',(24.205338819898,23.04973165596,
    12.252412775771));
#9241 = CARTESIAN_POINT('',(23.340966163753,23.215887500362,
    12.371954936893));
#9242 = CARTESIAN_POINT('',(22.475530452595,23.375934601072,
    12.490418207794));
#9243 = CARTESIAN_POINT('',(21.608872217065,23.529625909059,
    12.607909280259));
#9244 = CARTESIAN_POINT('',(20.740833695771,23.676708425354,
    12.724538088908));
#9245 = CARTESIAN_POINT('',(19.871259953594,23.816922311502,
    12.840417032663));
#9246 = CARTESIAN_POINT('',(19.,23.95,12.955660196211));
#9247 = PCURVE('',#364,#9248);
#9248 = DEFINITIONAL_REPRESENTATION('',(#9249),#9483);
#9249 = B_SPLINE_CURVE_WITH_KNOTS('',8,(#9250,#9251,#9252,#9253,#9254,
    #9255,#9256,#9257,#9258,#9259,#9260,#9261,#9262,#9263,#9264,#9265,
    #9266,#9267,#9268,#9269,#9270,#9271,#9272,#9273,#9274,#9275,#9276,
    #9277,#9278,#9279,#9280,#9281,#9282,#9283,#9284,#9285,#9286,#9287,
    #9288,#9289,#9290,#9291,#9292,#9293,#9294,#9295,#9296,#9297,#9298,
    #9299,#9300,#9301,#9302,#9303,#9304,#9305,#9306,#9307,#9308,#9309,
    #9310,#9311,#9312,#9313,#9314,#9315,#9316,#9317,#9318,#9319,#9320,
    #9321,#9322,#9323,#9324,#9325,#9326,#9327,#9328,#9329,#9330,#9331,
    #9332,#9333,#9334,#9335,#9336,#9337,#9338,#9339,#9340,#9341,#9342,
    #9343,#9344,#9345,#9346,#9347,#9348,#9349,#9350,#9351,#9352,#9353,
    #9354,#9355,#9356,#9357,#9358,#9359,#9360,#9361,#9362,#9363,#9364,
    #9365,#9366,#9367,#9368,#9369,#9370,#9371,#9372,#9373,#9374,#9375,
    #9376,#9377,#9378,#9379,#9380,#9381,#9382,#9383,#9384,#9385,#9386,
    #9387,#9388,#9389,#9390,#9391,#9392,#9393,#9394,#9395,#9396,#9397,
    #9398,#9399,#9400,#9401,#9402,#9403,#9404,#9405,#9406,#9407,#9408,
    #9409,#9410,#9411,#9412,#9413,#9414,#9415,#9416,#9417,#9418,#9419,
    #9420,#9421,#9422,#9423,#9424,#9425,#9426,#9427,#9428,#9429,#9430,
    #9431,#9432,#9433,#9434,#9435,#9436,#9437,#9438,#9439,#9440,#9441,
    #9442,#9443,#9444,#9445,#9446,#9447,#9448,#9449,#9450,#9451,#9452,
    #9453,#9454,#9455,#9456,#9457,#9458,#9459,#9460,#9461,#9462,#9463,
    #9464,#9465,#9466,#9467,#9468,#9469,#9470,#9471,#9472,#9473,#9474,
    #9475,#9476,#9477,#9478,#9479,#9480,#9481,#9482),.UNSPECIFIED.,.F.,
  .F.,(9,7,7,7,7,7,7,7,7,7,7,7,7,7,7,7,7,7,7,7,7,7,7,7,7,7,7,7,7,7,7,7,7
    ,9),(0.,5.669193951502E-03,7.95816176434E-03,1.028797773962E-02,
    1.172615743199E-02,1.320418957523E-02,1.621154315461E-02,
    1.960841781187E-02,2.43081126467E-02,2.938336713135E-02,
    5.111327727985E-02,5.670090157092E-02,9.871763230425E-02,
    0.102521423301,0.138265277548,0.143052869828,0.147212130865,
    0.179523194763,0.207870100477,0.219095011315,0.311093234437,
    0.331348407144,0.415695100996,0.451276264157,0.477991395187,
    0.558742836943,0.705564952595,0.713522858942,0.768640295144,
    0.782874739478,0.884259444668,0.913033871077,0.934725031462,1.),
  .UNSPECIFIED.);
#9250 = CARTESIAN_POINT('',(142.05703254649,-23.95));
#9251 = CARTESIAN_POINT('',(142.10412660021,-23.8730936863));
#9252 = CARTESIAN_POINT('',(142.15111979597,-23.79624136764));
#9253 = CARTESIAN_POINT('',(142.19796695455,-23.71941476192));
#9254 = CARTESIAN_POINT('',(142.24461313432,-23.6425848726));
#9255 = CARTESIAN_POINT('',(142.29096068147,-23.56570534905));
#9256 = CARTESIAN_POINT('',(142.33687817448,-23.48871685912));
#9257 = CARTESIAN_POINT('',(142.38215988181,-23.41152591415));
#9258 = CARTESIAN_POINT('',(142.44418407165,-23.30257438098));
#9259 = CARTESIAN_POINT('',(142.46184282065,-23.27117148928));
#9260 = CARTESIAN_POINT('',(142.47929136151,-23.23968645666));
#9261 = CARTESIAN_POINT('',(142.49649099864,-23.20810155832));
#9262 = CARTESIAN_POINT('',(142.51339230032,-23.17639717566));
#9263 = CARTESIAN_POINT('',(142.5299308707,-23.14454984744));
#9264 = CARTESIAN_POINT('',(142.54602017208,-23.11252899594));
#9265 = CARTESIAN_POINT('',(142.57733960909,-23.04748037552));
#9266 = CARTESIAN_POINT('',(142.59253651457,-23.01447083482));
#9267 = CARTESIAN_POINT('',(142.60702254246,-22.98119212898));
#9268 = CARTESIAN_POINT('',(142.62063113814,-22.94759074686));
#9269 = CARTESIAN_POINT('',(142.63314030698,-22.91363054328));
#9270 = CARTESIAN_POINT('',(142.64424709971,-22.87928407286));
#9271 = CARTESIAN_POINT('',(142.65357550607,-22.84453381703));
#9272 = CARTESIAN_POINT('',(142.66522441219,-22.78771401383));
#9273 = CARTESIAN_POINT('',(142.6688614279,-22.76588367041));
#9274 = CARTESIAN_POINT('',(142.6715988842,-22.74394139366));
#9275 = CARTESIAN_POINT('',(142.67336255306,-22.72192195618));
#9276 = CARTESIAN_POINT('',(142.67410105843,-22.69986433266));
#9277 = CARTESIAN_POINT('',(142.67379257001,-22.67781238947));
#9278 = CARTESIAN_POINT('',(142.67245149685,-22.65581557429));
#9279 = CARTESIAN_POINT('',(142.66775467957,-22.61143716952));
#9280 = CARTESIAN_POINT('',(142.66434044555,-22.58905465043));
#9281 = CARTESIAN_POINT('',(142.65994891145,-22.56682349095));
#9282 = CARTESIAN_POINT('',(142.6546605597,-22.54477083008));
#9283 = CARTESIAN_POINT('',(142.64856922265,-22.52291163352));
#9284 = CARTESIAN_POINT('',(142.64177138252,-22.50125082376));
#9285 = CARTESIAN_POINT('',(142.63435547126,-22.47978541031));
#9286 = CARTESIAN_POINT('',(142.61018619911,-22.41521064201));
#9287 = CARTESIAN_POINT('',(142.59172902141,-22.37272201099));
#9288 = CARTESIAN_POINT('',(142.57162594366,-22.33089299633));
#9289 = CARTESIAN_POINT('',(142.55030751388,-22.28962223594));
#9290 = CARTESIAN_POINT('',(142.52806069166,-22.2488372025));
#9291 = CARTESIAN_POINT('',(142.50507679523,-22.20847377132));
#9292 = CARTESIAN_POINT('',(142.48148908867,-22.16846104388));
#9293 = CARTESIAN_POINT('',(142.43013518252,-22.08383069033));
#9294 = CARTESIAN_POINT('',(142.40225049245,-22.0393311091));
#9295 = CARTESIAN_POINT('',(142.37386288057,-21.99515449858));
#9296 = CARTESIAN_POINT('',(142.34506564705,-21.95125894994));
#9297 = CARTESIAN_POINT('',(142.31592261309,-21.90761594709));
#9298 = CARTESIAN_POINT('',(142.28648126676,-21.86420320347));
#9299 = CARTESIAN_POINT('',(142.2567787546,-21.82100137296));
#9300 = CARTESIAN_POINT('',(142.18542040032,-21.71849330954));
#9301 = CARTESIAN_POINT('',(142.1435523118,-21.65937065178));
#9302 = CARTESIAN_POINT('',(142.10131784895,-21.6005856456));
#9303 = CARTESIAN_POINT('',(142.05873916348,-21.54212911677));
#9304 = CARTESIAN_POINT('',(142.0159030788,-21.48395887632));
#9305 = CARTESIAN_POINT('',(141.97277470482,-21.42609634477));
#9306 = CARTESIAN_POINT('',(141.92939503514,-21.36852186176));
#9307 = CARTESIAN_POINT('',(141.8386544943,-21.24937085135));
#9308 = CARTESIAN_POINT('',(141.79125437121,-21.18784242283));
#9309 = CARTESIAN_POINT('',(141.74358184965,-21.12664594318));
#9310 = CARTESIAN_POINT('',(141.69564778657,-21.06577939738));
#9311 = CARTESIAN_POINT('',(141.64746033126,-21.00524234605));
#9312 = CARTESIAN_POINT('',(141.59902566097,-20.9450354601));
#9313 = CARTESIAN_POINT('',(141.5503487164,-20.88516005552));
#9314 = CARTESIAN_POINT('',(141.29200330502,-20.5706842839));
#9315 = CARTESIAN_POINT('',(141.0782066755,-20.32184967315));
#9316 = CARTESIAN_POINT('',(140.86037436707,-20.07925771947));
#9317 = CARTESIAN_POINT('',(140.63856709017,-19.84322052513));
#9318 = CARTESIAN_POINT('',(140.41288444821,-19.61400004816));
#9319 = CARTESIAN_POINT('',(140.18336170123,-19.39187600593));
#9320 = CARTESIAN_POINT('',(139.95005372662,-19.17708639393));
#9321 = CARTESIAN_POINT('',(139.6520494715,-18.91655443519));
#9322 = CARTESIAN_POINT('',(139.59084630214,-18.86376439813));
#9323 = CARTESIAN_POINT('',(139.52940054716,-18.81147305827));
#9324 = CARTESIAN_POINT('',(139.46771895492,-18.75967768072));
#9325 = CARTESIAN_POINT('',(139.40580769481,-18.70837562265));
#9326 = CARTESIAN_POINT('',(139.34367174548,-18.65756490314));
#9327 = CARTESIAN_POINT('',(139.28131525003,-18.60724390186));
#9328 = CARTESIAN_POINT('',(138.74822298385,-18.18268030532));
#9329 = CARTESIAN_POINT('',(138.26559800096,-17.83559590508));
#9330 = CARTESIAN_POINT('',(137.77252800571,-17.5151805136));
#9331 = CARTESIAN_POINT('',(137.26934528058,-17.22060398595));
#9332 = CARTESIAN_POINT('',(136.75596790896,-16.95050490649));
#9333 = CARTESIAN_POINT('',(136.23146567828,-16.7033874833));
#9334 = CARTESIAN_POINT('',(135.69422345839,-16.47753670604));
#9335 = CARTESIAN_POINT('',(135.09072690148,-16.2525131651));
#9336 = CARTESIAN_POINT('',(135.04049525548,-16.23399306631));
#9337 = CARTESIAN_POINT('',(134.99013309135,-16.21563134673));
#9338 = CARTESIAN_POINT('',(134.93962794513,-16.19742819303));
#9339 = CARTESIAN_POINT('',(134.88898421902,-16.17938129484));
#9340 = CARTESIAN_POINT('',(134.83821019897,-16.16148782105));
#9341 = CARTESIAN_POINT('',(134.78730165276,-16.14374685161));
#9342 = CARTESIAN_POINT('',(134.25665521357,-15.96085863485));
#9343 = CARTESIAN_POINT('',(133.76548706205,-15.80883435822));
#9344 = CARTESIAN_POINT('',(133.26426153954,-15.66858288911));
#9345 = CARTESIAN_POINT('',(132.75442149926,-15.53878476309));
#9346 = CARTESIAN_POINT('',(132.23738640451,-15.41821266942));
#9347 = CARTESIAN_POINT('',(131.71456663428,-15.30568373028));
#9348 = CARTESIAN_POINT('',(131.18737135029,-15.20002524968));
#9349 = CARTESIAN_POINT('',(130.58621763434,-15.08663221805));
#9350 = CARTESIAN_POINT('',(130.51460508606,-15.07323575509));
#9351 = CARTESIAN_POINT('',(130.44259494565,-15.05987531594));
#9352 = CARTESIAN_POINT('',(130.37039834133,-15.04658815179));
#9353 = CARTESIAN_POINT('',(130.29823087538,-15.0334104595));
#9354 = CARTESIAN_POINT('',(130.22631238493,-15.02037752809));
#9355 = CARTESIAN_POINT('',(130.15486670276,-15.00752388518));
#9356 = CARTESIAN_POINT('',(130.02266085735,-14.9839019536));
#9357 = CARTESIAN_POINT('',(129.96356584484,-14.97340914251));
#9358 = CARTESIAN_POINT('',(129.90499366281,-14.96306639842));
#9359 = CARTESIAN_POINT('',(129.84584677363,-14.95267589752));
#9360 = CARTESIAN_POINT('',(129.78577234251,-14.9421776553));
#9361 = CARTESIAN_POINT('',(129.72516293954,-14.93164461489));
#9362 = CARTESIAN_POINT('',(129.66515842135,-14.92127577266));
#9363 = CARTESIAN_POINT('',(129.16088914162,-14.83456942892));
#9364 = CARTESIAN_POINT('',(128.71329134304,-14.7607177973));
#9365 = CARTESIAN_POINT('',(128.26511838942,-14.68987024728));
#9366 = CARTESIAN_POINT('',(127.8166001683,-14.6220418966));
#9367 = CARTESIAN_POINT('',(127.36793230874,-14.5572268038));
#9368 = CARTESIAN_POINT('',(126.91927517306,-14.49539982615));
#9369 = CARTESIAN_POINT('',(126.47075319325,-14.43651871104));
#9370 = CARTESIAN_POINT('',(125.62915647504,-14.33140367578));
#9371 = CARTESIAN_POINT('',(125.23604053144,-14.28450566205));
#9372 = CARTESIAN_POINT('',(124.84316606025,-14.23979363885));
#9373 = CARTESIAN_POINT('',(124.45058433811,-14.19722171485));
#9374 = CARTESIAN_POINT('',(124.05833860374,-14.15673739331));
#9375 = CARTESIAN_POINT('',(123.666464082,-14.11828211697));
#9376 = CARTESIAN_POINT('',(123.27498800796,-14.08179181288));
#9377 = CARTESIAN_POINT('',(122.7290769404,-14.03349863064));
#9378 = CARTESIAN_POINT('',(122.57429056836,-14.02009718861));
#9379 = CARTESIAN_POINT('',(122.41957211763,-14.00698884908));
#9380 = CARTESIAN_POINT('',(122.26492320367,-13.99416924894));
#9381 = CARTESIAN_POINT('',(122.11034547478,-13.98163392411));
#9382 = CARTESIAN_POINT('',(121.95584061202,-13.96937830954));
#9383 = CARTESIAN_POINT('',(121.80141032926,-13.95739773924));
#9384 = CARTESIAN_POINT('',(120.38198710935,-13.84971108044));
#9385 = CARTESIAN_POINT('',(119.12211927392,-13.77189580684));
#9386 = CARTESIAN_POINT('',(117.86691860768,-13.70950531435));
#9387 = CARTESIAN_POINT('',(116.61569347279,-13.65946499302));
#9388 = CARTESIAN_POINT('',(115.367616574,-13.61844643639));
#9389 = CARTESIAN_POINT('',(114.12175264865,-13.58298889928));
#9390 = CARTESIAN_POINT('',(112.87708509175,-13.54962521345));
#9391 = CARTESIAN_POINT('',(111.35852280359,-13.5073517809));
#9392 = CARTESIAN_POINT('',(111.08452006473,-13.49966190337));
#9393 = CARTESIAN_POINT('',(110.81051575559,-13.49187392928));
#9394 = CARTESIAN_POINT('',(110.53649951737,-13.48395209015));
#9395 = CARTESIAN_POINT('',(110.26246114233,-13.47586095019));
#9396 = CARTESIAN_POINT('',(109.98839057386,-13.46756540631));
#9397 = CARTESIAN_POINT('',(109.71427790648,-13.45903068812));
#9398 = CARTESIAN_POINT('',(108.29843608547,-13.41354266431));
#9399 = CARTESIAN_POINT('',(107.1558610183,-13.37211045568));
#9400 = CARTESIAN_POINT('',(106.01251155708,-13.32541731495));
#9401 = CARTESIAN_POINT('',(104.86849187586,-13.27296642354));
#9402 = CARTESIAN_POINT('',(103.72388903906,-13.21426890369));
#9403 = CARTESIAN_POINT('',(102.57877509051,-13.14884016069));
#9404 = CARTESIAN_POINT('',(101.43320914256,-13.07619622505));
#9405 = CARTESIAN_POINT('',(99.803818809174,-12.96195654616));
#9406 = CARTESIAN_POINT('',(99.32032709917,-12.92669239712));
#9407 = CARTESIAN_POINT('',(98.836768259109,-12.89002121085));
#9408 = CARTESIAN_POINT('',(98.353146158428,-12.85190640693));
#9409 = CARTESIAN_POINT('',(97.869464612009,-12.8123112613));
#9410 = CARTESIAN_POINT('',(97.385727380182,-12.77119890632));
#9411 = CARTESIAN_POINT('',(96.901938168723,-12.72853233072));
#9412 = CARTESIAN_POINT('',(96.054824610696,-12.65104452264));
#9413 = CARTESIAN_POINT('',(95.691521670919,-12.61691752182));
#9414 = CARTESIAN_POINT('',(95.328187827381,-12.58187789426));
#9415 = CARTESIAN_POINT('',(94.964854917397,-12.5459083753));
#9416 = CARTESIAN_POINT('',(94.601512660375,-12.50899349503));
#9417 = CARTESIAN_POINT('',(94.23818740513,-12.47111594529));
#9418 = CARTESIAN_POINT('',(93.874882820134,-12.43225929028));
#9419 = CARTESIAN_POINT('',(92.413559884751,-12.27194390829));
#9420 = CARTESIAN_POINT('',(91.315822175357,-12.14238040657));
#9421 = CARTESIAN_POINT('',(90.218701217427,-12.00324713806));
#9422 = CARTESIAN_POINT('',(89.122515207851,-11.8540601966));
#9423 = CARTESIAN_POINT('',(88.027599519314,-11.69431831763));
#9424 = CARTESIAN_POINT('',(86.934307686683,-11.52350060327));
#9425 = CARTESIAN_POINT('',(85.843012393398,-11.34106424726));
#9426 = CARTESIAN_POINT('',(82.774259786081,-10.79258093814));
#9427 = CARTESIAN_POINT('',(80.802406705387,-10.39851809935));
#9428 = CARTESIAN_POINT('',(78.838330051017,-9.969167623528));
#9429 = CARTESIAN_POINT('',(76.881639222676,-9.509520973529));
#9430 = CARTESIAN_POINT('',(74.931776234165,-9.024625967082));
#9431 = CARTESIAN_POINT('',(72.988019529233,-8.519578979041));
#9432 = CARTESIAN_POINT('',(71.049485563666,-7.999530574109));
#9433 = CARTESIAN_POINT('',(69.010284036339,-7.440987467631));
#9434 = CARTESIAN_POINT('',(68.905452459211,-7.412241715576));
#9435 = CARTESIAN_POINT('',(68.800633277044,-7.383468151808));
#9436 = CARTESIAN_POINT('',(68.695826344428,-7.354667615328));
#9437 = CARTESIAN_POINT('',(68.591031515714,-7.325840946142));
#9438 = CARTESIAN_POINT('',(68.486248645013,-7.296988985255));
#9439 = CARTESIAN_POINT('',(68.3814775862,-7.268112574674));
#9440 = CARTESIAN_POINT('',(67.551141775591,-7.039047490291));
#9441 = CARTESIAN_POINT('',(66.826127403945,-6.83774979489));
#9442 = CARTESIAN_POINT('',(66.101554000652,-6.635621437739));
#9443 = CARTESIAN_POINT('',(65.377299002723,-6.432966612352));
#9444 = CARTESIAN_POINT('',(64.65323833918,-6.230091302677));
#9445 = CARTESIAN_POINT('',(63.929246408747,-6.027302846552));
#9446 = CARTESIAN_POINT('',(63.205196057537,-5.824909499156));
#9447 = CARTESIAN_POINT('',(62.293919407252,-5.571132341517));
#9448 = CARTESIAN_POINT('',(62.10686789144,-5.519091512607));
#9449 = CARTESIAN_POINT('',(61.919801619764,-5.467103368904));
#9450 = CARTESIAN_POINT('',(61.732718621286,-5.415172630297));
#9451 = CARTESIAN_POINT('',(61.545616761467,-5.363304466026));
#9452 = CARTESIAN_POINT('',(61.358493620039,-5.311504827988));
#9453 = CARTESIAN_POINT('',(61.171346828959,-5.259779528733));
#9454 = CARTESIAN_POINT('',(59.651044234003,-4.840273449525));
#9455 = CARTESIAN_POINT('',(58.316649477812,-4.476349716181));
#9456 = CARTESIAN_POINT('',(56.980503654508,-4.117429730389));
#9457 = CARTESIAN_POINT('',(55.642126855672,-3.76458939022));
#9458 = CARTESIAN_POINT('',(54.301044567032,-3.418908685967));
#9459 = CARTESIAN_POINT('',(52.956786023677,-3.081468760577));
#9460 = CARTESIAN_POINT('',(51.608882565256,-2.753348970088));
#9461 = CARTESIAN_POINT('',(49.873144389966,-2.34544904675));
#9462 = CARTESIAN_POINT('',(49.48909205769,-2.256111568253));
#9463 = CARTESIAN_POINT('',(49.104698511292,-2.167636130411));
#9464 = CARTESIAN_POINT('',(48.719953341768,-2.080047313552));
#9465 = CARTESIAN_POINT('',(48.334846214175,-1.993369656484));
#9466 = CARTESIAN_POINT('',(47.949366867629,-1.907627656503));
#9467 = CARTESIAN_POINT('',(47.563505115309,-1.82284576939));
#9468 = CARTESIAN_POINT('',(46.88607898166,-1.675879053772));
#9469 = CARTESIAN_POINT('',(46.594684196495,-1.613269155094));
#9470 = CARTESIAN_POINT('',(46.303061678303,-1.551229213189));
#9471 = CARTESIAN_POINT('',(46.011207655676,-1.489769606057));
#9472 = CARTESIAN_POINT('',(45.719118026462,-1.428900726997));
#9473 = CARTESIAN_POINT('',(45.426788042421,-1.368633013861));
#9474 = CARTESIAN_POINT('',(45.134213048505,-1.308976870455));
#9475 = CARTESIAN_POINT('',(43.960201955239,-1.072290943473));
#9476 = CARTESIAN_POINT('',(43.076789430459,-0.90026834404));
#9477 = CARTESIAN_POINT('',(42.191465206984,-0.734112499638));
#9478 = CARTESIAN_POINT('',(41.304554960182,-0.574065398928));
#9479 = CARTESIAN_POINT('',(40.416394733811,-0.420374090941));
#9480 = CARTESIAN_POINT('',(39.527328137579,-0.273291574646));
#9481 = CARTESIAN_POINT('',(38.637703544711,-0.133077688498));
#9482 = CARTESIAN_POINT('',(37.74787128951,0.));
#9483 = ( GEOMETRIC_REPRESENTATION_CONTEXT(2) 
PARAMETRIC_REPRESENTATION_CONTEXT() REPRESENTATION_CONTEXT('2D SPACE',''
  ) );
#9484 = PCURVE('',#44,#9485);
#9485 = DEFINITIONAL_REPRESENTATION('',(#9486),#9720);
#9486 = B_SPLINE_CURVE_WITH_KNOTS('',8,(#9487,#9488,#9489,#9490,#9491,
    #9492,#9493,#9494,#9495,#9496,#9497,#9498,#9499,#9500,#9501,#9502,
    #9503,#9504,#9505,#9506,#9507,#9508,#9509,#9510,#9511,#9512,#9513,
    #9514,#9515,#9516,#9517,#9518,#9519,#9520,#9521,#9522,#9523,#9524,
    #9525,#9526,#9527,#9528,#9529,#9530,#9531,#9532,#9533,#9534,#9535,
    #9536,#9537,#9538,#9539,#9540,#9541,#9542,#9543,#9544,#9545,#9546,
    #9547,#9548,#9549,#9550,#9551,#9552,#9553,#9554,#9555,#9556,#9557,
    #9558,#9559,#9560,#9561,#9562,#9563,#9564,#9565,#9566,#9567,#9568,
    #9569,#9570,#9571,#9572,#9573,#9574,#9575,#9576,#9577,#9578,#9579,
    #9580,#9581,#9582,#9583,#9584,#9585,#9586,#9587,#9588,#9589,#9590,
    #9591,#9592,#9593,#9594,#9595,#9596,#9597,#9598,#9599,#9600,#9601,
    #9602,#9603,#9604,#9605,#9606,#9607,#9608,#9609,#9610,#9611,#9612,
    #9613,#9614,#9615,#9616,#9617,#9618,#9619,#9620,#9621,#9622,#9623,
    #9624,#9625,#9626,#9627,#9628,#9629,#9630,#9631,#9632,#9633,#9634,
    #9635,#9636,#9637,#9638,#9639,#9640,#9641,#9642,#9643,#9644,#9645,
    #9646,#9647,#9648,#9649,#9650,#9651,#9652,#9653,#9654,#9655,#9656,
    #9657,#9658,#9659,#9660,#9661,#9662,#9663,#9664,#9665,#9666,#9667,
    #9668,#9669,#9670,#9671,#9672,#9673,#9674,#9675,#9676,#9677,#9678,
    #9679,#9680,#9681,#9682,#9683,#9684,#9685,#9686,#9687,#9688,#9689,
    #9690,#9691,#9692,#9693,#9694,#9695,#9696,#9697,#9698,#9699,#9700,
    #9701,#9702,#9703,#9704,#9705,#9706,#9707,#9708,#9709,#9710,#9711,
    #9712,#9713,#9714,#9715,#9716,#9717,#9718,#9719),.UNSPECIFIED.,.F.,
  .F.,(9,7,7,7,7,7,7,7,7,7,7,7,7,7,7,7,7,7,7,7,7,7,7,7,7,7,7,7,7,7,7,7,7
    ,9),(0.,5.669193951502E-03,7.95816176434E-03,1.028797773962E-02,
    1.172615743199E-02,1.320418957523E-02,1.621154315461E-02,
    1.960841781187E-02,2.43081126467E-02,2.938336713135E-02,
    5.111327727985E-02,5.670090157092E-02,9.871763230425E-02,
    0.102521423301,0.138265277548,0.143052869828,0.147212130865,
    0.179523194763,0.207870100477,0.219095011315,0.311093234437,
    0.331348407144,0.415695100996,0.451276264157,0.477991395187,
    0.558742836943,0.705564952595,0.713522858942,0.768640295144,
    0.782874739478,0.884259444668,0.913033871077,0.934725031462,1.),
  .UNSPECIFIED.);
#9487 = CARTESIAN_POINT('',(0.,-8.));
#9488 = CARTESIAN_POINT('',(6.2217564169E-02,-7.961292028638));
#9489 = CARTESIAN_POINT('',(0.124766531848,-7.922634372974));
#9490 = CARTESIAN_POINT('',(0.187676109987,-7.884064491808));
#9491 = CARTESIAN_POINT('',(0.250976586541,-7.845627940358));
#9492 = CARTESIAN_POINT('',(0.314714290983,-7.807405803951));
#9493 = CARTESIAN_POINT('',(0.378947370026,-7.769507276337));
#9494 = CARTESIAN_POINT('',(0.443764645157,-7.732103428193));
#9495 = CARTESIAN_POINT('',(0.535858263368,-7.680830956983));
#9496 = CARTESIAN_POINT('',(0.562472338626,-7.666228673));
#9497 = CARTESIAN_POINT('',(0.589227040956,-7.651795694952));
#9498 = CARTESIAN_POINT('',(0.616138698277,-7.637564219935));
#9499 = CARTESIAN_POINT('',(0.643225472666,-7.623575375786));
#9500 = CARTESIAN_POINT('',(0.670509089779,-7.60988274324));
#9501 = CARTESIAN_POINT('',(0.698017794925,-7.596558331127));
#9502 = CARTESIAN_POINT('',(0.754058899837,-7.570614230449));
#9503 = CARTESIAN_POINT('',(0.782578414684,-7.558021943651));
#9504 = CARTESIAN_POINT('',(0.81141315744,-7.546015390341));
#9505 = CARTESIAN_POINT('',(0.840612784809,-7.534733148286));
#9506 = CARTESIAN_POINT('',(0.870212549706,-7.524359892585));
#9507 = CARTESIAN_POINT('',(0.900240809642,-7.51514766583));
#9508 = CARTESIAN_POINT('',(0.930717801751,-7.507409312841));
#9509 = CARTESIAN_POINT('',(0.980711017025,-7.497745059335));
#9510 = CARTESIAN_POINT('',(0.999955989489,-7.494727400372));
#9511 = CARTESIAN_POINT('',(1.019337957859,-7.492455946437));
#9512 = CARTESIAN_POINT('',(1.038827154592,-7.490992439121));
#9513 = CARTESIAN_POINT('',(1.058389764005,-7.490379609555));
#9514 = CARTESIAN_POINT('',(1.077987222885,-7.490635609581));
#9515 = CARTESIAN_POINT('',(1.097575521099,-7.491748442925));
#9516 = CARTESIAN_POINT('',(1.137174638049,-7.495645607812));
#9517 = CARTESIAN_POINT('',(1.157188520121,-7.498478475319));
#9518 = CARTESIAN_POINT('',(1.177108688446,-7.502122042129));
#9519 = CARTESIAN_POINT('',(1.196910083423,-7.506509341877));
#9520 = CARTESIAN_POINT('',(1.216578295474,-7.51156230036));
#9521 = CARTESIAN_POINT('',(1.236107814689,-7.517200637299));
#9522 = CARTESIAN_POINT('',(1.255500280473,-7.523350768096));
#9523 = CARTESIAN_POINT('',(1.313956060247,-7.543391744276));
#9524 = CARTESIAN_POINT('',(1.352579636619,-7.558692497197));
#9525 = CARTESIAN_POINT('',(1.390758762075,-7.575352358353));
#9526 = CARTESIAN_POINT('',(1.428579879891,-7.593012935184));
#9527 = CARTESIAN_POINT('',(1.466104735751,-7.611435370821));
#9528 = CARTESIAN_POINT('',(1.503388499498,-7.63046040557));
#9529 = CARTESIAN_POINT('',(1.540493863897,-7.64997701295));
#9530 = CARTESIAN_POINT('',(1.619284661459,-7.69244913849));
#9531 = CARTESIAN_POINT('',(1.660900577502,-7.715500319399));
#9532 = CARTESIAN_POINT('',(1.702399666417,-7.738955755695));
#9533 = CARTESIAN_POINT('',(1.743819332292,-7.762737653792));
#9534 = CARTESIAN_POINT('',(1.78518526934,-7.786792760255));
#9535 = CARTESIAN_POINT('',(1.8265177686,-7.811081415641));
#9536 = CARTESIAN_POINT('',(1.867834663638,-7.835572561092));
#9537 = CARTESIAN_POINT('',(1.966313393664,-7.894379461142));
#9538 = CARTESIAN_POINT('',(2.023469580454,-7.928858019617));
#9539 = CARTESIAN_POINT('',(2.080658134094,-7.963613294285));
#9540 = CARTESIAN_POINT('',(2.137887830388,-7.998622781973));
#9541 = CARTESIAN_POINT('',(2.195200794601,-8.03382139315));
#9542 = CARTESIAN_POINT('',(2.252576966224,-8.069229487155));
#9543 = CARTESIAN_POINT('',(2.310036646737,-8.104814872548));
#9544 = CARTESIAN_POINT('',(2.429724357332,-8.179186338364));
#9545 = CARTESIAN_POINT('',(2.491966227799,-8.217999526991));
#9546 = CARTESIAN_POINT('',(2.55431241397,-8.256997657217));
#9547 = CARTESIAN_POINT('',(2.616766562588,-8.296169717133));
#9548 = CARTESIAN_POINT('',(2.679330839763,-8.335506886461));
#9549 = CARTESIAN_POINT('',(2.742006342392,-8.375001925027));
#9550 = CARTESIAN_POINT('',(2.804793509575,-8.414648561227));
#9551 = CARTESIAN_POINT('',(3.136997285896,-8.62481332687));
#9552 = CARTESIAN_POINT('',(3.408358251635,-8.797861365881));
#9553 = CARTESIAN_POINT('',(3.681766090022,-8.97313587728));
#9554 = CARTESIAN_POINT('',(3.957026825784,-9.150392243936));
#9555 = CARTESIAN_POINT('',(4.233950669045,-9.329333257001));
#9556 = CARTESIAN_POINT('',(4.512288261055,-9.509693635637));
#9557 = CARTESIAN_POINT('',(4.791778462122,-9.6911695879));
#9558 = CARTESIAN_POINT('',(5.144219245536,-9.920313704513));
#9559 = CARTESIAN_POINT('',(5.216364846826,-9.967237152585));
#9560 = CARTESIAN_POINT('',(5.288565539996,-10.01420484872));
#9561 = CARTESIAN_POINT('',(5.360821117,-10.06120674425));
#9562 = CARTESIAN_POINT('',(5.433131135958,-10.10823320748));
#9563 = CARTESIAN_POINT('',(5.505494508742,-10.15527548752));
#9564 = CARTESIAN_POINT('',(5.577909737554,-10.20232543514));
#9565 = CARTESIAN_POINT('',(6.195292011047,-10.60316474501));
#9566 = CARTESIAN_POINT('',(6.742952147363,-10.95682564434));
#9567 = CARTESIAN_POINT('',(7.292928196716,-11.30695978819));
#9568 = CARTESIAN_POINT('',(7.844258806233,-11.65101790786));
#9569 = CARTESIAN_POINT('',(8.396212518114,-11.98653388716));
#9570 = CARTESIAN_POINT('',(8.94804875854,-12.31121104572));
#9571 = CARTESIAN_POINT('',(9.499189259383,-12.6227022601));
#9572 = CARTESIAN_POINT('',(10.098757862793,-12.94491601396));
#9573 = CARTESIAN_POINT('',(10.14851907028,-12.97153277788));
#9574 = CARTESIAN_POINT('',(10.198269300298,-12.9980160574));
#9575 = CARTESIAN_POINT('',(10.248003937117,-13.02436239912));
#9576 = CARTESIAN_POINT('',(10.297725128814,-13.05057033067));
#9577 = CARTESIAN_POINT('',(10.347436518689,-13.07663892197));
#9578 = CARTESIAN_POINT('',(10.39713667446,-13.10256587981));
#9579 = CARTESIAN_POINT('',(10.913768073225,-13.370639946));
#9580 = CARTESIAN_POINT('',(11.379893593739,-13.60031424589));
#9581 = CARTESIAN_POINT('',(11.84602922869,-13.81607896077));
#9582 = CARTESIAN_POINT('',(12.312895816338,-14.01714814643));
#9583 = CARTESIAN_POINT('',(12.781177962808,-14.20319635528));
#9584 = CARTESIAN_POINT('',(13.251568644802,-14.37430843497));
#9585 = CARTESIAN_POINT('',(13.724815350369,-14.53092028968));
#9586 = CARTESIAN_POINT('',(14.26567987652,-14.69287445607));
#9587 = CARTESIAN_POINT('',(14.330129781059,-14.71190569306));
#9588 = CARTESIAN_POINT('',(14.394962420275,-14.73077788817));
#9589 = CARTESIAN_POINT('',(14.459993638796,-14.74943417456));
#9590 = CARTESIAN_POINT('',(14.525035007306,-14.76782096757));
#9591 = CARTESIAN_POINT('',(14.589893689697,-14.78588793219));
#9592 = CARTESIAN_POINT('',(14.654372310217,-14.80358795056));
#9593 = CARTESIAN_POINT('',(14.773779451125,-14.83589717405));
#9594 = CARTESIAN_POINT('',(14.827192299179,-14.85015828336));
#9595 = CARTESIAN_POINT('',(14.880167248252,-14.86413680596));
#9596 = CARTESIAN_POINT('',(14.933702829245,-14.87809643383));
#9597 = CARTESIAN_POINT('',(14.988125927018,-14.89210870254));
#9598 = CARTESIAN_POINT('',(15.043084233958,-14.90607161366));
#9599 = CARTESIAN_POINT('',(15.097541450592,-14.91972633956));
#9600 = CARTESIAN_POINT('',(15.555551421269,-15.03323997015));
#9601 = CARTESIAN_POINT('',(15.964660055182,-15.1250966298));
#9602 = CARTESIAN_POINT('',(16.376841561327,-15.20895066107));
#9603 = CARTESIAN_POINT('',(16.79185210738,-15.28556056451));
#9604 = CARTESIAN_POINT('',(17.209466593027,-15.35571887708));
#9605 = CARTESIAN_POINT('',(17.629481407359,-15.42023946754));
#9606 = CARTESIAN_POINT('',(18.051716952973,-15.47994791963));
#9607 = CARTESIAN_POINT('',(18.84826632007,-15.58456507932));
#9608 = CARTESIAN_POINT('',(19.222094271162,-15.6303893849));
#9609 = CARTESIAN_POINT('',(19.59740030547,-15.67370969321));
#9610 = CARTESIAN_POINT('',(19.974083789105,-15.71508835716));
#9611 = CARTESIAN_POINT('',(20.352047381961,-15.75508690111));
#9612 = CARTESIAN_POINT('',(20.731197480802,-15.79426461286));
#9613 = CARTESIAN_POINT('',(21.111444662358,-15.83317713555));
#9614 = CARTESIAN_POINT('',(21.643676635832,-15.88789679617));
#9615 = CARTESIAN_POINT('',(21.794807058276,-15.90346321459));
#9616 = CARTESIAN_POINT('',(21.946089743457,-15.91910850508));
#9617 = CARTESIAN_POINT('',(22.097518933078,-15.93486671277));
#9618 = CARTESIAN_POINT('',(22.249088760831,-15.95077173772));
#9619 = CARTESIAN_POINT('',(22.400793252395,-15.96685733493));
#9620 = CARTESIAN_POINT('',(22.552626325438,-15.98315711433));
#9621 = CARTESIAN_POINT('',(23.949993258776,-16.13532555849));
#9622 = CARTESIAN_POINT('',(25.203553098711,-16.28760518452));
#9623 = CARTESIAN_POINT('',(26.463292093587,-16.45546775936));
#9624 = CARTESIAN_POINT('',(27.727164810084,-16.63792650467));
#9625 = CARTESIAN_POINT('',(28.993095872622,-16.83409209976));
#9626 = CARTESIAN_POINT('',(30.259045963767,-17.04316864901));
#9627 = CARTESIAN_POINT('',(31.52307949465,-17.2644423714));
#9628 = CARTESIAN_POINT('',(33.060903112273,-17.5485294451));
#9629 = CARTESIAN_POINT('',(33.338207843715,-17.60034991375));
#9630 = CARTESIAN_POINT('',(33.615309987822,-17.65272267236));
#9631 = CARTESIAN_POINT('',(33.892189594478,-17.70564071925));
#9632 = CARTESIAN_POINT('',(34.168826860236,-17.75909712797));
#9633 = CARTESIAN_POINT('',(34.445202128325,-17.81308504738));
#9634 = CARTESIAN_POINT('',(34.721295888645,-17.86759770158));
#9635 = CARTESIAN_POINT('',(36.145546938174,-18.15178746418));
#9636 = CARTESIAN_POINT('',(37.288775281387,-18.38992926259));
#9637 = CARTESIAN_POINT('',(38.427194421648,-18.63640192465));
#9638 = CARTESIAN_POINT('',(39.561208070327,-18.89054869208));
#9639 = CARTESIAN_POINT('',(40.69120610885,-19.15170919951));
#9640 = CARTESIAN_POINT('',(41.817567661632,-19.4192207651));
#9641 = CARTESIAN_POINT('',(42.940664168997,-19.6924196812));
#9642 = CARTESIAN_POINT('',(44.533411606366,-20.08800918805));
#9643 = CARTESIAN_POINT('',(45.005444263095,-20.20626968093));
#9644 = CARTESIAN_POINT('',(45.47698752979,-20.32537405222));
#9645 = CARTESIAN_POINT('',(45.948068166285,-20.44527230101));
#9646 = CARTESIAN_POINT('',(46.418712592759,-20.56591435686));
#9647 = CARTESIAN_POINT('',(46.888946889736,-20.68725007977));
#9648 = CARTESIAN_POINT('',(47.35879679809,-20.80922926021));
#9649 = CARTESIAN_POINT('',(48.180791975675,-21.02383168046));
#9650 = CARTESIAN_POINT('',(48.533093956024,-21.11619613811));
#9651 = CARTESIAN_POINT('',(48.885201674208,-21.20887342162));
#9652 = CARTESIAN_POINT('',(49.237140748508,-21.30184382926));
#9653 = CARTESIAN_POINT('',(49.588915784777,-21.39508527902));
#9654 = CARTESIAN_POINT('',(49.940549401038,-21.48857762473));
#9655 = CARTESIAN_POINT('',(50.292052846847,-21.58229942029));
#9656 = CARTESIAN_POINT('',(51.705581247058,-21.9601514249));
#9657 = CARTESIAN_POINT('',(52.76666985527,-22.24597625279));
#9658 = CARTESIAN_POINT('',(53.827125009934,-22.53312413883));
#9659 = CARTESIAN_POINT('',(54.88734792957,-22.82100851552));
#9660 = CARTESIAN_POINT('',(55.947725038959,-23.10903923215));
#9661 = CARTESIAN_POINT('',(57.008629063796,-23.39662548901));
#9662 = CARTESIAN_POINT('',(58.070420125353,-23.68317877152));
#9663 = CARTESIAN_POINT('',(61.066239948537,-24.4861877118));
#9664 = CARTESIAN_POINT('',(63.002990494469,-24.99889201924));
#9665 = CARTESIAN_POINT('',(64.943651410733,-25.50339942021));
#9666 = CARTESIAN_POINT('',(66.888269692,-25.99702357464));
#9667 = CARTESIAN_POINT('',(68.836990809936,-26.47720764778));
#9668 = CARTESIAN_POINT('',(70.790065896328,-26.94150018404));
#9669 = CARTESIAN_POINT('',(72.747861689201,-27.38752029571));
#9670 = CARTESIAN_POINT('',(74.817270442549,-27.83596883386));
#9671 = CARTESIAN_POINT('',(74.923682691166,-27.8589648411));
#9672 = CARTESIAN_POINT('',(75.030110044595,-27.88189980904));
#9673 = CARTESIAN_POINT('',(75.136552559543,-27.90477335843));
#9674 = CARTESIAN_POINT('',(75.243010292613,-27.92758511002));
#9675 = CARTESIAN_POINT('',(75.349483300305,-27.95033468459));
#9676 = CARTESIAN_POINT('',(75.455971639014,-27.97302170291));
#9677 = CARTESIAN_POINT('',(76.300133244932,-28.15234296075));
#9678 = CARTESIAN_POINT('',(77.038529935882,-28.30601605101));
#9679 = CARTESIAN_POINT('',(77.777603643551,-28.45677431396));
#9680 = CARTESIAN_POINT('',(78.517294730966,-28.60472421497));
#9681 = CARTESIAN_POINT('',(79.257545619839,-28.74996961388));
#9682 = CARTESIAN_POINT('',(79.998300691898,-28.89261195161));
#9683 = CARTESIAN_POINT('',(80.739506190221,-29.03275043666));
#9684 = CARTESIAN_POINT('',(81.672634265935,-29.20605238346));
#9685 = CARTESIAN_POINT('',(81.864184943511,-29.24146199731));
#9686 = CARTESIAN_POINT('',(82.05576112832,-29.27671277963));
#9687 = CARTESIAN_POINT('',(82.247362019583,-29.31180634986));
#9688 = CARTESIAN_POINT('',(82.438986729922,-29.34674434784));
#9689 = CARTESIAN_POINT('',(82.630634219795,-29.38152845658));
#9690 = CARTESIAN_POINT('',(82.822303477123,-29.41616034048));
#9691 = CARTESIAN_POINT('',(84.379307601612,-29.69623324701));
#9692 = CARTESIAN_POINT('',(85.745693142523,-29.93417642032));
#9693 = CARTESIAN_POINT('',(87.11299457431,-30.1650019346));
#9694 = CARTESIAN_POINT('',(88.48104753616,-30.38922718095));
#9695 = CARTESIAN_POINT('',(89.849677274055,-30.60735994905));
#9696 = CARTESIAN_POINT('',(91.218696617831,-30.81990235061));
#9697 = CARTESIAN_POINT('',(92.587903958228,-31.02735474271));
#9698 = CARTESIAN_POINT('',(94.345673274394,-31.28779560781));
#9699 = CARTESIAN_POINT('',(94.734262307043,-31.34500195788));
#9700 = CARTESIAN_POINT('',(95.122843127195,-31.40185014322));
#9701 = CARTESIAN_POINT('',(95.511410350825,-31.45835162376));
#9702 = CARTESIAN_POINT('',(95.899958404583,-31.51451787761));
#9703 = CARTESIAN_POINT('',(96.288481525795,-31.5703604011));
#9704 = CARTESIAN_POINT('',(96.676973762461,-31.62589070873));
#9705 = CARTESIAN_POINT('',(97.358259980893,-31.72275433921));
#9706 = CARTESIAN_POINT('',(97.651070001782,-31.76421746859));
#9707 = CARTESIAN_POINT('',(97.943856152996,-31.80551471114));
#9708 = CARTESIAN_POINT('',(98.23661599197,-31.8466509745));
#9709 = CARTESIAN_POINT('',(98.529346821261,-31.88763121045));
#9710 = CARTESIAN_POINT('',(98.822045527537,-31.92846044532));
#9711 = CARTESIAN_POINT('',(99.114708954789,-31.96914371451));
#9712 = CARTESIAN_POINT('',(100.28793055996,-32.13168905402));
#9713 = CARTESIAN_POINT('',(101.16819394022,-32.25241277577));
#9714 = CARTESIAN_POINT('',(102.04825997795,-32.37195493689));
#9715 = CARTESIAN_POINT('',(102.92826336168,-32.49041820779));
#9716 = CARTESIAN_POINT('',(103.80833724752,-32.60790928025));
#9717 = CARTESIAN_POINT('',(104.68861206369,-32.7245380889));
#9718 = CARTESIAN_POINT('',(105.56921431498,-32.84041703266));
#9719 = CARTESIAN_POINT('',(106.45026538726,-32.95566019621));
#9720 = ( GEOMETRIC_REPRESENTATION_CONTEXT(2) 
PARAMETRIC_REPRESENTATION_CONTEXT() REPRESENTATION_CONTEXT('2D SPACE',''
  ) );
#9721 = ADVANCED_FACE('',(#9722),#321,.T.);
#9722 = FACE_BOUND('',#9723,.F.);
#9723 = EDGE_LOOP('',(#9724,#9725,#9746,#9747,#9748,#9749));
#9724 = ORIENTED_EDGE('',*,*,#736,.F.);
#9725 = ORIENTED_EDGE('',*,*,#9726,.T.);
#9726 = EDGE_CURVE('',#737,#279,#9727,.T.);
#9727 = SURFACE_CURVE('',#9728,(#9732,#9739),.PCURVE_S1.);
#9728 = LINE('',#9729,#9730);
#9729 = CARTESIAN_POINT('',(-4.279999080468,16.05,9.093080219111));
#9730 = VECTOR('',#9731,1.);
#9731 = DIRECTION('',(-0.,1.,1.110223024625E-16));
#9732 = PCURVE('',#321,#9733);
#9733 = DEFINITIONAL_REPRESENTATION('',(#9734),#9738);
#9734 = LINE('',#9735,#9736);
#9735 = CARTESIAN_POINT('',(-0.,-0.));
#9736 = VECTOR('',#9737,1.);
#9737 = DIRECTION('',(-0.,-1.));
#9738 = ( GEOMETRIC_REPRESENTATION_CONTEXT(2) 
PARAMETRIC_REPRESENTATION_CONTEXT() REPRESENTATION_CONTEXT('2D SPACE',''
  ) );
#9739 = PCURVE('',#111,#9740);
#9740 = DEFINITIONAL_REPRESENTATION('',(#9741),#9745);
#9741 = LINE('',#9742,#9743);
#9742 = CARTESIAN_POINT('',(-3.832541306295,0.));
#9743 = VECTOR('',#9744,1.);
#9744 = DIRECTION('',(-0.,-1.));
#9745 = ( GEOMETRIC_REPRESENTATION_CONTEXT(2) 
PARAMETRIC_REPRESENTATION_CONTEXT() REPRESENTATION_CONTEXT('2D SPACE',''
  ) );
#9746 = ORIENTED_EDGE('',*,*,#306,.F.);
#9747 = ORIENTED_EDGE('',*,*,#8960,.F.);
#9748 = ORIENTED_EDGE('',*,*,#1941,.T.);
#9749 = ORIENTED_EDGE('',*,*,#1617,.F.);
#9750 = ADVANCED_FACE('',(#9751),#266,.F.);
#9751 = FACE_BOUND('',#9752,.F.);
#9752 = EDGE_LOOP('',(#9753,#9754,#9773,#9774));
#9753 = ORIENTED_EDGE('',*,*,#1487,.F.);
#9754 = ORIENTED_EDGE('',*,*,#9755,.F.);
#9755 = EDGE_CURVE('',#218,#1488,#9756,.T.);
#9756 = SURFACE_CURVE('',#9757,(#9761,#9767),.PCURVE_S1.);
#9757 = LINE('',#9758,#9759);
#9758 = CARTESIAN_POINT('',(-7.741509814844,24.05,6.408707029243));
#9759 = VECTOR('',#9760,1.);
#9760 = DIRECTION('',(0.,-1.,0.));
#9761 = PCURVE('',#266,#9762);
#9762 = DEFINITIONAL_REPRESENTATION('',(#9763),#9766);
#9763 = B_SPLINE_CURVE_WITH_KNOTS('',1,(#9764,#9765),.UNSPECIFIED.,.F.,
  .F.,(2,2),(0.1,1.6),.PIECEWISE_BEZIER_KNOTS.);
#9764 = CARTESIAN_POINT('',(4.230829612007,0.1));
#9765 = CARTESIAN_POINT('',(4.230829612007,1.6));
#9766 = ( GEOMETRIC_REPRESENTATION_CONTEXT(2) 
PARAMETRIC_REPRESENTATION_CONTEXT() REPRESENTATION_CONTEXT('2D SPACE',''
  ) );
#9767 = PCURVE('',#111,#9768);
#9768 = DEFINITIONAL_REPRESENTATION('',(#9769),#9772);
#9769 = B_SPLINE_CURVE_WITH_KNOTS('',1,(#9770,#9771),.UNSPECIFIED.,.F.,
  .F.,(2,2),(9.99994E-02,1.6000006),.PIECEWISE_BEZIER_KNOTS.);
#9770 = CARTESIAN_POINT('',(-3.393154480166,-7.9000006));
#9771 = CARTESIAN_POINT('',(-3.393154480166,-6.3999994));
#9772 = ( GEOMETRIC_REPRESENTATION_CONTEXT(2) 
PARAMETRIC_REPRESENTATION_CONTEXT() REPRESENTATION_CONTEXT('2D SPACE',''
  ) );
#9773 = ORIENTED_EDGE('',*,*,#245,.T.);
#9774 = ORIENTED_EDGE('',*,*,#9775,.T.);
#9775 = EDGE_CURVE('',#246,#1490,#9776,.T.);
#9776 = SURFACE_CURVE('',#9777,(#9781,#9787),.PCURVE_S1.);
#9777 = LINE('',#9778,#9779);
#9778 = CARTESIAN_POINT('',(-6.408707029243,24.05,7.741509814844));
#9779 = VECTOR('',#9780,1.);
#9780 = DIRECTION('',(0.,-1.,0.));
#9781 = PCURVE('',#266,#9782);
#9782 = DEFINITIONAL_REPRESENTATION('',(#9783),#9786);
#9783 = B_SPLINE_CURVE_WITH_KNOTS('',1,(#9784,#9785),.UNSPECIFIED.,.F.,
  .F.,(2,2),(0.1,1.6),.PIECEWISE_BEZIER_KNOTS.);
#9784 = CARTESIAN_POINT('',(9.906337329147,0.1));
#9785 = CARTESIAN_POINT('',(9.906337329147,1.6));
#9786 = ( GEOMETRIC_REPRESENTATION_CONTEXT(2) 
PARAMETRIC_REPRESENTATION_CONTEXT() REPRESENTATION_CONTEXT('2D SPACE',''
  ) );
#9787 = PCURVE('',#111,#9788);
#9788 = DEFINITIONAL_REPRESENTATION('',(#9789),#9792);
#9789 = B_SPLINE_CURVE_WITH_KNOTS('',1,(#9790,#9791),.UNSPECIFIED.,.F.,
  .F.,(2,2),(9.99994E-02,1.6000006),.PIECEWISE_BEZIER_KNOTS.);
#9790 = CARTESIAN_POINT('',(-3.580979479718,-7.9000006));
#9791 = CARTESIAN_POINT('',(-3.580979479718,-6.3999994));
#9792 = ( GEOMETRIC_REPRESENTATION_CONTEXT(2) 
PARAMETRIC_REPRESENTATION_CONTEXT() REPRESENTATION_CONTEXT('2D SPACE',''
  ) );
#9793 = ADVANCED_FACE('',(#9794),#205,.F.);
#9794 = FACE_BOUND('',#9795,.F.);
#9795 = EDGE_LOOP('',(#9796,#9797,#9816,#9817));
#9796 = ORIENTED_EDGE('',*,*,#8875,.F.);
#9797 = ORIENTED_EDGE('',*,*,#9798,.F.);
#9798 = EDGE_CURVE('',#157,#8876,#9799,.T.);
#9799 = SURFACE_CURVE('',#9800,(#9804,#9810),.PCURVE_S1.);
#9800 = LINE('',#9801,#9802);
#9801 = CARTESIAN_POINT('',(-6.408707029243,24.05,-7.741509814844));
#9802 = VECTOR('',#9803,1.);
#9803 = DIRECTION('',(0.,-1.,0.));
#9804 = PCURVE('',#205,#9805);
#9805 = DEFINITIONAL_REPRESENTATION('',(#9806),#9809);
#9806 = B_SPLINE_CURVE_WITH_KNOTS('',1,(#9807,#9808),.UNSPECIFIED.,.F.,
  .F.,(2,2),(0.1,1.6),.PIECEWISE_BEZIER_KNOTS.);
#9807 = CARTESIAN_POINT('',(5.801625938802,0.1));
#9808 = CARTESIAN_POINT('',(5.801625938802,1.6));
#9809 = ( GEOMETRIC_REPRESENTATION_CONTEXT(2) 
PARAMETRIC_REPRESENTATION_CONTEXT() REPRESENTATION_CONTEXT('2D SPACE',''
  ) );
#9810 = PCURVE('',#111,#9811);
#9811 = DEFINITIONAL_REPRESENTATION('',(#9812),#9815);
#9812 = B_SPLINE_CURVE_WITH_KNOTS('',1,(#9813,#9814),.UNSPECIFIED.,.F.,
  .F.,(2,2),(9.99994E-02,1.6000006),.PIECEWISE_BEZIER_KNOTS.);
#9813 = CARTESIAN_POINT('',(-1.822358153371,-7.9000006));
#9814 = CARTESIAN_POINT('',(-1.822358153371,-6.3999994));
#9815 = ( GEOMETRIC_REPRESENTATION_CONTEXT(2) 
PARAMETRIC_REPRESENTATION_CONTEXT() REPRESENTATION_CONTEXT('2D SPACE',''
  ) );
#9816 = ORIENTED_EDGE('',*,*,#184,.T.);
#9817 = ORIENTED_EDGE('',*,*,#9818,.T.);
#9818 = EDGE_CURVE('',#185,#8878,#9819,.T.);
#9819 = SURFACE_CURVE('',#9820,(#9824,#9830),.PCURVE_S1.);
#9820 = LINE('',#9821,#9822);
#9821 = CARTESIAN_POINT('',(-7.741509814844,24.05,-6.408707029243));
#9822 = VECTOR('',#9823,1.);
#9823 = DIRECTION('',(0.,-1.,0.));
#9824 = PCURVE('',#205,#9825);
#9825 = DEFINITIONAL_REPRESENTATION('',(#9826),#9829);
#9826 = B_SPLINE_CURVE_WITH_KNOTS('',1,(#9827,#9828),.UNSPECIFIED.,.F.,
  .F.,(2,2),(0.1,1.6),.PIECEWISE_BEZIER_KNOTS.);
#9827 = CARTESIAN_POINT('',(11.477133655942,0.1));
#9828 = CARTESIAN_POINT('',(11.477133655942,1.6));
#9829 = ( GEOMETRIC_REPRESENTATION_CONTEXT(2) 
PARAMETRIC_REPRESENTATION_CONTEXT() REPRESENTATION_CONTEXT('2D SPACE',''
  ) );
#9830 = PCURVE('',#111,#9831);
#9831 = DEFINITIONAL_REPRESENTATION('',(#9832),#9835);
#9832 = B_SPLINE_CURVE_WITH_KNOTS('',1,(#9833,#9834),.UNSPECIFIED.,.F.,
  .F.,(2,2),(9.99994E-02,1.6000006),.PIECEWISE_BEZIER_KNOTS.);
#9833 = CARTESIAN_POINT('',(-2.010183152923,-7.9000006));
#9834 = CARTESIAN_POINT('',(-2.010183152923,-6.3999994));
#9835 = ( GEOMETRIC_REPRESENTATION_CONTEXT(2) 
PARAMETRIC_REPRESENTATION_CONTEXT() REPRESENTATION_CONTEXT('2D SPACE',''
  ) );
#9836 = ADVANCED_FACE('',(#9837),#144,.F.);
#9837 = FACE_BOUND('',#9838,.F.);
#9838 = EDGE_LOOP('',(#9839,#9840,#9859,#9860));
#9839 = ORIENTED_EDGE('',*,*,#1026,.F.);
#9840 = ORIENTED_EDGE('',*,*,#9841,.F.);
#9841 = EDGE_CURVE('',#91,#1027,#9842,.T.);
#9842 = SURFACE_CURVE('',#9843,(#9847,#9853),.PCURVE_S1.);
#9843 = LINE('',#9844,#9845);
#9844 = CARTESIAN_POINT('',(7.741509814844,24.05,-6.408707029243));
#9845 = VECTOR('',#9846,1.);
#9846 = DIRECTION('',(0.,-1.,0.));
#9847 = PCURVE('',#144,#9848);
#9848 = DEFINITIONAL_REPRESENTATION('',(#9849),#9852);
#9849 = B_SPLINE_CURVE_WITH_KNOTS('',1,(#9850,#9851),.UNSPECIFIED.,.F.,
  .F.,(2,2),(0.1,1.6),.PIECEWISE_BEZIER_KNOTS.);
#9850 = CARTESIAN_POINT('',(1.089236958417,0.1));
#9851 = CARTESIAN_POINT('',(1.089236958417,1.6));
#9852 = ( GEOMETRIC_REPRESENTATION_CONTEXT(2) 
PARAMETRIC_REPRESENTATION_CONTEXT() REPRESENTATION_CONTEXT('2D SPACE',''
  ) );
#9853 = PCURVE('',#111,#9854);
#9854 = DEFINITIONAL_REPRESENTATION('',(#9855),#9858);
#9855 = B_SPLINE_CURVE_WITH_KNOTS('',1,(#9856,#9857),.UNSPECIFIED.,.F.,
  .F.,(2,2),(9.99994E-02,1.6000006),.PIECEWISE_BEZIER_KNOTS.);
#9856 = CARTESIAN_POINT('',(-0.251561826576,-7.9000006));
#9857 = CARTESIAN_POINT('',(-0.251561826576,-6.3999994));
#9858 = ( GEOMETRIC_REPRESENTATION_CONTEXT(2) 
PARAMETRIC_REPRESENTATION_CONTEXT() REPRESENTATION_CONTEXT('2D SPACE',''
  ) );
#9859 = ORIENTED_EDGE('',*,*,#123,.T.);
#9860 = ORIENTED_EDGE('',*,*,#9861,.T.);
#9861 = EDGE_CURVE('',#124,#1029,#9862,.T.);
#9862 = SURFACE_CURVE('',#9863,(#9867,#9873),.PCURVE_S1.);
#9863 = LINE('',#9864,#9865);
#9864 = CARTESIAN_POINT('',(6.408707029243,24.05,-7.741509814844));
#9865 = VECTOR('',#9866,1.);
#9866 = DIRECTION('',(0.,-1.,0.));
#9867 = PCURVE('',#144,#9868);
#9868 = DEFINITIONAL_REPRESENTATION('',(#9869),#9872);
#9869 = B_SPLINE_CURVE_WITH_KNOTS('',1,(#9870,#9871),.UNSPECIFIED.,.F.,
  .F.,(2,2),(0.1,1.6),.PIECEWISE_BEZIER_KNOTS.);
#9870 = CARTESIAN_POINT('',(6.764744675557,0.1));
#9871 = CARTESIAN_POINT('',(6.764744675557,1.6));
#9872 = ( GEOMETRIC_REPRESENTATION_CONTEXT(2) 
PARAMETRIC_REPRESENTATION_CONTEXT() REPRESENTATION_CONTEXT('2D SPACE',''
  ) );
#9873 = PCURVE('',#111,#9874);
#9874 = DEFINITIONAL_REPRESENTATION('',(#9875),#9878);
#9875 = B_SPLINE_CURVE_WITH_KNOTS('',1,(#9876,#9877),.UNSPECIFIED.,.F.,
  .F.,(2,2),(9.99994E-02,1.6000006),.PIECEWISE_BEZIER_KNOTS.);
#9876 = CARTESIAN_POINT('',(-0.439386826128,-7.9000006));
#9877 = CARTESIAN_POINT('',(-0.439386826128,-6.3999994));
#9878 = ( GEOMETRIC_REPRESENTATION_CONTEXT(2) 
PARAMETRIC_REPRESENTATION_CONTEXT() REPRESENTATION_CONTEXT('2D SPACE',''
  ) );
#9879 = ADVANCED_FACE('',(#9880),#111,.T.);
#9880 = FACE_BOUND('',#9881,.F.);
#9881 = EDGE_LOOP('',(#9882,#9883,#9904,#9905,#9906,#9907,#9908,#9909,
    #9910,#9911,#9912,#9913,#9914,#9915,#9916,#9917,#9918,#9919,#9920,
    #9921));
#9882 = ORIENTED_EDGE('',*,*,#662,.T.);
#9883 = ORIENTED_EDGE('',*,*,#9884,.T.);
#9884 = EDGE_CURVE('',#663,#65,#9885,.T.);
#9885 = SURFACE_CURVE('',#9886,(#9890,#9897),.PCURVE_S1.);
#9886 = LINE('',#9887,#9888);
#9887 = CARTESIAN_POINT('',(9.093080219111,16.05,-4.279999080468));
#9888 = VECTOR('',#9889,1.);
#9889 = DIRECTION('',(-0.,1.,1.110223024625E-16));
#9890 = PCURVE('',#111,#9891);
#9891 = DEFINITIONAL_REPRESENTATION('',(#9892),#9896);
#9892 = LINE('',#9893,#9894);
#9893 = CARTESIAN_POINT('',(-0.,0.));
#9894 = VECTOR('',#9895,1.);
#9895 = DIRECTION('',(-0.,-1.));
#9896 = ( GEOMETRIC_REPRESENTATION_CONTEXT(2) 
PARAMETRIC_REPRESENTATION_CONTEXT() REPRESENTATION_CONTEXT('2D SPACE',''
  ) );
#9897 = PCURVE('',#79,#9898);
#9898 = DEFINITIONAL_REPRESENTATION('',(#9899),#9903);
#9899 = LINE('',#9900,#9901);
#9900 = CARTESIAN_POINT('',(-49.95,1.191021255425E-15));
#9901 = VECTOR('',#9902,1.);
#9902 = DIRECTION('',(-0.,-1.));
#9903 = ( GEOMETRIC_REPRESENTATION_CONTEXT(2) 
PARAMETRIC_REPRESENTATION_CONTEXT() REPRESENTATION_CONTEXT('2D SPACE',''
  ) );
#9904 = ORIENTED_EDGE('',*,*,#90,.F.);
#9905 = ORIENTED_EDGE('',*,*,#9841,.T.);
#9906 = ORIENTED_EDGE('',*,*,#1052,.F.);
#9907 = ORIENTED_EDGE('',*,*,#9861,.F.);
#9908 = ORIENTED_EDGE('',*,*,#156,.F.);
#9909 = ORIENTED_EDGE('',*,*,#9798,.T.);
#9910 = ORIENTED_EDGE('',*,*,#8901,.F.);
#9911 = ORIENTED_EDGE('',*,*,#9818,.F.);
#9912 = ORIENTED_EDGE('',*,*,#217,.F.);
#9913 = ORIENTED_EDGE('',*,*,#9755,.T.);
#9914 = ORIENTED_EDGE('',*,*,#1513,.F.);
#9915 = ORIENTED_EDGE('',*,*,#9775,.F.);
#9916 = ORIENTED_EDGE('',*,*,#278,.F.);
#9917 = ORIENTED_EDGE('',*,*,#9726,.F.);
#9918 = ORIENTED_EDGE('',*,*,#757,.T.);
#9919 = ORIENTED_EDGE('',*,*,#1542,.F.);
#9920 = ORIENTED_EDGE('',*,*,#1179,.T.);
#9921 = ORIENTED_EDGE('',*,*,#8774,.T.);
#9922 = ADVANCED_FACE('',(#9923),#79,.T.);
#9923 = FACE_BOUND('',#9924,.F.);
#9924 = EDGE_LOOP('',(#9925,#9926,#9927,#9960,#9961,#9962,#9963,#9964,
    #9965,#9966,#9967,#9968));
#9925 = ORIENTED_EDGE('',*,*,#7887,.F.);
#9926 = ORIENTED_EDGE('',*,*,#7933,.F.);
#9927 = ORIENTED_EDGE('',*,*,#9928,.F.);
#9928 = EDGE_CURVE('',#22,#7934,#9929,.T.);
#9929 = SURFACE_CURVE('',#9930,(#9938,#9949),.PCURVE_S1.);
#9930 = B_SPLINE_CURVE_WITH_KNOTS('',6,(#9931,#9932,#9933,#9934,#9935,
    #9936,#9937),.UNSPECIFIED.,.F.,.F.,(7,7),(0.,1.),
  .PIECEWISE_BEZIER_KNOTS.);
#9931 = CARTESIAN_POINT('',(19.,23.95,-8.943062259362));
#9932 = CARTESIAN_POINT('',(21.879151769155,23.510233589649,
    -10.29824297124));
#9933 = CARTESIAN_POINT('',(24.747193538972,22.987385677084,
    -11.64819434544));
#9934 = CARTESIAN_POINT('',(27.604186259387,22.392922352132,
    -12.99294507035));
#9935 = CARTESIAN_POINT('',(30.450734070153,21.738572066098,
    -14.33277950698));
#9936 = CARTESIAN_POINT('',(33.287937201506,21.036001108595,
    -15.66821551993));
#9937 = CARTESIAN_POINT('',(36.117383736411,20.296784261077,-17.0000006)
  );
#9938 = PCURVE('',#79,#9939);
#9939 = DEFINITIONAL_REPRESENTATION('',(#9940),#9948);
#9940 = B_SPLINE_CURVE_WITH_KNOTS('',6,(#9941,#9942,#9943,#9944,#9945,
    #9946,#9947),.UNSPECIFIED.,.F.,.F.,(7,7),(0.,1.),
  .PIECEWISE_BEZIER_KNOTS.);
#9941 = CARTESIAN_POINT('',(-39.0005151831,-7.9));
#9942 = CARTESIAN_POINT('',(-35.81837287458,-7.460233589649));
#9943 = CARTESIAN_POINT('',(-32.64850973777,-6.937385677084));
#9944 = CARTESIAN_POINT('',(-29.49085840859,-6.342922352132));
#9945 = CARTESIAN_POINT('',(-26.34475117003,-5.688572066098));
#9946 = CARTESIAN_POINT('',(-23.20897200796,-4.986001108595));
#9947 = CARTESIAN_POINT('',(-20.08176571586,-4.246784261077));
#9948 = ( GEOMETRIC_REPRESENTATION_CONTEXT(2) 
PARAMETRIC_REPRESENTATION_CONTEXT() REPRESENTATION_CONTEXT('2D SPACE',''
  ) );
#9949 = PCURVE('',#44,#9950);
#9950 = DEFINITIONAL_REPRESENTATION('',(#9951),#9959);
#9951 = B_SPLINE_CURVE_WITH_KNOTS('',6,(#9952,#9953,#9954,#9955,#9956,
    #9957,#9958),.UNSPECIFIED.,.F.,.F.,(7,7),(0.,1.),
  .PIECEWISE_BEZIER_KNOTS.);
#9952 = CARTESIAN_POINT('',(106.45026538726,-11.05693774063));
#9953 = CARTESIAN_POINT('',(103.53875804323,-9.701757028758));
#9954 = CARTESIAN_POINT('',(100.6240800631,-8.351805654552));
#9955 = CARTESIAN_POINT('',(97.707348984183,-7.007054929646));
#9956 = CARTESIAN_POINT('',(94.789183309148,-5.667220493018));
#9957 = CARTESIAN_POINT('',(91.869703673988,-4.331784480063));
#9958 = CARTESIAN_POINT('',(88.948525921402,-2.9999994));
#9959 = ( GEOMETRIC_REPRESENTATION_CONTEXT(2) 
PARAMETRIC_REPRESENTATION_CONTEXT() REPRESENTATION_CONTEXT('2D SPACE',''
  ) );
#9960 = ORIENTED_EDGE('',*,*,#64,.F.);
#9961 = ORIENTED_EDGE('',*,*,#9884,.F.);
#9962 = ORIENTED_EDGE('',*,*,#686,.F.);
#9963 = ORIENTED_EDGE('',*,*,#1567,.T.);
#9964 = ORIENTED_EDGE('',*,*,#1921,.T.);
#9965 = ORIENTED_EDGE('',*,*,#2022,.F.);
#9966 = ORIENTED_EDGE('',*,*,#2296,.F.);
#9967 = ORIENTED_EDGE('',*,*,#2374,.T.);
#9968 = ORIENTED_EDGE('',*,*,#2616,.F.);
#9969 = ADVANCED_FACE('',(#9970),#44,.F.);
#9970 = FACE_BOUND('',#9971,.F.);
#9971 = EDGE_LOOP('',(#9972,#9973,#9974,#9975,#9976,#9977));
#9972 = ORIENTED_EDGE('',*,*,#5172,.T.);
#9973 = ORIENTED_EDGE('',*,*,#5125,.T.);
#9974 = ORIENTED_EDGE('',*,*,#9011,.T.);
#9975 = ORIENTED_EDGE('',*,*,#21,.F.);
#9976 = ORIENTED_EDGE('',*,*,#9928,.T.);
#9977 = ORIENTED_EDGE('',*,*,#7954,.T.);
#9978 = ( GEOMETRIC_REPRESENTATION_CONTEXT(3) 
GLOBAL_UNCERTAINTY_ASSIGNED_CONTEXT((#9982)) 
GLOBAL_UNIT_ASSIGNED_CONTEXT((#9979,#9980,#9981)) REPRESENTATION_CONTEXT
('Context #1','3D Context with UNIT and UNCERTAINTY') );
#9979 = ( LENGTH_UNIT() NAMED_UNIT(*) SI_UNIT(.MILLI.,.METRE.) );
#9980 = ( NAMED_UNIT(*) PLANE_ANGLE_UNIT() SI_UNIT($,.RADIAN.) );
#9981 = ( NAMED_UNIT(*) SI_UNIT($,.STERADIAN.) SOLID_ANGLE_UNIT() );
#9982 = UNCERTAINTY_MEASURE_WITH_UNIT(LENGTH_MEASURE(1.E-06),#9979,
  'distance_accuracy_value','confusion accuracy');
#9983 = PRODUCT_RELATED_PRODUCT_CATEGORY('part',$,(#7));
ENDSEC;
END-ISO-10303-21;
