ISO-10303-21;
HEADER;
FILE_DESCRIPTION(('Open CASCADE Model'),'2;1');
FILE_NAME('Open CASCADE Shape Model','2026-09-22T00:56:20',('Author'),(
    'Open CASCADE'),'Open CASCADE STEP processor 7.9','Open CASCADE 7.9'
  ,'Unknown');
FILE_SCHEMA(('AUTOMOTIVE_DESIGN { 1 0 10303 214 1 1 1 1 }'));
ENDSEC;
DATA;
#1 = APPLICATION_PROTOCOL_DEFINITION('international standard',
  'automotive_design',2000,#2);
#2 = APPLICATION_CONTEXT(
  'core data for automotive mechanical design processes');
#3 = SHAPE_DEFINITION_REPRESENTATION(#4,#10);
#4 = PRODUCT_DEFINITION_SHAPE('','',#5);
#5 = PRODUCT_DEFINITION('design','',#6,#9);
#6 = PRODUCT_DEFINITION_FORMATION('','',#7);
#7 = PRODUCT('Open CASCADE STEP translator 7.9 12',
  'Open CASCADE STEP translator 7.9 12','',(#8));
#8 = PRODUCT_CONTEXT('',#2,'mechanical');
#9 = PRODUCT_DEFINITION_CONTEXT('part definition',#2,'design');
#10 = ADVANCED_BREP_SHAPE_REPRESENTATION('',(#11,#15),#2129);
#11 = AXIS2_PLACEMENT_3D('',#12,#13,#14);
#12 = CARTESIAN_POINT('',(0.,0.,0.));
#13 = DIRECTION('',(0.,0.,1.));
#14 = DIRECTION('',(1.,0.,-0.));
#15 = MANIFOLD_SOLID_BREP('',#16);
#16 = CLOSED_SHELL('',(#17,#135,#336,#504,#664,#738,#975,#1024,#1148,
    #1313,#1366,#1424,#1451,#1478,#1485,#1702,#1751,#1850,#1877,#1904,
    #1931,#2000,#2007,#2034,#2061,#2068,#2095,#2102));
#17 = ADVANCED_FACE('',(#18),#32,.F.);
#18 = FACE_BOUND('',#19,.F.);
#19 = EDGE_LOOP('',(#20,#55,#81,#109));
#20 = ORIENTED_EDGE('',*,*,#21,.T.);
#21 = EDGE_CURVE('',#22,#24,#26,.T.);
#22 = VERTEX_POINT('',#23);
#23 = CARTESIAN_POINT('',(99.,2.5,-22.));
#24 = VERTEX_POINT('',#25);
#25 = CARTESIAN_POINT('',(99.,2.5,-15.2));
#26 = SURFACE_CURVE('',#27,(#31,#43),.PCURVE_S1.);
#27 = LINE('',#28,#29);
#28 = CARTESIAN_POINT('',(99.,2.5,-22.));
#29 = VECTOR('',#30,1.);
#30 = DIRECTION('',(0.,0.,1.));
#31 = PCURVE('',#32,#37);
#32 = PLANE('',#33);
#33 = AXIS2_PLACEMENT_3D('',#34,#35,#36);
#34 = CARTESIAN_POINT('',(99.,-9.5,-22.));
#35 = DIRECTION('',(1.,0.,0.));
#36 = DIRECTION('',(0.,0.,1.));
#37 = DEFINITIONAL_REPRESENTATION('',(#38),#42);
#38 = LINE('',#39,#40);
#39 = CARTESIAN_POINT('',(0.,-12.));
#40 = VECTOR('',#41,1.);
#41 = DIRECTION('',(1.,0.));
#42 = ( GEOMETRIC_REPRESENTATION_CONTEXT(2) 
PARAMETRIC_REPRESENTATION_CONTEXT() REPRESENTATION_CONTEXT('2D SPACE',''
  ) );
#43 = PCURVE('',#44,#49);
#44 = CYLINDRICAL_SURFACE('',#45,7.);
#45 = AXIS2_PLACEMENT_3D('',#46,#47,#48);
#46 = CARTESIAN_POINT('',(106.,2.5,-22.));
#47 = DIRECTION('',(0.,0.,1.));
#48 = DIRECTION('',(-1.,-0.,0.));
#49 = DEFINITIONAL_REPRESENTATION('',(#50),#54);
#50 = LINE('',#51,#52);
#51 = CARTESIAN_POINT('',(-0.,0.));
#52 = VECTOR('',#53,1.);
#53 = DIRECTION('',(-0.,1.));
#54 = ( GEOMETRIC_REPRESENTATION_CONTEXT(2) 
PARAMETRIC_REPRESENTATION_CONTEXT() REPRESENTATION_CONTEXT('2D SPACE',''
  ) );
#55 = ORIENTED_EDGE('',*,*,#56,.F.);
#56 = EDGE_CURVE('',#57,#24,#59,.T.);
#57 = VERTEX_POINT('',#58);
#58 = CARTESIAN_POINT('',(99.,-2.5,-15.2));
#59 = SURFACE_CURVE('',#60,(#64,#70),.PCURVE_S1.);
#60 = LINE('',#61,#62);
#61 = CARTESIAN_POINT('',(99.,8.75,-15.2));
#62 = VECTOR('',#63,1.);
#63 = DIRECTION('',(0.,1.,0.));
#64 = PCURVE('',#32,#65);
#65 = DEFINITIONAL_REPRESENTATION('',(#66),#69);
#66 = B_SPLINE_CURVE_WITH_KNOTS('',1,(#67,#68),.UNSPECIFIED.,.F.,.F.,(2,
    2),(-11.25,-6.25),.PIECEWISE_BEZIER_KNOTS.);
#67 = CARTESIAN_POINT('',(6.8,-7.));
#68 = CARTESIAN_POINT('',(6.8,-12.));
#69 = ( GEOMETRIC_REPRESENTATION_CONTEXT(2) 
PARAMETRIC_REPRESENTATION_CONTEXT() REPRESENTATION_CONTEXT('2D SPACE',''
  ) );
#70 = PCURVE('',#71,#76);
#71 = PLANE('',#72);
#72 = AXIS2_PLACEMENT_3D('',#73,#74,#75);
#73 = CARTESIAN_POINT('',(108.,27.,-17.));
#74 = DIRECTION('',(-0.196116135138,-0.,-0.980580675691));
#75 = DIRECTION('',(-0.980580675691,0.,0.196116135138));
#76 = DEFINITIONAL_REPRESENTATION('',(#77),#80);
#77 = B_SPLINE_CURVE_WITH_KNOTS('',1,(#78,#79),.UNSPECIFIED.,.F.,.F.,(2,
    2),(-11.25,-6.25),.PIECEWISE_BEZIER_KNOTS.);
#78 = CARTESIAN_POINT('',(9.178235124467,-29.5));
#79 = CARTESIAN_POINT('',(9.178235124467,-24.5));
#80 = ( GEOMETRIC_REPRESENTATION_CONTEXT(2) 
PARAMETRIC_REPRESENTATION_CONTEXT() REPRESENTATION_CONTEXT('2D SPACE',''
  ) );
#81 = ORIENTED_EDGE('',*,*,#82,.F.);
#82 = EDGE_CURVE('',#83,#57,#85,.T.);
#83 = VERTEX_POINT('',#84);
#84 = CARTESIAN_POINT('',(99.,-2.5,-22.));
#85 = SURFACE_CURVE('',#86,(#90,#97),.PCURVE_S1.);
#86 = LINE('',#87,#88);
#87 = CARTESIAN_POINT('',(99.,-2.5,-22.));
#88 = VECTOR('',#89,1.);
#89 = DIRECTION('',(0.,0.,1.));
#90 = PCURVE('',#32,#91);
#91 = DEFINITIONAL_REPRESENTATION('',(#92),#96);
#92 = LINE('',#93,#94);
#93 = CARTESIAN_POINT('',(0.,-7.));
#94 = VECTOR('',#95,1.);
#95 = DIRECTION('',(1.,0.));
#96 = ( GEOMETRIC_REPRESENTATION_CONTEXT(2) 
PARAMETRIC_REPRESENTATION_CONTEXT() REPRESENTATION_CONTEXT('2D SPACE',''
  ) );
#97 = PCURVE('',#98,#103);
#98 = CYLINDRICAL_SURFACE('',#99,7.);
#99 = AXIS2_PLACEMENT_3D('',#100,#101,#102);
#100 = CARTESIAN_POINT('',(106.,-2.5,-22.));
#101 = DIRECTION('',(0.,0.,1.));
#102 = DIRECTION('',(-1.,-0.,0.));
#103 = DEFINITIONAL_REPRESENTATION('',(#104),#108);
#104 = LINE('',#105,#106);
#105 = CARTESIAN_POINT('',(0.,0.));
#106 = VECTOR('',#107,1.);
#107 = DIRECTION('',(0.,1.));
#108 = ( GEOMETRIC_REPRESENTATION_CONTEXT(2) 
PARAMETRIC_REPRESENTATION_CONTEXT() REPRESENTATION_CONTEXT('2D SPACE',''
  ) );
#109 = ORIENTED_EDGE('',*,*,#110,.T.);
#110 = EDGE_CURVE('',#83,#22,#111,.T.);
#111 = SURFACE_CURVE('',#112,(#116,#123),.PCURVE_S1.);
#112 = LINE('',#113,#114);
#113 = CARTESIAN_POINT('',(99.,-9.5,-22.));
#114 = VECTOR('',#115,1.);
#115 = DIRECTION('',(0.,1.,0.));
#116 = PCURVE('',#32,#117);
#117 = DEFINITIONAL_REPRESENTATION('',(#118),#122);
#118 = LINE('',#119,#120);
#119 = CARTESIAN_POINT('',(0.,0.));
#120 = VECTOR('',#121,1.);
#121 = DIRECTION('',(0.,-1.));
#122 = ( GEOMETRIC_REPRESENTATION_CONTEXT(2) 
PARAMETRIC_REPRESENTATION_CONTEXT() REPRESENTATION_CONTEXT('2D SPACE',''
  ) );
#123 = PCURVE('',#124,#129);
#124 = PLANE('',#125);
#125 = AXIS2_PLACEMENT_3D('',#126,#127,#128);
#126 = CARTESIAN_POINT('',(99.,-9.5,-22.));
#127 = DIRECTION('',(0.,0.,1.));
#128 = DIRECTION('',(1.,0.,0.));
#129 = DEFINITIONAL_REPRESENTATION('',(#130),#134);
#130 = LINE('',#131,#132);
#131 = CARTESIAN_POINT('',(0.,0.));
#132 = VECTOR('',#133,1.);
#133 = DIRECTION('',(0.,1.));
#134 = ( GEOMETRIC_REPRESENTATION_CONTEXT(2) 
PARAMETRIC_REPRESENTATION_CONTEXT() REPRESENTATION_CONTEXT('2D SPACE',''
  ) );
#135 = ADVANCED_FACE('',(#136),#44,.T.);
#136 = FACE_BOUND('',#137,.F.);
#137 = EDGE_LOOP('',(#138,#139,#167,#195,#228,#254,#283,#309));
#138 = ORIENTED_EDGE('',*,*,#21,.F.);
#139 = ORIENTED_EDGE('',*,*,#140,.T.);
#140 = EDGE_CURVE('',#22,#141,#143,.T.);
#141 = VERTEX_POINT('',#142);
#142 = CARTESIAN_POINT('',(106.,9.5,-22.));
#143 = SURFACE_CURVE('',#144,(#149,#156),.PCURVE_S1.);
#144 = CIRCLE('',#145,7.);
#145 = AXIS2_PLACEMENT_3D('',#146,#147,#148);
#146 = CARTESIAN_POINT('',(106.,2.5,-22.));
#147 = DIRECTION('',(-0.,-0.,-1.));
#148 = DIRECTION('',(0.,-1.,0.));
#149 = PCURVE('',#44,#150);
#150 = DEFINITIONAL_REPRESENTATION('',(#151),#155);
#151 = LINE('',#152,#153);
#152 = CARTESIAN_POINT('',(1.570796326795,-0.));
#153 = VECTOR('',#154,1.);
#154 = DIRECTION('',(-1.,0.));
#155 = ( GEOMETRIC_REPRESENTATION_CONTEXT(2) 
PARAMETRIC_REPRESENTATION_CONTEXT() REPRESENTATION_CONTEXT('2D SPACE',''
  ) );
#156 = PCURVE('',#124,#157);
#157 = DEFINITIONAL_REPRESENTATION('',(#158),#166);
#158 = ( BOUNDED_CURVE() B_SPLINE_CURVE(2,(#159,#160,#161,#162,#163,#164
,#165),.UNSPECIFIED.,.T.,.F.) B_SPLINE_CURVE_WITH_KNOTS((1,2,2,2,2,1),(
    -2.094395102393,0.,2.094395102393,4.188790204786,6.28318530718,
8.377580409573),.UNSPECIFIED.) CURVE() GEOMETRIC_REPRESENTATION_ITEM() 
RATIONAL_B_SPLINE_CURVE((1.,0.5,1.,0.5,1.,0.5,1.)) REPRESENTATION_ITEM(
  '') );
#159 = CARTESIAN_POINT('',(7.,5.));
#160 = CARTESIAN_POINT('',(-5.124355652982,5.));
#161 = CARTESIAN_POINT('',(0.937822173509,15.5));
#162 = CARTESIAN_POINT('',(7.,26.));
#163 = CARTESIAN_POINT('',(13.062177826491,15.5));
#164 = CARTESIAN_POINT('',(19.124355652982,5.));
#165 = CARTESIAN_POINT('',(7.,5.));
#166 = ( GEOMETRIC_REPRESENTATION_CONTEXT(2) 
PARAMETRIC_REPRESENTATION_CONTEXT() REPRESENTATION_CONTEXT('2D SPACE',''
  ) );
#167 = ORIENTED_EDGE('',*,*,#168,.T.);
#168 = EDGE_CURVE('',#141,#169,#171,.T.);
#169 = VERTEX_POINT('',#170);
#170 = CARTESIAN_POINT('',(106.,9.5,-4.));
#171 = SURFACE_CURVE('',#172,(#176,#183),.PCURVE_S1.);
#172 = LINE('',#173,#174);
#173 = CARTESIAN_POINT('',(106.,9.5,-22.));
#174 = VECTOR('',#175,1.);
#175 = DIRECTION('',(0.,0.,1.));
#176 = PCURVE('',#44,#177);
#177 = DEFINITIONAL_REPRESENTATION('',(#178),#182);
#178 = LINE('',#179,#180);
#179 = CARTESIAN_POINT('',(-1.570796326795,0.));
#180 = VECTOR('',#181,1.);
#181 = DIRECTION('',(-0.,1.));
#182 = ( GEOMETRIC_REPRESENTATION_CONTEXT(2) 
PARAMETRIC_REPRESENTATION_CONTEXT() REPRESENTATION_CONTEXT('2D SPACE',''
  ) );
#183 = PCURVE('',#184,#189);
#184 = PLANE('',#185);
#185 = AXIS2_PLACEMENT_3D('',#186,#187,#188);
#186 = CARTESIAN_POINT('',(99.,9.5,-22.));
#187 = DIRECTION('',(0.,1.,0.));
#188 = DIRECTION('',(0.,0.,1.));
#189 = DEFINITIONAL_REPRESENTATION('',(#190),#194);
#190 = LINE('',#191,#192);
#191 = CARTESIAN_POINT('',(0.,7.));
#192 = VECTOR('',#193,1.);
#193 = DIRECTION('',(1.,0.));
#194 = ( GEOMETRIC_REPRESENTATION_CONTEXT(2) 
PARAMETRIC_REPRESENTATION_CONTEXT() REPRESENTATION_CONTEXT('2D SPACE',''
  ) );
#195 = ORIENTED_EDGE('',*,*,#196,.F.);
#196 = EDGE_CURVE('',#197,#169,#199,.T.);
#197 = VERTEX_POINT('',#198);
#198 = CARTESIAN_POINT('',(101.66987298107,8.,-4.));
#199 = SURFACE_CURVE('',#200,(#205,#212),.PCURVE_S1.);
#200 = CIRCLE('',#201,7.);
#201 = AXIS2_PLACEMENT_3D('',#202,#203,#204);
#202 = CARTESIAN_POINT('',(106.,2.5,-4.));
#203 = DIRECTION('',(-0.,-0.,-1.));
#204 = DIRECTION('',(0.,-1.,0.));
#205 = PCURVE('',#44,#206);
#206 = DEFINITIONAL_REPRESENTATION('',(#207),#211);
#207 = LINE('',#208,#209);
#208 = CARTESIAN_POINT('',(1.570796326795,18.));
#209 = VECTOR('',#210,1.);
#210 = DIRECTION('',(-1.,0.));
#211 = ( GEOMETRIC_REPRESENTATION_CONTEXT(2) 
PARAMETRIC_REPRESENTATION_CONTEXT() REPRESENTATION_CONTEXT('2D SPACE',''
  ) );
#212 = PCURVE('',#213,#218);
#213 = PLANE('',#214);
#214 = AXIS2_PLACEMENT_3D('',#215,#216,#217);
#215 = CARTESIAN_POINT('',(99.,-9.5,-4.));
#216 = DIRECTION('',(0.,0.,1.));
#217 = DIRECTION('',(1.,0.,0.));
#218 = DEFINITIONAL_REPRESENTATION('',(#219),#227);
#219 = ( BOUNDED_CURVE() B_SPLINE_CURVE(2,(#220,#221,#222,#223,#224,#225
,#226),.UNSPECIFIED.,.T.,.F.) B_SPLINE_CURVE_WITH_KNOTS((1,2,2,2,2,1),(
    -2.094395102393,0.,2.094395102393,4.188790204786,6.28318530718,
8.377580409573),.UNSPECIFIED.) CURVE() GEOMETRIC_REPRESENTATION_ITEM() 
RATIONAL_B_SPLINE_CURVE((1.,0.5,1.,0.5,1.,0.5,1.)) REPRESENTATION_ITEM(
  '') );
#220 = CARTESIAN_POINT('',(7.,5.));
#221 = CARTESIAN_POINT('',(-5.124355652982,5.));
#222 = CARTESIAN_POINT('',(0.937822173509,15.5));
#223 = CARTESIAN_POINT('',(7.,26.));
#224 = CARTESIAN_POINT('',(13.062177826491,15.5));
#225 = CARTESIAN_POINT('',(19.124355652982,5.));
#226 = CARTESIAN_POINT('',(7.,5.));
#227 = ( GEOMETRIC_REPRESENTATION_CONTEXT(2) 
PARAMETRIC_REPRESENTATION_CONTEXT() REPRESENTATION_CONTEXT('2D SPACE',''
  ) );
#228 = ORIENTED_EDGE('',*,*,#229,.F.);
#229 = EDGE_CURVE('',#230,#197,#232,.T.);
#230 = VERTEX_POINT('',#231);
#231 = CARTESIAN_POINT('',(101.66987298107,8.,-11.));
#232 = SURFACE_CURVE('',#233,(#237,#243),.PCURVE_S1.);
#233 = LINE('',#234,#235);
#234 = CARTESIAN_POINT('',(101.66987298107,8.,-22.));
#235 = VECTOR('',#236,1.);
#236 = DIRECTION('',(0.,0.,1.));
#237 = PCURVE('',#44,#238);
#238 = DEFINITIONAL_REPRESENTATION('',(#239),#242);
#239 = B_SPLINE_CURVE_WITH_KNOTS('',1,(#240,#241),.UNSPECIFIED.,.F.,.F.,
  (2,2),(10.2,18.0000006),.PIECEWISE_BEZIER_KNOTS.);
#240 = CARTESIAN_POINT('',(-0.903849982291,10.2));
#241 = CARTESIAN_POINT('',(-0.903849982291,18.0000006));
#242 = ( GEOMETRIC_REPRESENTATION_CONTEXT(2) 
PARAMETRIC_REPRESENTATION_CONTEXT() REPRESENTATION_CONTEXT('2D SPACE',''
  ) );
#243 = PCURVE('',#244,#249);
#244 = PLANE('',#245);
#245 = AXIS2_PLACEMENT_3D('',#246,#247,#248);
#246 = CARTESIAN_POINT('',(97.,8.,-11.));
#247 = DIRECTION('',(0.,1.,0.));
#248 = DIRECTION('',(0.,0.,1.));
#249 = DEFINITIONAL_REPRESENTATION('',(#250),#253);
#250 = B_SPLINE_CURVE_WITH_KNOTS('',1,(#251,#252),.UNSPECIFIED.,.F.,.F.,
  (2,2),(10.2,18.0000006),.PIECEWISE_BEZIER_KNOTS.);
#251 = CARTESIAN_POINT('',(-0.8,4.669872981078));
#252 = CARTESIAN_POINT('',(7.0000006,4.669872981078));
#253 = ( GEOMETRIC_REPRESENTATION_CONTEXT(2) 
PARAMETRIC_REPRESENTATION_CONTEXT() REPRESENTATION_CONTEXT('2D SPACE',''
  ) );
#254 = ORIENTED_EDGE('',*,*,#255,.T.);
#255 = EDGE_CURVE('',#230,#256,#258,.T.);
#256 = VERTEX_POINT('',#257);
#257 = CARTESIAN_POINT('',(100.59110184004,6.943401928161,-11.));
#258 = SURFACE_CURVE('',#259,(#264,#271),.PCURVE_S1.);
#259 = CIRCLE('',#260,7.);
#260 = AXIS2_PLACEMENT_3D('',#261,#262,#263);
#261 = CARTESIAN_POINT('',(106.,2.5,-11.));
#262 = DIRECTION('',(0.,0.,1.));
#263 = DIRECTION('',(-1.,-0.,0.));
#264 = PCURVE('',#44,#265);
#265 = DEFINITIONAL_REPRESENTATION('',(#266),#270);
#266 = LINE('',#267,#268);
#267 = CARTESIAN_POINT('',(-6.28318530718,11.));
#268 = VECTOR('',#269,1.);
#269 = DIRECTION('',(1.,-0.));
#270 = ( GEOMETRIC_REPRESENTATION_CONTEXT(2) 
PARAMETRIC_REPRESENTATION_CONTEXT() REPRESENTATION_CONTEXT('2D SPACE',''
  ) );
#271 = PCURVE('',#272,#277);
#272 = PLANE('',#273);
#273 = AXIS2_PLACEMENT_3D('',#274,#275,#276);
#274 = CARTESIAN_POINT('',(97.,-8.,-11.));
#275 = DIRECTION('',(0.,0.,1.));
#276 = DIRECTION('',(1.,0.,0.));
#277 = DEFINITIONAL_REPRESENTATION('',(#278),#282);
#278 = CIRCLE('',#279,7.);
#279 = AXIS2_PLACEMENT_2D('',#280,#281);
#280 = CARTESIAN_POINT('',(9.,10.5));
#281 = DIRECTION('',(-1.,0.));
#282 = ( GEOMETRIC_REPRESENTATION_CONTEXT(2) 
PARAMETRIC_REPRESENTATION_CONTEXT() REPRESENTATION_CONTEXT('2D SPACE',''
  ) );
#283 = ORIENTED_EDGE('',*,*,#284,.F.);
#284 = EDGE_CURVE('',#285,#256,#287,.T.);
#285 = VERTEX_POINT('',#286);
#286 = CARTESIAN_POINT('',(100.59110184004,6.943401928161,-15.518220368)
  );
#287 = SURFACE_CURVE('',#288,(#292,#298),.PCURVE_S1.);
#288 = LINE('',#289,#290);
#289 = CARTESIAN_POINT('',(100.59110184004,6.943401928161,-22.));
#290 = VECTOR('',#291,1.);
#291 = DIRECTION('',(0.,0.,1.));
#292 = PCURVE('',#44,#293);
#293 = DEFINITIONAL_REPRESENTATION('',(#294),#297);
#294 = B_SPLINE_CURVE_WITH_KNOTS('',1,(#295,#296),.UNSPECIFIED.,.F.,.F.,
  (2,2),(2.673076923077,18.0000006),.PIECEWISE_BEZIER_KNOTS.);
#295 = CARTESIAN_POINT('',(-0.687713031786,2.673076923077));
#296 = CARTESIAN_POINT('',(-0.687713031786,18.0000006));
#297 = ( GEOMETRIC_REPRESENTATION_CONTEXT(2) 
PARAMETRIC_REPRESENTATION_CONTEXT() REPRESENTATION_CONTEXT('2D SPACE',''
  ) );
#298 = PCURVE('',#299,#304);
#299 = PLANE('',#300);
#300 = AXIS2_PLACEMENT_3D('',#301,#302,#303);
#301 = CARTESIAN_POINT('',(116.,6.,-30.));
#302 = DIRECTION('',(-6.11100632795E-02,-0.998131033565,0.));
#303 = DIRECTION('',(-0.998131033565,6.11100632795E-02,0.));
#304 = DEFINITIONAL_REPRESENTATION('',(#305),#308);
#305 = B_SPLINE_CURVE_WITH_KNOTS('',1,(#306,#307),.UNSPECIFIED.,.F.,.F.,
  (2,2),(2.673076923077,18.0000006),.PIECEWISE_BEZIER_KNOTS.);
#306 = CARTESIAN_POINT('',(15.43775079803,-10.67307692307));
#307 = CARTESIAN_POINT('',(15.43775079803,-26.0000006));
#308 = ( GEOMETRIC_REPRESENTATION_CONTEXT(2) 
PARAMETRIC_REPRESENTATION_CONTEXT() REPRESENTATION_CONTEXT('2D SPACE',''
  ) );
#309 = ORIENTED_EDGE('',*,*,#310,.F.);
#310 = EDGE_CURVE('',#24,#285,#311,.T.);
#311 = SURFACE_CURVE('',#312,(#317,#329),.PCURVE_S1.);
#312 = ELLIPSE('',#313,7.13862731903,7.);
#313 = AXIS2_PLACEMENT_3D('',#314,#315,#316);
#314 = CARTESIAN_POINT('',(106.,2.5,-16.6));
#315 = DIRECTION('',(-0.196116135138,0.,-0.980580675691));
#316 = DIRECTION('',(-0.980580675691,0.,0.196116135138));
#317 = PCURVE('',#44,#318);
#318 = DEFINITIONAL_REPRESENTATION('',(#319),#328);
#319 = B_SPLINE_CURVE_WITH_KNOTS('',7,(#320,#321,#322,#323,#324,#325,
    #326,#327),.UNSPECIFIED.,.F.,.F.,(8,8),(7.729373032533E-18,
    1.303636354381),.PIECEWISE_BEZIER_KNOTS.);
#320 = CARTESIAN_POINT('',(0.,6.8));
#321 = CARTESIAN_POINT('',(-0.186233764912,6.8));
#322 = CARTESIAN_POINT('',(-0.372467529823,6.743350716183));
#323 = CARTESIAN_POINT('',(-0.558701294735,6.63005510852));
#324 = CARTESIAN_POINT('',(-0.744935059646,6.464914994859));
#325 = CARTESIAN_POINT('',(-0.931168824558,6.257590953378));
#326 = CARTESIAN_POINT('',(-1.117402589469,6.021068369477));
#327 = CARTESIAN_POINT('',(-1.303636354381,5.769590520238));
#328 = ( GEOMETRIC_REPRESENTATION_CONTEXT(2) 
PARAMETRIC_REPRESENTATION_CONTEXT() REPRESENTATION_CONTEXT('2D SPACE',''
  ) );
#329 = PCURVE('',#71,#330);
#330 = DEFINITIONAL_REPRESENTATION('',(#331),#335);
#331 = ELLIPSE('',#332,7.13862731903,7.);
#332 = AXIS2_PLACEMENT_2D('',#333,#334);
#333 = CARTESIAN_POINT('',(2.039607805437,-24.5));
#334 = DIRECTION('',(1.,0.));
#335 = ( GEOMETRIC_REPRESENTATION_CONTEXT(2) 
PARAMETRIC_REPRESENTATION_CONTEXT() REPRESENTATION_CONTEXT('2D SPACE',''
  ) );
#336 = ADVANCED_FACE('',(#337),#124,.F.);
#337 = FACE_BOUND('',#338,.F.);
#338 = EDGE_LOOP('',(#339,#340,#364,#392,#425,#453,#482,#503));
#339 = ORIENTED_EDGE('',*,*,#110,.F.);
#340 = ORIENTED_EDGE('',*,*,#341,.T.);
#341 = EDGE_CURVE('',#83,#342,#344,.T.);
#342 = VERTEX_POINT('',#343);
#343 = CARTESIAN_POINT('',(106.,-9.5,-22.));
#344 = SURFACE_CURVE('',#345,(#350,#357),.PCURVE_S1.);
#345 = CIRCLE('',#346,7.);
#346 = AXIS2_PLACEMENT_3D('',#347,#348,#349);
#347 = CARTESIAN_POINT('',(106.,-2.5,-22.));
#348 = DIRECTION('',(0.,0.,1.));
#349 = DIRECTION('',(0.,-1.,0.));
#350 = PCURVE('',#124,#351);
#351 = DEFINITIONAL_REPRESENTATION('',(#352),#356);
#352 = CIRCLE('',#353,7.);
#353 = AXIS2_PLACEMENT_2D('',#354,#355);
#354 = CARTESIAN_POINT('',(7.,7.));
#355 = DIRECTION('',(0.,-1.));
#356 = ( GEOMETRIC_REPRESENTATION_CONTEXT(2) 
PARAMETRIC_REPRESENTATION_CONTEXT() REPRESENTATION_CONTEXT('2D SPACE',''
  ) );
#357 = PCURVE('',#98,#358);
#358 = DEFINITIONAL_REPRESENTATION('',(#359),#363);
#359 = LINE('',#360,#361);
#360 = CARTESIAN_POINT('',(-4.712388980385,0.));
#361 = VECTOR('',#362,1.);
#362 = DIRECTION('',(1.,0.));
#363 = ( GEOMETRIC_REPRESENTATION_CONTEXT(2) 
PARAMETRIC_REPRESENTATION_CONTEXT() REPRESENTATION_CONTEXT('2D SPACE',''
  ) );
#364 = ORIENTED_EDGE('',*,*,#365,.T.);
#365 = EDGE_CURVE('',#342,#366,#368,.T.);
#366 = VERTEX_POINT('',#367);
#367 = CARTESIAN_POINT('',(110.,-9.5,-22.));
#368 = SURFACE_CURVE('',#369,(#373,#380),.PCURVE_S1.);
#369 = LINE('',#370,#371);
#370 = CARTESIAN_POINT('',(99.,-9.5,-22.));
#371 = VECTOR('',#372,1.);
#372 = DIRECTION('',(1.,0.,0.));
#373 = PCURVE('',#124,#374);
#374 = DEFINITIONAL_REPRESENTATION('',(#375),#379);
#375 = LINE('',#376,#377);
#376 = CARTESIAN_POINT('',(0.,0.));
#377 = VECTOR('',#378,1.);
#378 = DIRECTION('',(1.,0.));
#379 = ( GEOMETRIC_REPRESENTATION_CONTEXT(2) 
PARAMETRIC_REPRESENTATION_CONTEXT() REPRESENTATION_CONTEXT('2D SPACE',''
  ) );
#380 = PCURVE('',#381,#386);
#381 = PLANE('',#382);
#382 = AXIS2_PLACEMENT_3D('',#383,#384,#385);
#383 = CARTESIAN_POINT('',(99.,-9.5,-22.));
#384 = DIRECTION('',(0.,1.,0.));
#385 = DIRECTION('',(0.,0.,1.));
#386 = DEFINITIONAL_REPRESENTATION('',(#387),#391);
#387 = LINE('',#388,#389);
#388 = CARTESIAN_POINT('',(0.,0.));
#389 = VECTOR('',#390,1.);
#390 = DIRECTION('',(0.,1.));
#391 = ( GEOMETRIC_REPRESENTATION_CONTEXT(2) 
PARAMETRIC_REPRESENTATION_CONTEXT() REPRESENTATION_CONTEXT('2D SPACE',''
  ) );
#392 = ORIENTED_EDGE('',*,*,#393,.F.);
#393 = EDGE_CURVE('',#394,#366,#396,.T.);
#394 = VERTEX_POINT('',#395);
#395 = CARTESIAN_POINT('',(117.,-2.5,-22.));
#396 = SURFACE_CURVE('',#397,(#402,#413),.PCURVE_S1.);
#397 = CIRCLE('',#398,7.);
#398 = AXIS2_PLACEMENT_3D('',#399,#400,#401);
#399 = CARTESIAN_POINT('',(110.,-2.5,-22.));
#400 = DIRECTION('',(-0.,-0.,-1.));
#401 = DIRECTION('',(0.,-1.,0.));
#402 = PCURVE('',#124,#403);
#403 = DEFINITIONAL_REPRESENTATION('',(#404),#412);
#404 = ( BOUNDED_CURVE() B_SPLINE_CURVE(2,(#405,#406,#407,#408,#409,#410
,#411),.UNSPECIFIED.,.T.,.F.) B_SPLINE_CURVE_WITH_KNOTS((1,2,2,2,2,1),(
    -2.094395102393,0.,2.094395102393,4.188790204786,6.28318530718,
8.377580409573),.UNSPECIFIED.) CURVE() GEOMETRIC_REPRESENTATION_ITEM() 
RATIONAL_B_SPLINE_CURVE((1.,0.5,1.,0.5,1.,0.5,1.)) REPRESENTATION_ITEM(
  '') );
#405 = CARTESIAN_POINT('',(11.,0.));
#406 = CARTESIAN_POINT('',(-1.124355652982,0.));
#407 = CARTESIAN_POINT('',(4.937822173509,10.5));
#408 = CARTESIAN_POINT('',(11.,21.));
#409 = CARTESIAN_POINT('',(17.062177826491,10.5));
#410 = CARTESIAN_POINT('',(23.124355652982,1.06581410364E-14));
#411 = CARTESIAN_POINT('',(11.,0.));
#412 = ( GEOMETRIC_REPRESENTATION_CONTEXT(2) 
PARAMETRIC_REPRESENTATION_CONTEXT() REPRESENTATION_CONTEXT('2D SPACE',''
  ) );
#413 = PCURVE('',#414,#419);
#414 = CYLINDRICAL_SURFACE('',#415,7.);
#415 = AXIS2_PLACEMENT_3D('',#416,#417,#418);
#416 = CARTESIAN_POINT('',(110.,-2.5,-22.));
#417 = DIRECTION('',(0.,0.,1.));
#418 = DIRECTION('',(1.,0.,-0.));
#419 = DEFINITIONAL_REPRESENTATION('',(#420),#424);
#420 = LINE('',#421,#422);
#421 = CARTESIAN_POINT('',(4.712388980385,-0.));
#422 = VECTOR('',#423,1.);
#423 = DIRECTION('',(-1.,0.));
#424 = ( GEOMETRIC_REPRESENTATION_CONTEXT(2) 
PARAMETRIC_REPRESENTATION_CONTEXT() REPRESENTATION_CONTEXT('2D SPACE',''
  ) );
#425 = ORIENTED_EDGE('',*,*,#426,.T.);
#426 = EDGE_CURVE('',#394,#427,#429,.T.);
#427 = VERTEX_POINT('',#428);
#428 = CARTESIAN_POINT('',(117.,2.5,-22.));
#429 = SURFACE_CURVE('',#430,(#434,#441),.PCURVE_S1.);
#430 = LINE('',#431,#432);
#431 = CARTESIAN_POINT('',(117.,-9.5,-22.));
#432 = VECTOR('',#433,1.);
#433 = DIRECTION('',(0.,1.,0.));
#434 = PCURVE('',#124,#435);
#435 = DEFINITIONAL_REPRESENTATION('',(#436),#440);
#436 = LINE('',#437,#438);
#437 = CARTESIAN_POINT('',(18.,0.));
#438 = VECTOR('',#439,1.);
#439 = DIRECTION('',(0.,1.));
#440 = ( GEOMETRIC_REPRESENTATION_CONTEXT(2) 
PARAMETRIC_REPRESENTATION_CONTEXT() REPRESENTATION_CONTEXT('2D SPACE',''
  ) );
#441 = PCURVE('',#442,#447);
#442 = PLANE('',#443);
#443 = AXIS2_PLACEMENT_3D('',#444,#445,#446);
#444 = CARTESIAN_POINT('',(117.,-9.5,-22.));
#445 = DIRECTION('',(1.,0.,0.));
#446 = DIRECTION('',(0.,0.,1.));
#447 = DEFINITIONAL_REPRESENTATION('',(#448),#452);
#448 = LINE('',#449,#450);
#449 = CARTESIAN_POINT('',(0.,0.));
#450 = VECTOR('',#451,1.);
#451 = DIRECTION('',(0.,-1.));
#452 = ( GEOMETRIC_REPRESENTATION_CONTEXT(2) 
PARAMETRIC_REPRESENTATION_CONTEXT() REPRESENTATION_CONTEXT('2D SPACE',''
  ) );
#453 = ORIENTED_EDGE('',*,*,#454,.T.);
#454 = EDGE_CURVE('',#427,#455,#457,.T.);
#455 = VERTEX_POINT('',#456);
#456 = CARTESIAN_POINT('',(110.,9.5,-22.));
#457 = SURFACE_CURVE('',#458,(#463,#470),.PCURVE_S1.);
#458 = CIRCLE('',#459,7.);
#459 = AXIS2_PLACEMENT_3D('',#460,#461,#462);
#460 = CARTESIAN_POINT('',(110.,2.5,-22.));
#461 = DIRECTION('',(0.,0.,1.));
#462 = DIRECTION('',(0.,-1.,0.));
#463 = PCURVE('',#124,#464);
#464 = DEFINITIONAL_REPRESENTATION('',(#465),#469);
#465 = CIRCLE('',#466,7.);
#466 = AXIS2_PLACEMENT_2D('',#467,#468);
#467 = CARTESIAN_POINT('',(11.,12.));
#468 = DIRECTION('',(0.,-1.));
#469 = ( GEOMETRIC_REPRESENTATION_CONTEXT(2) 
PARAMETRIC_REPRESENTATION_CONTEXT() REPRESENTATION_CONTEXT('2D SPACE',''
  ) );
#470 = PCURVE('',#471,#476);
#471 = CYLINDRICAL_SURFACE('',#472,7.);
#472 = AXIS2_PLACEMENT_3D('',#473,#474,#475);
#473 = CARTESIAN_POINT('',(110.,2.5,-22.));
#474 = DIRECTION('',(0.,0.,1.));
#475 = DIRECTION('',(1.,0.,-0.));
#476 = DEFINITIONAL_REPRESENTATION('',(#477),#481);
#477 = LINE('',#478,#479);
#478 = CARTESIAN_POINT('',(-1.570796326795,0.));
#479 = VECTOR('',#480,1.);
#480 = DIRECTION('',(1.,0.));
#481 = ( GEOMETRIC_REPRESENTATION_CONTEXT(2) 
PARAMETRIC_REPRESENTATION_CONTEXT() REPRESENTATION_CONTEXT('2D SPACE',''
  ) );
#482 = ORIENTED_EDGE('',*,*,#483,.F.);
#483 = EDGE_CURVE('',#141,#455,#484,.T.);
#484 = SURFACE_CURVE('',#485,(#489,#496),.PCURVE_S1.);
#485 = LINE('',#486,#487);
#486 = CARTESIAN_POINT('',(99.,9.5,-22.));
#487 = VECTOR('',#488,1.);
#488 = DIRECTION('',(1.,0.,0.));
#489 = PCURVE('',#124,#490);
#490 = DEFINITIONAL_REPRESENTATION('',(#491),#495);
#491 = LINE('',#492,#493);
#492 = CARTESIAN_POINT('',(0.,19.));
#493 = VECTOR('',#494,1.);
#494 = DIRECTION('',(1.,0.));
#495 = ( GEOMETRIC_REPRESENTATION_CONTEXT(2) 
PARAMETRIC_REPRESENTATION_CONTEXT() REPRESENTATION_CONTEXT('2D SPACE',''
  ) );
#496 = PCURVE('',#184,#497);
#497 = DEFINITIONAL_REPRESENTATION('',(#498),#502);
#498 = LINE('',#499,#500);
#499 = CARTESIAN_POINT('',(0.,0.));
#500 = VECTOR('',#501,1.);
#501 = DIRECTION('',(0.,1.));
#502 = ( GEOMETRIC_REPRESENTATION_CONTEXT(2) 
PARAMETRIC_REPRESENTATION_CONTEXT() REPRESENTATION_CONTEXT('2D SPACE',''
  ) );
#503 = ORIENTED_EDGE('',*,*,#140,.F.);
#504 = ADVANCED_FACE('',(#505),#98,.T.);
#505 = FACE_BOUND('',#506,.T.);
#506 = EDGE_LOOP('',(#507,#508,#509,#532,#556,#582,#611,#637));
#507 = ORIENTED_EDGE('',*,*,#82,.F.);
#508 = ORIENTED_EDGE('',*,*,#341,.T.);
#509 = ORIENTED_EDGE('',*,*,#510,.T.);
#510 = EDGE_CURVE('',#342,#511,#513,.T.);
#511 = VERTEX_POINT('',#512);
#512 = CARTESIAN_POINT('',(106.,-9.5,-4.));
#513 = SURFACE_CURVE('',#514,(#518,#525),.PCURVE_S1.);
#514 = LINE('',#515,#516);
#515 = CARTESIAN_POINT('',(106.,-9.5,-22.));
#516 = VECTOR('',#517,1.);
#517 = DIRECTION('',(0.,0.,1.));
#518 = PCURVE('',#98,#519);
#519 = DEFINITIONAL_REPRESENTATION('',(#520),#524);
#520 = LINE('',#521,#522);
#521 = CARTESIAN_POINT('',(1.570796326795,0.));
#522 = VECTOR('',#523,1.);
#523 = DIRECTION('',(0.,1.));
#524 = ( GEOMETRIC_REPRESENTATION_CONTEXT(2) 
PARAMETRIC_REPRESENTATION_CONTEXT() REPRESENTATION_CONTEXT('2D SPACE',''
  ) );
#525 = PCURVE('',#381,#526);
#526 = DEFINITIONAL_REPRESENTATION('',(#527),#531);
#527 = LINE('',#528,#529);
#528 = CARTESIAN_POINT('',(0.,7.));
#529 = VECTOR('',#530,1.);
#530 = DIRECTION('',(1.,0.));
#531 = ( GEOMETRIC_REPRESENTATION_CONTEXT(2) 
PARAMETRIC_REPRESENTATION_CONTEXT() REPRESENTATION_CONTEXT('2D SPACE',''
  ) );
#532 = ORIENTED_EDGE('',*,*,#533,.F.);
#533 = EDGE_CURVE('',#534,#511,#536,.T.);
#534 = VERTEX_POINT('',#535);
#535 = CARTESIAN_POINT('',(101.66987298107,-8.,-4.));
#536 = SURFACE_CURVE('',#537,(#542,#549),.PCURVE_S1.);
#537 = CIRCLE('',#538,7.);
#538 = AXIS2_PLACEMENT_3D('',#539,#540,#541);
#539 = CARTESIAN_POINT('',(106.,-2.5,-4.));
#540 = DIRECTION('',(0.,0.,1.));
#541 = DIRECTION('',(0.,-1.,0.));
#542 = PCURVE('',#98,#543);
#543 = DEFINITIONAL_REPRESENTATION('',(#544),#548);
#544 = LINE('',#545,#546);
#545 = CARTESIAN_POINT('',(-4.712388980385,18.));
#546 = VECTOR('',#547,1.);
#547 = DIRECTION('',(1.,0.));
#548 = ( GEOMETRIC_REPRESENTATION_CONTEXT(2) 
PARAMETRIC_REPRESENTATION_CONTEXT() REPRESENTATION_CONTEXT('2D SPACE',''
  ) );
#549 = PCURVE('',#213,#550);
#550 = DEFINITIONAL_REPRESENTATION('',(#551),#555);
#551 = CIRCLE('',#552,7.);
#552 = AXIS2_PLACEMENT_2D('',#553,#554);
#553 = CARTESIAN_POINT('',(7.,7.));
#554 = DIRECTION('',(0.,-1.));
#555 = ( GEOMETRIC_REPRESENTATION_CONTEXT(2) 
PARAMETRIC_REPRESENTATION_CONTEXT() REPRESENTATION_CONTEXT('2D SPACE',''
  ) );
#556 = ORIENTED_EDGE('',*,*,#557,.F.);
#557 = EDGE_CURVE('',#558,#534,#560,.T.);
#558 = VERTEX_POINT('',#559);
#559 = CARTESIAN_POINT('',(101.66987298107,-8.,-11.));
#560 = SURFACE_CURVE('',#561,(#565,#571),.PCURVE_S1.);
#561 = LINE('',#562,#563);
#562 = CARTESIAN_POINT('',(101.66987298107,-8.,-22.));
#563 = VECTOR('',#564,1.);
#564 = DIRECTION('',(0.,0.,1.));
#565 = PCURVE('',#98,#566);
#566 = DEFINITIONAL_REPRESENTATION('',(#567),#570);
#567 = B_SPLINE_CURVE_WITH_KNOTS('',1,(#568,#569),.UNSPECIFIED.,.F.,.F.,
  (2,2),(10.2,18.0000006),.PIECEWISE_BEZIER_KNOTS.);
#568 = CARTESIAN_POINT('',(0.903849982291,10.2));
#569 = CARTESIAN_POINT('',(0.903849982291,18.0000006));
#570 = ( GEOMETRIC_REPRESENTATION_CONTEXT(2) 
PARAMETRIC_REPRESENTATION_CONTEXT() REPRESENTATION_CONTEXT('2D SPACE',''
  ) );
#571 = PCURVE('',#572,#577);
#572 = PLANE('',#573);
#573 = AXIS2_PLACEMENT_3D('',#574,#575,#576);
#574 = CARTESIAN_POINT('',(97.,-8.,-11.));
#575 = DIRECTION('',(0.,1.,0.));
#576 = DIRECTION('',(0.,0.,1.));
#577 = DEFINITIONAL_REPRESENTATION('',(#578),#581);
#578 = B_SPLINE_CURVE_WITH_KNOTS('',1,(#579,#580),.UNSPECIFIED.,.F.,.F.,
  (2,2),(10.2,18.0000006),.PIECEWISE_BEZIER_KNOTS.);
#579 = CARTESIAN_POINT('',(-0.8,4.669872981078));
#580 = CARTESIAN_POINT('',(7.0000006,4.669872981078));
#581 = ( GEOMETRIC_REPRESENTATION_CONTEXT(2) 
PARAMETRIC_REPRESENTATION_CONTEXT() REPRESENTATION_CONTEXT('2D SPACE',''
  ) );
#582 = ORIENTED_EDGE('',*,*,#583,.F.);
#583 = EDGE_CURVE('',#584,#558,#586,.T.);
#584 = VERTEX_POINT('',#585);
#585 = CARTESIAN_POINT('',(100.5237967024,-6.860183189208,-11.));
#586 = SURFACE_CURVE('',#587,(#592,#599),.PCURVE_S1.);
#587 = CIRCLE('',#588,7.);
#588 = AXIS2_PLACEMENT_3D('',#589,#590,#591);
#589 = CARTESIAN_POINT('',(106.,-2.5,-11.));
#590 = DIRECTION('',(0.,0.,1.));
#591 = DIRECTION('',(-1.,-0.,0.));
#592 = PCURVE('',#98,#593);
#593 = DEFINITIONAL_REPRESENTATION('',(#594),#598);
#594 = LINE('',#595,#596);
#595 = CARTESIAN_POINT('',(0.,11.));
#596 = VECTOR('',#597,1.);
#597 = DIRECTION('',(1.,0.));
#598 = ( GEOMETRIC_REPRESENTATION_CONTEXT(2) 
PARAMETRIC_REPRESENTATION_CONTEXT() REPRESENTATION_CONTEXT('2D SPACE',''
  ) );
#599 = PCURVE('',#600,#605);
#600 = PLANE('',#601);
#601 = AXIS2_PLACEMENT_3D('',#602,#603,#604);
#602 = CARTESIAN_POINT('',(97.,-8.,-11.));
#603 = DIRECTION('',(0.,0.,1.));
#604 = DIRECTION('',(1.,0.,0.));
#605 = DEFINITIONAL_REPRESENTATION('',(#606),#610);
#606 = CIRCLE('',#607,7.);
#607 = AXIS2_PLACEMENT_2D('',#608,#609);
#608 = CARTESIAN_POINT('',(9.,5.5));
#609 = DIRECTION('',(-1.,0.));
#610 = ( GEOMETRIC_REPRESENTATION_CONTEXT(2) 
PARAMETRIC_REPRESENTATION_CONTEXT() REPRESENTATION_CONTEXT('2D SPACE',''
  ) );
#611 = ORIENTED_EDGE('',*,*,#612,.F.);
#612 = EDGE_CURVE('',#613,#584,#615,.T.);
#613 = VERTEX_POINT('',#614);
#614 = CARTESIAN_POINT('',(100.5237967024,-6.860183189208,
    -15.50475934048));
#615 = SURFACE_CURVE('',#616,(#620,#626),.PCURVE_S1.);
#616 = LINE('',#617,#618);
#617 = CARTESIAN_POINT('',(100.5237967024,-6.860183189208,-22.));
#618 = VECTOR('',#619,1.);
#619 = DIRECTION('',(0.,0.,1.));
#620 = PCURVE('',#98,#621);
#621 = DEFINITIONAL_REPRESENTATION('',(#622),#625);
#622 = B_SPLINE_CURVE_WITH_KNOTS('',1,(#623,#624),.UNSPECIFIED.,.F.,.F.,
  (2,2),(2.673076923077,18.0000006),.PIECEWISE_BEZIER_KNOTS.);
#623 = CARTESIAN_POINT('',(0.672422936791,2.673076923077));
#624 = CARTESIAN_POINT('',(0.672422936791,18.0000006));
#625 = ( GEOMETRIC_REPRESENTATION_CONTEXT(2) 
PARAMETRIC_REPRESENTATION_CONTEXT() REPRESENTATION_CONTEXT('2D SPACE',''
  ) );
#626 = PCURVE('',#627,#632);
#627 = PLANE('',#628);
#628 = AXIS2_PLACEMENT_3D('',#629,#630,#631);
#629 = CARTESIAN_POINT('',(67.,-9.,-30.));
#630 = DIRECTION('',(-6.370015422534E-02,0.997969082864,0.));
#631 = DIRECTION('',(0.997969082864,6.370015422534E-02,0.));
#632 = DEFINITIONAL_REPRESENTATION('',(#633),#636);
#633 = B_SPLINE_CURVE_WITH_KNOTS('',1,(#634,#635),.UNSPECIFIED.,.F.,.F.,
  (2,2),(2.673076923077,18.0000006),.PIECEWISE_BEZIER_KNOTS.);
#634 = CARTESIAN_POINT('',(33.592019310071,-10.67307692307));
#635 = CARTESIAN_POINT('',(33.592019310071,-26.0000006));
#636 = ( GEOMETRIC_REPRESENTATION_CONTEXT(2) 
PARAMETRIC_REPRESENTATION_CONTEXT() REPRESENTATION_CONTEXT('2D SPACE',''
  ) );
#637 = ORIENTED_EDGE('',*,*,#638,.T.);
#638 = EDGE_CURVE('',#613,#57,#639,.T.);
#639 = SURFACE_CURVE('',#640,(#645,#657),.PCURVE_S1.);
#640 = ELLIPSE('',#641,7.13862731903,7.);
#641 = AXIS2_PLACEMENT_3D('',#642,#643,#644);
#642 = CARTESIAN_POINT('',(106.,-2.5,-16.6));
#643 = DIRECTION('',(-0.196116135138,0.,-0.980580675691));
#644 = DIRECTION('',(-0.980580675691,0.,0.196116135138));
#645 = PCURVE('',#98,#646);
#646 = DEFINITIONAL_REPRESENTATION('',(#647),#656);
#647 = B_SPLINE_CURVE_WITH_KNOTS('',7,(#648,#649,#650,#651,#652,#653,
    #654,#655),.UNSPECIFIED.,.F.,.F.,(8,8),(5.007710408606,6.28318530718
    ),.PIECEWISE_BEZIER_KNOTS.);
#648 = CARTESIAN_POINT('',(1.275474898573,5.807466329634));
#649 = CARTESIAN_POINT('',(1.093264198777,6.051517900978));
#650 = CARTESIAN_POINT('',(0.911053498981,6.279786308637));
#651 = CARTESIAN_POINT('',(0.728842799185,6.479039430758));
#652 = CARTESIAN_POINT('',(0.546632099389,6.637317973118));
#653 = CARTESIAN_POINT('',(0.364421399592,6.745771821787));
#654 = CARTESIAN_POINT('',(0.182210699796,6.8));
#655 = CARTESIAN_POINT('',(2.537652627715E-16,6.8));
#656 = ( GEOMETRIC_REPRESENTATION_CONTEXT(2) 
PARAMETRIC_REPRESENTATION_CONTEXT() REPRESENTATION_CONTEXT('2D SPACE',''
  ) );
#657 = PCURVE('',#71,#658);
#658 = DEFINITIONAL_REPRESENTATION('',(#659),#663);
#659 = ELLIPSE('',#660,7.13862731903,7.);
#660 = AXIS2_PLACEMENT_2D('',#661,#662);
#661 = CARTESIAN_POINT('',(2.039607805437,-29.5));
#662 = DIRECTION('',(1.,0.));
#663 = ( GEOMETRIC_REPRESENTATION_CONTEXT(2) 
PARAMETRIC_REPRESENTATION_CONTEXT() REPRESENTATION_CONTEXT('2D SPACE',''
  ) );
#664 = ADVANCED_FACE('',(#665),#71,.F.);
#665 = FACE_BOUND('',#666,.F.);
#666 = EDGE_LOOP('',(#667,#688,#716,#735,#736,#737));
#667 = ORIENTED_EDGE('',*,*,#668,.F.);
#668 = EDGE_CURVE('',#669,#285,#671,.T.);
#669 = VERTEX_POINT('',#670);
#670 = CARTESIAN_POINT('',(108.,6.489795918367,-17.));
#671 = SURFACE_CURVE('',#672,(#676,#682),.PCURVE_S1.);
#672 = LINE('',#673,#674);
#673 = CARTESIAN_POINT('',(112.49067053997,6.214856905716,
    -17.89813410799));
#674 = VECTOR('',#675,1.);
#675 = DIRECTION('',(-0.978818300808,5.99276510699E-02,0.195763660162));
#676 = PCURVE('',#71,#677);
#677 = DEFINITIONAL_REPRESENTATION('',(#678),#681);
#678 = B_SPLINE_CURVE_WITH_KNOTS('',1,(#679,#680),.UNSPECIFIED.,.F.,.F.,
  (2,2),(4.587848976942,25.020650430984),.PIECEWISE_BEZIER_KNOTS.);
#679 = CARTESIAN_POINT('',(1.131789855932E-15,-20.51020408163));
#680 = CARTESIAN_POINT('',(20.396078054371,-19.28571428571));
#681 = ( GEOMETRIC_REPRESENTATION_CONTEXT(2) 
PARAMETRIC_REPRESENTATION_CONTEXT() REPRESENTATION_CONTEXT('2D SPACE',''
  ) );
#682 = PCURVE('',#299,#683);
#683 = DEFINITIONAL_REPRESENTATION('',(#684),#687);
#684 = B_SPLINE_CURVE_WITH_KNOTS('',1,(#685,#686),.UNSPECIFIED.,.F.,.F.,
  (2,2),(4.587848976942,25.020650430984),.PIECEWISE_BEZIER_KNOTS.);
#685 = CARTESIAN_POINT('',(8.014979728087,-13.));
#686 = CARTESIAN_POINT('',(28.052429048305,-17.));
#687 = ( GEOMETRIC_REPRESENTATION_CONTEXT(2) 
PARAMETRIC_REPRESENTATION_CONTEXT() REPRESENTATION_CONTEXT('2D SPACE',''
  ) );
#688 = ORIENTED_EDGE('',*,*,#689,.T.);
#689 = EDGE_CURVE('',#669,#690,#692,.T.);
#690 = VERTEX_POINT('',#691);
#691 = CARTESIAN_POINT('',(108.,-6.382978723404,-17.));
#692 = SURFACE_CURVE('',#693,(#697,#704),.PCURVE_S1.);
#693 = LINE('',#694,#695);
#694 = CARTESIAN_POINT('',(108.,27.,-17.));
#695 = VECTOR('',#696,1.);
#696 = DIRECTION('',(0.,-1.,0.));
#697 = PCURVE('',#71,#698);
#698 = DEFINITIONAL_REPRESENTATION('',(#699),#703);
#699 = LINE('',#700,#701);
#700 = CARTESIAN_POINT('',(0.,0.));
#701 = VECTOR('',#702,1.);
#702 = DIRECTION('',(0.,-1.));
#703 = ( GEOMETRIC_REPRESENTATION_CONTEXT(2) 
PARAMETRIC_REPRESENTATION_CONTEXT() REPRESENTATION_CONTEXT('2D SPACE',''
  ) );
#704 = PCURVE('',#705,#710);
#705 = PLANE('',#706);
#706 = AXIS2_PLACEMENT_3D('',#707,#708,#709);
#707 = CARTESIAN_POINT('',(114.,27.,-12.));
#708 = DIRECTION('',(0.640184399664,0.,-0.768221279597));
#709 = DIRECTION('',(-0.768221279597,0.,-0.640184399664));
#710 = DEFINITIONAL_REPRESENTATION('',(#711),#715);
#711 = LINE('',#712,#713);
#712 = CARTESIAN_POINT('',(7.810249675907,0.));
#713 = VECTOR('',#714,1.);
#714 = DIRECTION('',(-0.,-1.));
#715 = ( GEOMETRIC_REPRESENTATION_CONTEXT(2) 
PARAMETRIC_REPRESENTATION_CONTEXT() REPRESENTATION_CONTEXT('2D SPACE',''
  ) );
#716 = ORIENTED_EDGE('',*,*,#717,.F.);
#717 = EDGE_CURVE('',#613,#690,#718,.T.);
#718 = SURFACE_CURVE('',#719,(#723,#729),.PCURVE_S1.);
#719 = LINE('',#720,#721);
#720 = CARTESIAN_POINT('',(90.550946079537,-7.496748122583,
    -13.5101892159));
#721 = VECTOR('',#722,1.);
#722 = DIRECTION('',(0.978665568664,6.246801502109E-02,-0.195733113733)
  );
#723 = PCURVE('',#71,#724);
#724 = DEFINITIONAL_REPRESENTATION('',(#725),#728);
#725 = B_SPLINE_CURVE_WITH_KNOTS('',1,(#726,#727),.UNSPECIFIED.,.F.,.F.,
  (2,2),(-2.606555457979,17.82943477238),.PIECEWISE_BEZIER_KNOTS.);
#726 = CARTESIAN_POINT('',(20.396078054371,-34.65957446808));
#727 = CARTESIAN_POINT('',(-2.237061676157E-15,-33.3829787234));
#728 = ( GEOMETRIC_REPRESENTATION_CONTEXT(2) 
PARAMETRIC_REPRESENTATION_CONTEXT() REPRESENTATION_CONTEXT('2D SPACE',''
  ) );
#729 = PCURVE('',#627,#730);
#730 = DEFINITIONAL_REPRESENTATION('',(#731),#734);
#731 = B_SPLINE_CURVE_WITH_KNOTS('',1,(#732,#733),.UNSPECIFIED.,.F.,.F.,
  (2,2),(-2.606555457979,17.82943477238),.PIECEWISE_BEZIER_KNOTS.);
#732 = CARTESIAN_POINT('',(21.042736053247,-17.));
#733 = CARTESIAN_POINT('',(41.083437056339,-13.));
#734 = ( GEOMETRIC_REPRESENTATION_CONTEXT(2) 
PARAMETRIC_REPRESENTATION_CONTEXT() REPRESENTATION_CONTEXT('2D SPACE',''
  ) );
#735 = ORIENTED_EDGE('',*,*,#638,.T.);
#736 = ORIENTED_EDGE('',*,*,#56,.T.);
#737 = ORIENTED_EDGE('',*,*,#310,.T.);
#738 = ADVANCED_FACE('',(#739,#887,#931),#299,.T.);
#739 = FACE_BOUND('',#740,.T.);
#740 = EDGE_LOOP('',(#741,#742,#743,#764,#790,#816,#842,#868));
#741 = ORIENTED_EDGE('',*,*,#284,.F.);
#742 = ORIENTED_EDGE('',*,*,#668,.F.);
#743 = ORIENTED_EDGE('',*,*,#744,.F.);
#744 = EDGE_CURVE('',#745,#669,#747,.T.);
#745 = VERTEX_POINT('',#746);
#746 = CARTESIAN_POINT('',(114.,6.122448979592,-12.));
#747 = SURFACE_CURVE('',#748,(#752,#758),.PCURVE_S1.);
#748 = LINE('',#749,#750);
#749 = CARTESIAN_POINT('',(109.79826276526,6.379698198045,-15.5014476956
    ));
#750 = VECTOR('',#751,1.);
#751 = DIRECTION('',(-0.767372959952,4.698201795625E-02,-0.639477466627)
  );
#752 = PCURVE('',#299,#753);
#753 = DEFINITIONAL_REPRESENTATION('',(#754),#757);
#754 = B_SPLINE_CURVE_WITH_KNOTS('',1,(#755,#756),.UNSPECIFIED.,.F.,.F.,
  (2,2),(-5.475482528071,2.343401265248),.PIECEWISE_BEZIER_KNOTS.);
#755 = CARTESIAN_POINT('',(2.003744932022,-18.));
#756 = CARTESIAN_POINT('',(8.014979728087,-13.));
#757 = ( GEOMETRIC_REPRESENTATION_CONTEXT(2) 
PARAMETRIC_REPRESENTATION_CONTEXT() REPRESENTATION_CONTEXT('2D SPACE',''
  ) );
#758 = PCURVE('',#705,#759);
#759 = DEFINITIONAL_REPRESENTATION('',(#760),#763);
#760 = B_SPLINE_CURVE_WITH_KNOTS('',1,(#761,#762),.UNSPECIFIED.,.F.,.F.,
  (2,2),(-5.475482528071,2.343401265248),.PIECEWISE_BEZIER_KNOTS.);
#761 = CARTESIAN_POINT('',(-2.538549094794E-16,-20.8775510204));
#762 = CARTESIAN_POINT('',(7.810249675907,-20.51020408163));
#763 = ( GEOMETRIC_REPRESENTATION_CONTEXT(2) 
PARAMETRIC_REPRESENTATION_CONTEXT() REPRESENTATION_CONTEXT('2D SPACE',''
  ) );
#764 = ORIENTED_EDGE('',*,*,#765,.F.);
#765 = EDGE_CURVE('',#766,#745,#768,.T.);
#766 = VERTEX_POINT('',#767);
#767 = CARTESIAN_POINT('',(111.,6.30612244898,-7.));
#768 = SURFACE_CURVE('',#769,(#773,#779),.PCURVE_S1.);
#769 = LINE('',#770,#771);
#770 = CARTESIAN_POINT('',(116.56456586917,5.965434742703,
    -16.27427644863));
#771 = VECTOR('',#772,1.);
#772 = DIRECTION('',(0.514240695226,-3.148412419753E-02,-0.857067825377)
  );
#773 = PCURVE('',#299,#774);
#774 = DEFINITIONAL_REPRESENTATION('',(#775),#778);
#775 = B_SPLINE_CURVE_WITH_KNOTS('',1,(#776,#777),.UNSPECIFIED.,.F.,.F.,
  (2,2),(-10.82093642303,-4.987092412146),.PIECEWISE_BEZIER_KNOTS.);
#776 = CARTESIAN_POINT('',(5.009362330055,-23.));
#777 = CARTESIAN_POINT('',(2.003744932022,-18.));
#778 = ( GEOMETRIC_REPRESENTATION_CONTEXT(2) 
PARAMETRIC_REPRESENTATION_CONTEXT() REPRESENTATION_CONTEXT('2D SPACE',''
  ) );
#779 = PCURVE('',#780,#785);
#780 = PLANE('',#781);
#781 = AXIS2_PLACEMENT_3D('',#782,#783,#784);
#782 = CARTESIAN_POINT('',(111.,27.,-7.));
#783 = DIRECTION('',(0.857492925713,0.,0.514495755428));
#784 = DIRECTION('',(0.514495755428,0.,-0.857492925713));
#785 = DEFINITIONAL_REPRESENTATION('',(#786),#789);
#786 = B_SPLINE_CURVE_WITH_KNOTS('',1,(#787,#788),.UNSPECIFIED.,.F.,.F.,
  (2,2),(-10.82093642303,-4.987092412146),.PIECEWISE_BEZIER_KNOTS.);
#787 = CARTESIAN_POINT('',(-1.619478552692E-15,-20.69387755102));
#788 = CARTESIAN_POINT('',(5.830951894845,-20.8775510204));
#789 = ( GEOMETRIC_REPRESENTATION_CONTEXT(2) 
PARAMETRIC_REPRESENTATION_CONTEXT() REPRESENTATION_CONTEXT('2D SPACE',''
  ) );
#790 = ORIENTED_EDGE('',*,*,#791,.F.);
#791 = EDGE_CURVE('',#792,#766,#794,.T.);
#792 = VERTEX_POINT('',#793);
#793 = CARTESIAN_POINT('',(97.4,7.138775510204,-3.));
#794 = SURFACE_CURVE('',#795,(#799,#805),.PCURVE_S1.);
#795 = LINE('',#796,#797);
#796 = CARTESIAN_POINT('',(107.35217345326,6.529458768167,
    -5.927109839197));
#797 = VECTOR('',#798,1.);
#798 = DIRECTION('',(0.957714867964,-5.863560416106E-02,-0.281680843519)
  );
#799 = PCURVE('',#299,#800);
#800 = DEFINITIONAL_REPRESENTATION('',(#801),#804);
#801 = B_SPLINE_CURVE_WITH_KNOTS('',1,(#802,#803),.UNSPECIFIED.,.F.,.F.,
  (2,2),(-13.94170008204,3.808885785062),.PIECEWISE_BEZIER_KNOTS.);
#802 = CARTESIAN_POINT('',(22.04119425224,-28.));
#803 = CARTESIAN_POINT('',(5.009362330055,-23.));
#804 = ( GEOMETRIC_REPRESENTATION_CONTEXT(2) 
PARAMETRIC_REPRESENTATION_CONTEXT() REPRESENTATION_CONTEXT('2D SPACE',''
  ) );
#805 = PCURVE('',#806,#811);
#806 = PLANE('',#807);
#807 = AXIS2_PLACEMENT_3D('',#808,#809,#810);
#808 = CARTESIAN_POINT('',(94.,27.,-2.));
#809 = DIRECTION('',(0.282166323992,0.,0.959365501571));
#810 = DIRECTION('',(0.959365501571,0.,-0.282166323992));
#811 = DEFINITIONAL_REPRESENTATION('',(#812),#815);
#812 = B_SPLINE_CURVE_WITH_KNOTS('',1,(#813,#814),.UNSPECIFIED.,.F.,.F.,
  (2,2),(-13.94170008204,3.808885785062),.PIECEWISE_BEZIER_KNOTS.);
#813 = CARTESIAN_POINT('',(-1.348132290094E-15,-19.65306122449));
#814 = CARTESIAN_POINT('',(17.720045146669,-20.69387755102));
#815 = ( GEOMETRIC_REPRESENTATION_CONTEXT(2) 
PARAMETRIC_REPRESENTATION_CONTEXT() REPRESENTATION_CONTEXT('2D SPACE',''
  ) );
#816 = ORIENTED_EDGE('',*,*,#817,.F.);
#817 = EDGE_CURVE('',#818,#792,#820,.T.);
#818 = VERTEX_POINT('',#819);
#819 = CARTESIAN_POINT('',(97.,7.163265306122,-3.));
#820 = SURFACE_CURVE('',#821,(#825,#831),.PCURVE_S1.);
#821 = LINE('',#822,#823);
#822 = CARTESIAN_POINT('',(106.96244813278,6.553319502075,-3.));
#823 = VECTOR('',#824,1.);
#824 = DIRECTION('',(0.998131033565,-6.11100632795E-02,0.));
#825 = PCURVE('',#299,#826);
#826 = DEFINITIONAL_REPRESENTATION('',(#827),#830);
#827 = B_SPLINE_CURVE_WITH_KNOTS('',1,(#828,#829),.UNSPECIFIED.,.F.,.F.,
  (2,2),(-9.981102478294,3.762218181493E-02),.PIECEWISE_BEZIER_KNOTS.);
#828 = CARTESIAN_POINT('',(19.035576854207,-27.));
#829 = CARTESIAN_POINT('',(9.016852194098,-27.));
#830 = ( GEOMETRIC_REPRESENTATION_CONTEXT(2) 
PARAMETRIC_REPRESENTATION_CONTEXT() REPRESENTATION_CONTEXT('2D SPACE',''
  ) );
#831 = PCURVE('',#832,#837);
#832 = PLANE('',#833);
#833 = AXIS2_PLACEMENT_3D('',#834,#835,#836);
#834 = CARTESIAN_POINT('',(97.,-8.,-3.));
#835 = DIRECTION('',(0.,0.,1.));
#836 = DIRECTION('',(1.,0.,0.));
#837 = DEFINITIONAL_REPRESENTATION('',(#838),#841);
#838 = B_SPLINE_CURVE_WITH_KNOTS('',1,(#839,#840),.UNSPECIFIED.,.F.,.F.,
  (2,2),(-9.981102478294,3.762218181493E-02),.PIECEWISE_BEZIER_KNOTS.);
#839 = CARTESIAN_POINT('',(-3.227660739632E-16,15.163265306122));
#840 = CARTESIAN_POINT('',(10.,14.551020408163));
#841 = ( GEOMETRIC_REPRESENTATION_CONTEXT(2) 
PARAMETRIC_REPRESENTATION_CONTEXT() REPRESENTATION_CONTEXT('2D SPACE',''
  ) );
#842 = ORIENTED_EDGE('',*,*,#843,.T.);
#843 = EDGE_CURVE('',#818,#844,#846,.T.);
#844 = VERTEX_POINT('',#845);
#845 = CARTESIAN_POINT('',(97.,7.163265306122,-11.));
#846 = SURFACE_CURVE('',#847,(#851,#857),.PCURVE_S1.);
#847 = LINE('',#848,#849);
#848 = CARTESIAN_POINT('',(97.,7.163265306122,-20.5));
#849 = VECTOR('',#850,1.);
#850 = DIRECTION('',(0.,-0.,-1.));
#851 = PCURVE('',#299,#852);
#852 = DEFINITIONAL_REPRESENTATION('',(#853),#856);
#853 = B_SPLINE_CURVE_WITH_KNOTS('',1,(#854,#855),.UNSPECIFIED.,.F.,.F.,
  (2,2),(-17.5,-9.5),.PIECEWISE_BEZIER_KNOTS.);
#854 = CARTESIAN_POINT('',(19.035576854207,-27.));
#855 = CARTESIAN_POINT('',(19.035576854207,-19.));
#856 = ( GEOMETRIC_REPRESENTATION_CONTEXT(2) 
PARAMETRIC_REPRESENTATION_CONTEXT() REPRESENTATION_CONTEXT('2D SPACE',''
  ) );
#857 = PCURVE('',#858,#863);
#858 = PLANE('',#859);
#859 = AXIS2_PLACEMENT_3D('',#860,#861,#862);
#860 = CARTESIAN_POINT('',(97.,-8.,-11.));
#861 = DIRECTION('',(1.,0.,0.));
#862 = DIRECTION('',(0.,0.,1.));
#863 = DEFINITIONAL_REPRESENTATION('',(#864),#867);
#864 = B_SPLINE_CURVE_WITH_KNOTS('',1,(#865,#866),.UNSPECIFIED.,.F.,.F.,
  (2,2),(-17.5,-9.5),.PIECEWISE_BEZIER_KNOTS.);
#865 = CARTESIAN_POINT('',(8.,-15.16326530612));
#866 = CARTESIAN_POINT('',(0.,-15.16326530612));
#867 = ( GEOMETRIC_REPRESENTATION_CONTEXT(2) 
PARAMETRIC_REPRESENTATION_CONTEXT() REPRESENTATION_CONTEXT('2D SPACE',''
  ) );
#868 = ORIENTED_EDGE('',*,*,#869,.T.);
#869 = EDGE_CURVE('',#844,#256,#870,.T.);
#870 = SURFACE_CURVE('',#871,(#875,#881),.PCURVE_S1.);
#871 = LINE('',#872,#873);
#872 = CARTESIAN_POINT('',(106.96244813278,6.553319502075,-11.));
#873 = VECTOR('',#874,1.);
#874 = DIRECTION('',(0.998131033565,-6.11100632795E-02,0.));
#875 = PCURVE('',#299,#876);
#876 = DEFINITIONAL_REPRESENTATION('',(#877),#880);
#877 = B_SPLINE_CURVE_WITH_KNOTS('',1,(#878,#879),.UNSPECIFIED.,.F.,.F.,
  (2,2),(-9.981102478294,-5.302485318784),.PIECEWISE_BEZIER_KNOTS.);
#878 = CARTESIAN_POINT('',(19.035576854207,-19.));
#879 = CARTESIAN_POINT('',(14.356959694697,-19.));
#880 = ( GEOMETRIC_REPRESENTATION_CONTEXT(2) 
PARAMETRIC_REPRESENTATION_CONTEXT() REPRESENTATION_CONTEXT('2D SPACE',''
  ) );
#881 = PCURVE('',#272,#882);
#882 = DEFINITIONAL_REPRESENTATION('',(#883),#886);
#883 = B_SPLINE_CURVE_WITH_KNOTS('',1,(#884,#885),.UNSPECIFIED.,.F.,.F.,
  (2,2),(-9.981102478294,-5.302485318784),.PIECEWISE_BEZIER_KNOTS.);
#884 = CARTESIAN_POINT('',(-3.227660739632E-16,15.163265306122));
#885 = CARTESIAN_POINT('',(4.669872981078,14.877354715444));
#886 = ( GEOMETRIC_REPRESENTATION_CONTEXT(2) 
PARAMETRIC_REPRESENTATION_CONTEXT() REPRESENTATION_CONTEXT('2D SPACE',''
  ) );
#887 = FACE_BOUND('',#888,.T.);
#888 = EDGE_LOOP('',(#889));
#889 = ORIENTED_EDGE('',*,*,#890,.F.);
#890 = EDGE_CURVE('',#891,#891,#893,.T.);
#891 = VERTEX_POINT('',#892);
#892 = CARTESIAN_POINT('',(99.,7.040816326531,-6.3));
#893 = SURFACE_CURVE('',#894,(#899,#906),.PCURVE_S1.);
#894 = ELLIPSE('',#895,1.703183192219,1.7);
#895 = AXIS2_PLACEMENT_3D('',#896,#897,#898);
#896 = CARTESIAN_POINT('',(99.,7.040816326531,-8.));
#897 = DIRECTION('',(-6.11100632795E-02,-0.998131033565,0.));
#898 = DIRECTION('',(-0.998131033565,6.11100632795E-02,0.));
#899 = PCURVE('',#299,#900);
#900 = DEFINITIONAL_REPRESENTATION('',(#901),#905);
#901 = ELLIPSE('',#902,1.703183192219,1.7);
#902 = AXIS2_PLACEMENT_2D('',#903,#904);
#903 = CARTESIAN_POINT('',(17.031831922185,-22.));
#904 = DIRECTION('',(1.,0.));
#905 = ( GEOMETRIC_REPRESENTATION_CONTEXT(2) 
PARAMETRIC_REPRESENTATION_CONTEXT() REPRESENTATION_CONTEXT('2D SPACE',''
  ) );
#906 = PCURVE('',#907,#912);
#907 = CYLINDRICAL_SURFACE('',#908,1.7);
#908 = AXIS2_PLACEMENT_3D('',#909,#910,#911);
#909 = CARTESIAN_POINT('',(99.,-20.,-8.));
#910 = DIRECTION('',(0.,1.,0.));
#911 = DIRECTION('',(0.,-0.,1.));
#912 = DEFINITIONAL_REPRESENTATION('',(#913),#930);
#913 = B_SPLINE_CURVE_WITH_KNOTS('',8,(#914,#915,#916,#917,#918,#919,
    #920,#921,#922,#923,#924,#925,#926,#927,#928,#929),.UNSPECIFIED.,.F.
  ,.F.,(9,7,9),(4.712388980385,7.853981633974,10.995574287564),
  .UNSPECIFIED.);
#914 = CARTESIAN_POINT('',(6.28318530718,27.040816326531));
#915 = CARTESIAN_POINT('',(5.890486225481,27.081689088095));
#916 = CARTESIAN_POINT('',(5.497787143782,27.122562175549));
#917 = CARTESIAN_POINT('',(5.105088062088,27.153827052368));
#918 = CARTESIAN_POINT('',(4.712388980384,27.165901481266));
#919 = CARTESIAN_POINT('',(4.31968989869,27.15382705241));
#920 = CARTESIAN_POINT('',(3.926990816987,27.12256217554));
#921 = CARTESIAN_POINT('',(3.534291735289,27.081689088095));
#922 = CARTESIAN_POINT('',(2.748893571891,26.999943564966));
#923 = CARTESIAN_POINT('',(2.35619449019,26.959070477496));
#924 = CARTESIAN_POINT('',(1.963495408513,26.927805600648));
#925 = CARTESIAN_POINT('',(1.570796326786,26.915731171713));
#926 = CARTESIAN_POINT('',(1.17809724512,26.927805600668));
#927 = CARTESIAN_POINT('',(0.785398163394,26.959070477494));
#928 = CARTESIAN_POINT('',(0.392699081699,26.999943564966));
#929 = CARTESIAN_POINT('',(1.68753899743E-14,27.040816326531));
#930 = ( GEOMETRIC_REPRESENTATION_CONTEXT(2) 
PARAMETRIC_REPRESENTATION_CONTEXT() REPRESENTATION_CONTEXT('2D SPACE',''
  ) );
#931 = FACE_BOUND('',#932,.T.);
#932 = EDGE_LOOP('',(#933));
#933 = ORIENTED_EDGE('',*,*,#934,.F.);
#934 = EDGE_CURVE('',#935,#935,#937,.T.);
#935 = VERTEX_POINT('',#936);
#936 = CARTESIAN_POINT('',(108.,6.489795918367,-8.3));
#937 = SURFACE_CURVE('',#938,(#943,#950),.PCURVE_S1.);
#938 = ELLIPSE('',#939,1.703183192219,1.7);
#939 = AXIS2_PLACEMENT_3D('',#940,#941,#942);
#940 = CARTESIAN_POINT('',(108.,6.489795918367,-10.));
#941 = DIRECTION('',(-6.11100632795E-02,-0.998131033565,0.));
#942 = DIRECTION('',(-0.998131033565,6.11100632795E-02,0.));
#943 = PCURVE('',#299,#944);
#944 = DEFINITIONAL_REPRESENTATION('',(#945),#949);
#945 = ELLIPSE('',#946,1.703183192219,1.7);
#946 = AXIS2_PLACEMENT_2D('',#947,#948);
#947 = CARTESIAN_POINT('',(8.014979728087,-20.));
#948 = DIRECTION('',(1.,0.));
#949 = ( GEOMETRIC_REPRESENTATION_CONTEXT(2) 
PARAMETRIC_REPRESENTATION_CONTEXT() REPRESENTATION_CONTEXT('2D SPACE',''
  ) );
#950 = PCURVE('',#951,#956);
#951 = CYLINDRICAL_SURFACE('',#952,1.7);
#952 = AXIS2_PLACEMENT_3D('',#953,#954,#955);
#953 = CARTESIAN_POINT('',(108.,-25.,-10.));
#954 = DIRECTION('',(0.,1.,0.));
#955 = DIRECTION('',(0.,-0.,1.));
#956 = DEFINITIONAL_REPRESENTATION('',(#957),#974);
#957 = B_SPLINE_CURVE_WITH_KNOTS('',8,(#958,#959,#960,#961,#962,#963,
    #964,#965,#966,#967,#968,#969,#970,#971,#972,#973),.UNSPECIFIED.,.F.
  ,.F.,(9,7,9),(4.712388980385,7.853981633974,10.995574287564),
  .UNSPECIFIED.);
#958 = CARTESIAN_POINT('',(6.28318530718,31.489795918367));
#959 = CARTESIAN_POINT('',(5.890486225481,31.530668679932));
#960 = CARTESIAN_POINT('',(5.497787143782,31.571541767423));
#961 = CARTESIAN_POINT('',(5.105088062088,31.602806644041));
#962 = CARTESIAN_POINT('',(4.712388980384,31.614881073318));
#963 = CARTESIAN_POINT('',(4.31968989869,31.602806644068));
#964 = CARTESIAN_POINT('',(3.926990816987,31.571541767427));
#965 = CARTESIAN_POINT('',(3.534291735289,31.530668679932));
#966 = CARTESIAN_POINT('',(2.748893571891,31.448923156803));
#967 = CARTESIAN_POINT('',(2.35619449019,31.408050069321));
#968 = CARTESIAN_POINT('',(1.963495408513,31.376785192522));
#969 = CARTESIAN_POINT('',(1.570796326786,31.364710763398));
#970 = CARTESIAN_POINT('',(1.17809724512,31.376785192469));
#971 = CARTESIAN_POINT('',(0.785398163394,31.408050069315));
#972 = CARTESIAN_POINT('',(0.392699081699,31.448923156803));
#973 = CARTESIAN_POINT('',(1.68753899743E-14,31.489795918367));
#974 = ( GEOMETRIC_REPRESENTATION_CONTEXT(2) 
PARAMETRIC_REPRESENTATION_CONTEXT() REPRESENTATION_CONTEXT('2D SPACE',''
  ) );
#975 = ADVANCED_FACE('',(#976),#272,.F.);
#976 = FACE_BOUND('',#977,.F.);
#977 = EDGE_LOOP('',(#978,#1001,#1022,#1023));
#978 = ORIENTED_EDGE('',*,*,#979,.F.);
#979 = EDGE_CURVE('',#980,#230,#982,.T.);
#980 = VERTEX_POINT('',#981);
#981 = CARTESIAN_POINT('',(97.,8.,-11.));
#982 = SURFACE_CURVE('',#983,(#987,#994),.PCURVE_S1.);
#983 = LINE('',#984,#985);
#984 = CARTESIAN_POINT('',(97.,8.,-11.));
#985 = VECTOR('',#986,1.);
#986 = DIRECTION('',(1.,0.,0.));
#987 = PCURVE('',#272,#988);
#988 = DEFINITIONAL_REPRESENTATION('',(#989),#993);
#989 = LINE('',#990,#991);
#990 = CARTESIAN_POINT('',(0.,16.));
#991 = VECTOR('',#992,1.);
#992 = DIRECTION('',(1.,0.));
#993 = ( GEOMETRIC_REPRESENTATION_CONTEXT(2) 
PARAMETRIC_REPRESENTATION_CONTEXT() REPRESENTATION_CONTEXT('2D SPACE',''
  ) );
#994 = PCURVE('',#244,#995);
#995 = DEFINITIONAL_REPRESENTATION('',(#996),#1000);
#996 = LINE('',#997,#998);
#997 = CARTESIAN_POINT('',(0.,0.));
#998 = VECTOR('',#999,1.);
#999 = DIRECTION('',(0.,1.));
#1000 = ( GEOMETRIC_REPRESENTATION_CONTEXT(2) 
PARAMETRIC_REPRESENTATION_CONTEXT() REPRESENTATION_CONTEXT('2D SPACE',''
  ) );
#1001 = ORIENTED_EDGE('',*,*,#1002,.F.);
#1002 = EDGE_CURVE('',#844,#980,#1003,.T.);
#1003 = SURFACE_CURVE('',#1004,(#1008,#1015),.PCURVE_S1.);
#1004 = LINE('',#1005,#1006);
#1005 = CARTESIAN_POINT('',(97.,-8.,-11.));
#1006 = VECTOR('',#1007,1.);
#1007 = DIRECTION('',(0.,1.,0.));
#1008 = PCURVE('',#272,#1009);
#1009 = DEFINITIONAL_REPRESENTATION('',(#1010),#1014);
#1010 = LINE('',#1011,#1012);
#1011 = CARTESIAN_POINT('',(0.,0.));
#1012 = VECTOR('',#1013,1.);
#1013 = DIRECTION('',(0.,1.));
#1014 = ( GEOMETRIC_REPRESENTATION_CONTEXT(2) 
PARAMETRIC_REPRESENTATION_CONTEXT() REPRESENTATION_CONTEXT('2D SPACE',''
  ) );
#1015 = PCURVE('',#858,#1016);
#1016 = DEFINITIONAL_REPRESENTATION('',(#1017),#1021);
#1017 = LINE('',#1018,#1019);
#1018 = CARTESIAN_POINT('',(0.,0.));
#1019 = VECTOR('',#1020,1.);
#1020 = DIRECTION('',(0.,-1.));
#1021 = ( GEOMETRIC_REPRESENTATION_CONTEXT(2) 
PARAMETRIC_REPRESENTATION_CONTEXT() REPRESENTATION_CONTEXT('2D SPACE',''
  ) );
#1022 = ORIENTED_EDGE('',*,*,#869,.T.);
#1023 = ORIENTED_EDGE('',*,*,#255,.F.);
#1024 = ADVANCED_FACE('',(#1025,#1122),#244,.T.);
#1025 = FACE_BOUND('',#1026,.T.);
#1026 = EDGE_LOOP('',(#1027,#1028,#1051,#1074,#1102,#1121));
#1027 = ORIENTED_EDGE('',*,*,#979,.F.);
#1028 = ORIENTED_EDGE('',*,*,#1029,.T.);
#1029 = EDGE_CURVE('',#980,#1030,#1032,.T.);
#1030 = VERTEX_POINT('',#1031);
#1031 = CARTESIAN_POINT('',(97.,8.,-3.));
#1032 = SURFACE_CURVE('',#1033,(#1037,#1044),.PCURVE_S1.);
#1033 = LINE('',#1034,#1035);
#1034 = CARTESIAN_POINT('',(97.,8.,-11.));
#1035 = VECTOR('',#1036,1.);
#1036 = DIRECTION('',(0.,0.,1.));
#1037 = PCURVE('',#244,#1038);
#1038 = DEFINITIONAL_REPRESENTATION('',(#1039),#1043);
#1039 = LINE('',#1040,#1041);
#1040 = CARTESIAN_POINT('',(0.,0.));
#1041 = VECTOR('',#1042,1.);
#1042 = DIRECTION('',(1.,0.));
#1043 = ( GEOMETRIC_REPRESENTATION_CONTEXT(2) 
PARAMETRIC_REPRESENTATION_CONTEXT() REPRESENTATION_CONTEXT('2D SPACE',''
  ) );
#1044 = PCURVE('',#858,#1045);
#1045 = DEFINITIONAL_REPRESENTATION('',(#1046),#1050);
#1046 = LINE('',#1047,#1048);
#1047 = CARTESIAN_POINT('',(0.,-16.));
#1048 = VECTOR('',#1049,1.);
#1049 = DIRECTION('',(1.,0.));
#1050 = ( GEOMETRIC_REPRESENTATION_CONTEXT(2) 
PARAMETRIC_REPRESENTATION_CONTEXT() REPRESENTATION_CONTEXT('2D SPACE',''
  ) );
#1051 = ORIENTED_EDGE('',*,*,#1052,.T.);
#1052 = EDGE_CURVE('',#1030,#1053,#1055,.T.);
#1053 = VERTEX_POINT('',#1054);
#1054 = CARTESIAN_POINT('',(107.,8.,-3.));
#1055 = SURFACE_CURVE('',#1056,(#1060,#1067),.PCURVE_S1.);
#1056 = LINE('',#1057,#1058);
#1057 = CARTESIAN_POINT('',(97.,8.,-3.));
#1058 = VECTOR('',#1059,1.);
#1059 = DIRECTION('',(1.,0.,0.));
#1060 = PCURVE('',#244,#1061);
#1061 = DEFINITIONAL_REPRESENTATION('',(#1062),#1066);
#1062 = LINE('',#1063,#1064);
#1063 = CARTESIAN_POINT('',(8.,0.));
#1064 = VECTOR('',#1065,1.);
#1065 = DIRECTION('',(0.,1.));
#1066 = ( GEOMETRIC_REPRESENTATION_CONTEXT(2) 
PARAMETRIC_REPRESENTATION_CONTEXT() REPRESENTATION_CONTEXT('2D SPACE',''
  ) );
#1067 = PCURVE('',#832,#1068);
#1068 = DEFINITIONAL_REPRESENTATION('',(#1069),#1073);
#1069 = LINE('',#1070,#1071);
#1070 = CARTESIAN_POINT('',(0.,16.));
#1071 = VECTOR('',#1072,1.);
#1072 = DIRECTION('',(1.,0.));
#1073 = ( GEOMETRIC_REPRESENTATION_CONTEXT(2) 
PARAMETRIC_REPRESENTATION_CONTEXT() REPRESENTATION_CONTEXT('2D SPACE',''
  ) );
#1074 = ORIENTED_EDGE('',*,*,#1075,.F.);
#1075 = EDGE_CURVE('',#1076,#1053,#1078,.T.);
#1076 = VERTEX_POINT('',#1077);
#1077 = CARTESIAN_POINT('',(107.,8.,-4.));
#1078 = SURFACE_CURVE('',#1079,(#1083,#1090),.PCURVE_S1.);
#1079 = LINE('',#1080,#1081);
#1080 = CARTESIAN_POINT('',(107.,8.,-11.));
#1081 = VECTOR('',#1082,1.);
#1082 = DIRECTION('',(0.,0.,1.));
#1083 = PCURVE('',#244,#1084);
#1084 = DEFINITIONAL_REPRESENTATION('',(#1085),#1089);
#1085 = LINE('',#1086,#1087);
#1086 = CARTESIAN_POINT('',(0.,10.));
#1087 = VECTOR('',#1088,1.);
#1088 = DIRECTION('',(1.,0.));
#1089 = ( GEOMETRIC_REPRESENTATION_CONTEXT(2) 
PARAMETRIC_REPRESENTATION_CONTEXT() REPRESENTATION_CONTEXT('2D SPACE',''
  ) );
#1090 = PCURVE('',#1091,#1096);
#1091 = PLANE('',#1092);
#1092 = AXIS2_PLACEMENT_3D('',#1093,#1094,#1095);
#1093 = CARTESIAN_POINT('',(107.,-8.,-11.));
#1094 = DIRECTION('',(1.,0.,0.));
#1095 = DIRECTION('',(0.,0.,1.));
#1096 = DEFINITIONAL_REPRESENTATION('',(#1097),#1101);
#1097 = LINE('',#1098,#1099);
#1098 = CARTESIAN_POINT('',(0.,-16.));
#1099 = VECTOR('',#1100,1.);
#1100 = DIRECTION('',(1.,0.));
#1101 = ( GEOMETRIC_REPRESENTATION_CONTEXT(2) 
PARAMETRIC_REPRESENTATION_CONTEXT() REPRESENTATION_CONTEXT('2D SPACE',''
  ) );
#1102 = ORIENTED_EDGE('',*,*,#1103,.T.);
#1103 = EDGE_CURVE('',#1076,#197,#1104,.T.);
#1104 = SURFACE_CURVE('',#1105,(#1109,#1115),.PCURVE_S1.);
#1105 = LINE('',#1106,#1107);
#1106 = CARTESIAN_POINT('',(98.,8.,-4.));
#1107 = VECTOR('',#1108,1.);
#1108 = DIRECTION('',(-1.,0.,0.));
#1109 = PCURVE('',#244,#1110);
#1110 = DEFINITIONAL_REPRESENTATION('',(#1111),#1114);
#1111 = B_SPLINE_CURVE_WITH_KNOTS('',1,(#1112,#1113),.UNSPECIFIED.,.F.,
  .F.,(2,2),(-9.,-1.),.PIECEWISE_BEZIER_KNOTS.);
#1112 = CARTESIAN_POINT('',(7.,10.));
#1113 = CARTESIAN_POINT('',(7.,2.));
#1114 = ( GEOMETRIC_REPRESENTATION_CONTEXT(2) 
PARAMETRIC_REPRESENTATION_CONTEXT() REPRESENTATION_CONTEXT('2D SPACE',''
  ) );
#1115 = PCURVE('',#213,#1116);
#1116 = DEFINITIONAL_REPRESENTATION('',(#1117),#1120);
#1117 = B_SPLINE_CURVE_WITH_KNOTS('',1,(#1118,#1119),.UNSPECIFIED.,.F.,
  .F.,(2,2),(-9.,-1.),.PIECEWISE_BEZIER_KNOTS.);
#1118 = CARTESIAN_POINT('',(8.,17.5));
#1119 = CARTESIAN_POINT('',(0.,17.5));
#1120 = ( GEOMETRIC_REPRESENTATION_CONTEXT(2) 
PARAMETRIC_REPRESENTATION_CONTEXT() REPRESENTATION_CONTEXT('2D SPACE',''
  ) );
#1121 = ORIENTED_EDGE('',*,*,#229,.F.);
#1122 = FACE_BOUND('',#1123,.T.);
#1123 = EDGE_LOOP('',(#1124));
#1124 = ORIENTED_EDGE('',*,*,#1125,.F.);
#1125 = EDGE_CURVE('',#1126,#1126,#1128,.T.);
#1126 = VERTEX_POINT('',#1127);
#1127 = CARTESIAN_POINT('',(99.,8.,-6.3));
#1128 = SURFACE_CURVE('',#1129,(#1134,#1141),.PCURVE_S1.);
#1129 = CIRCLE('',#1130,1.7);
#1130 = AXIS2_PLACEMENT_3D('',#1131,#1132,#1133);
#1131 = CARTESIAN_POINT('',(99.,8.,-8.));
#1132 = DIRECTION('',(0.,1.,0.));
#1133 = DIRECTION('',(0.,-0.,1.));
#1134 = PCURVE('',#244,#1135);
#1135 = DEFINITIONAL_REPRESENTATION('',(#1136),#1140);
#1136 = CIRCLE('',#1137,1.7);
#1137 = AXIS2_PLACEMENT_2D('',#1138,#1139);
#1138 = CARTESIAN_POINT('',(3.,2.));
#1139 = DIRECTION('',(1.,0.));
#1140 = ( GEOMETRIC_REPRESENTATION_CONTEXT(2) 
PARAMETRIC_REPRESENTATION_CONTEXT() REPRESENTATION_CONTEXT('2D SPACE',''
  ) );
#1141 = PCURVE('',#907,#1142);
#1142 = DEFINITIONAL_REPRESENTATION('',(#1143),#1147);
#1143 = LINE('',#1144,#1145);
#1144 = CARTESIAN_POINT('',(0.,28.));
#1145 = VECTOR('',#1146,1.);
#1146 = DIRECTION('',(1.,0.));
#1147 = ( GEOMETRIC_REPRESENTATION_CONTEXT(2) 
PARAMETRIC_REPRESENTATION_CONTEXT() REPRESENTATION_CONTEXT('2D SPACE',''
  ) );
#1148 = ADVANCED_FACE('',(#1149),#213,.T.);
#1149 = FACE_BOUND('',#1150,.T.);
#1150 = EDGE_LOOP('',(#1151,#1172,#1173,#1196,#1224,#1247,#1271,#1292,
    #1293,#1294));
#1151 = ORIENTED_EDGE('',*,*,#1152,.T.);
#1152 = EDGE_CURVE('',#1153,#534,#1155,.T.);
#1153 = VERTEX_POINT('',#1154);
#1154 = CARTESIAN_POINT('',(107.,-8.,-4.));
#1155 = SURFACE_CURVE('',#1156,(#1160,#1166),.PCURVE_S1.);
#1156 = LINE('',#1157,#1158);
#1157 = CARTESIAN_POINT('',(98.,-8.,-4.));
#1158 = VECTOR('',#1159,1.);
#1159 = DIRECTION('',(-1.,0.,0.));
#1160 = PCURVE('',#213,#1161);
#1161 = DEFINITIONAL_REPRESENTATION('',(#1162),#1165);
#1162 = B_SPLINE_CURVE_WITH_KNOTS('',1,(#1163,#1164),.UNSPECIFIED.,.F.,
  .F.,(2,2),(-9.,-1.),.PIECEWISE_BEZIER_KNOTS.);
#1163 = CARTESIAN_POINT('',(8.,1.5));
#1164 = CARTESIAN_POINT('',(0.,1.5));
#1165 = ( GEOMETRIC_REPRESENTATION_CONTEXT(2) 
PARAMETRIC_REPRESENTATION_CONTEXT() REPRESENTATION_CONTEXT('2D SPACE',''
  ) );
#1166 = PCURVE('',#572,#1167);
#1167 = DEFINITIONAL_REPRESENTATION('',(#1168),#1171);
#1168 = B_SPLINE_CURVE_WITH_KNOTS('',1,(#1169,#1170),.UNSPECIFIED.,.F.,
  .F.,(2,2),(-9.,-1.),.PIECEWISE_BEZIER_KNOTS.);
#1169 = CARTESIAN_POINT('',(7.,10.));
#1170 = CARTESIAN_POINT('',(7.,2.));
#1171 = ( GEOMETRIC_REPRESENTATION_CONTEXT(2) 
PARAMETRIC_REPRESENTATION_CONTEXT() REPRESENTATION_CONTEXT('2D SPACE',''
  ) );
#1172 = ORIENTED_EDGE('',*,*,#533,.T.);
#1173 = ORIENTED_EDGE('',*,*,#1174,.T.);
#1174 = EDGE_CURVE('',#511,#1175,#1177,.T.);
#1175 = VERTEX_POINT('',#1176);
#1176 = CARTESIAN_POINT('',(110.,-9.5,-4.));
#1177 = SURFACE_CURVE('',#1178,(#1182,#1189),.PCURVE_S1.);
#1178 = LINE('',#1179,#1180);
#1179 = CARTESIAN_POINT('',(99.,-9.5,-4.));
#1180 = VECTOR('',#1181,1.);
#1181 = DIRECTION('',(1.,0.,0.));
#1182 = PCURVE('',#213,#1183);
#1183 = DEFINITIONAL_REPRESENTATION('',(#1184),#1188);
#1184 = LINE('',#1185,#1186);
#1185 = CARTESIAN_POINT('',(0.,0.));
#1186 = VECTOR('',#1187,1.);
#1187 = DIRECTION('',(1.,0.));
#1188 = ( GEOMETRIC_REPRESENTATION_CONTEXT(2) 
PARAMETRIC_REPRESENTATION_CONTEXT() REPRESENTATION_CONTEXT('2D SPACE',''
  ) );
#1189 = PCURVE('',#381,#1190);
#1190 = DEFINITIONAL_REPRESENTATION('',(#1191),#1195);
#1191 = LINE('',#1192,#1193);
#1192 = CARTESIAN_POINT('',(18.,0.));
#1193 = VECTOR('',#1194,1.);
#1194 = DIRECTION('',(0.,1.));
#1195 = ( GEOMETRIC_REPRESENTATION_CONTEXT(2) 
PARAMETRIC_REPRESENTATION_CONTEXT() REPRESENTATION_CONTEXT('2D SPACE',''
  ) );
#1196 = ORIENTED_EDGE('',*,*,#1197,.F.);
#1197 = EDGE_CURVE('',#1198,#1175,#1200,.T.);
#1198 = VERTEX_POINT('',#1199);
#1199 = CARTESIAN_POINT('',(117.,-2.5,-4.));
#1200 = SURFACE_CURVE('',#1201,(#1206,#1217),.PCURVE_S1.);
#1201 = CIRCLE('',#1202,7.);
#1202 = AXIS2_PLACEMENT_3D('',#1203,#1204,#1205);
#1203 = CARTESIAN_POINT('',(110.,-2.5,-4.));
#1204 = DIRECTION('',(-0.,-0.,-1.));
#1205 = DIRECTION('',(0.,-1.,0.));
#1206 = PCURVE('',#213,#1207);
#1207 = DEFINITIONAL_REPRESENTATION('',(#1208),#1216);
#1208 = ( BOUNDED_CURVE() B_SPLINE_CURVE(2,(#1209,#1210,#1211,#1212,
#1213,#1214,#1215),.UNSPECIFIED.,.T.,.F.) B_SPLINE_CURVE_WITH_KNOTS((1,2
    ,2,2,2,1),(-2.094395102393,0.,2.094395102393,4.188790204786,
6.28318530718,8.377580409573),.UNSPECIFIED.) CURVE() 
GEOMETRIC_REPRESENTATION_ITEM() RATIONAL_B_SPLINE_CURVE((1.,0.5,1.,0.5,
1.,0.5,1.)) REPRESENTATION_ITEM('') );
#1209 = CARTESIAN_POINT('',(11.,0.));
#1210 = CARTESIAN_POINT('',(-1.124355652982,0.));
#1211 = CARTESIAN_POINT('',(4.937822173509,10.5));
#1212 = CARTESIAN_POINT('',(11.,21.));
#1213 = CARTESIAN_POINT('',(17.062177826491,10.5));
#1214 = CARTESIAN_POINT('',(23.124355652982,1.06581410364E-14));
#1215 = CARTESIAN_POINT('',(11.,0.));
#1216 = ( GEOMETRIC_REPRESENTATION_CONTEXT(2) 
PARAMETRIC_REPRESENTATION_CONTEXT() REPRESENTATION_CONTEXT('2D SPACE',''
  ) );
#1217 = PCURVE('',#414,#1218);
#1218 = DEFINITIONAL_REPRESENTATION('',(#1219),#1223);
#1219 = LINE('',#1220,#1221);
#1220 = CARTESIAN_POINT('',(4.712388980385,18.));
#1221 = VECTOR('',#1222,1.);
#1222 = DIRECTION('',(-1.,0.));
#1223 = ( GEOMETRIC_REPRESENTATION_CONTEXT(2) 
PARAMETRIC_REPRESENTATION_CONTEXT() REPRESENTATION_CONTEXT('2D SPACE',''
  ) );
#1224 = ORIENTED_EDGE('',*,*,#1225,.T.);
#1225 = EDGE_CURVE('',#1198,#1226,#1228,.T.);
#1226 = VERTEX_POINT('',#1227);
#1227 = CARTESIAN_POINT('',(117.,2.5,-4.));
#1228 = SURFACE_CURVE('',#1229,(#1233,#1240),.PCURVE_S1.);
#1229 = LINE('',#1230,#1231);
#1230 = CARTESIAN_POINT('',(117.,-9.5,-4.));
#1231 = VECTOR('',#1232,1.);
#1232 = DIRECTION('',(0.,1.,0.));
#1233 = PCURVE('',#213,#1234);
#1234 = DEFINITIONAL_REPRESENTATION('',(#1235),#1239);
#1235 = LINE('',#1236,#1237);
#1236 = CARTESIAN_POINT('',(18.,0.));
#1237 = VECTOR('',#1238,1.);
#1238 = DIRECTION('',(0.,1.));
#1239 = ( GEOMETRIC_REPRESENTATION_CONTEXT(2) 
PARAMETRIC_REPRESENTATION_CONTEXT() REPRESENTATION_CONTEXT('2D SPACE',''
  ) );
#1240 = PCURVE('',#442,#1241);
#1241 = DEFINITIONAL_REPRESENTATION('',(#1242),#1246);
#1242 = LINE('',#1243,#1244);
#1243 = CARTESIAN_POINT('',(18.,0.));
#1244 = VECTOR('',#1245,1.);
#1245 = DIRECTION('',(0.,-1.));
#1246 = ( GEOMETRIC_REPRESENTATION_CONTEXT(2) 
PARAMETRIC_REPRESENTATION_CONTEXT() REPRESENTATION_CONTEXT('2D SPACE',''
  ) );
#1247 = ORIENTED_EDGE('',*,*,#1248,.T.);
#1248 = EDGE_CURVE('',#1226,#1249,#1251,.T.);
#1249 = VERTEX_POINT('',#1250);
#1250 = CARTESIAN_POINT('',(110.,9.5,-4.));
#1251 = SURFACE_CURVE('',#1252,(#1257,#1264),.PCURVE_S1.);
#1252 = CIRCLE('',#1253,7.);
#1253 = AXIS2_PLACEMENT_3D('',#1254,#1255,#1256);
#1254 = CARTESIAN_POINT('',(110.,2.5,-4.));
#1255 = DIRECTION('',(0.,0.,1.));
#1256 = DIRECTION('',(0.,-1.,0.));
#1257 = PCURVE('',#213,#1258);
#1258 = DEFINITIONAL_REPRESENTATION('',(#1259),#1263);
#1259 = CIRCLE('',#1260,7.);
#1260 = AXIS2_PLACEMENT_2D('',#1261,#1262);
#1261 = CARTESIAN_POINT('',(11.,12.));
#1262 = DIRECTION('',(0.,-1.));
#1263 = ( GEOMETRIC_REPRESENTATION_CONTEXT(2) 
PARAMETRIC_REPRESENTATION_CONTEXT() REPRESENTATION_CONTEXT('2D SPACE',''
  ) );
#1264 = PCURVE('',#471,#1265);
#1265 = DEFINITIONAL_REPRESENTATION('',(#1266),#1270);
#1266 = LINE('',#1267,#1268);
#1267 = CARTESIAN_POINT('',(-1.570796326795,18.));
#1268 = VECTOR('',#1269,1.);
#1269 = DIRECTION('',(1.,0.));
#1270 = ( GEOMETRIC_REPRESENTATION_CONTEXT(2) 
PARAMETRIC_REPRESENTATION_CONTEXT() REPRESENTATION_CONTEXT('2D SPACE',''
  ) );
#1271 = ORIENTED_EDGE('',*,*,#1272,.F.);
#1272 = EDGE_CURVE('',#169,#1249,#1273,.T.);
#1273 = SURFACE_CURVE('',#1274,(#1278,#1285),.PCURVE_S1.);
#1274 = LINE('',#1275,#1276);
#1275 = CARTESIAN_POINT('',(99.,9.5,-4.));
#1276 = VECTOR('',#1277,1.);
#1277 = DIRECTION('',(1.,0.,0.));
#1278 = PCURVE('',#213,#1279);
#1279 = DEFINITIONAL_REPRESENTATION('',(#1280),#1284);
#1280 = LINE('',#1281,#1282);
#1281 = CARTESIAN_POINT('',(0.,19.));
#1282 = VECTOR('',#1283,1.);
#1283 = DIRECTION('',(1.,0.));
#1284 = ( GEOMETRIC_REPRESENTATION_CONTEXT(2) 
PARAMETRIC_REPRESENTATION_CONTEXT() REPRESENTATION_CONTEXT('2D SPACE',''
  ) );
#1285 = PCURVE('',#184,#1286);
#1286 = DEFINITIONAL_REPRESENTATION('',(#1287),#1291);
#1287 = LINE('',#1288,#1289);
#1288 = CARTESIAN_POINT('',(18.,0.));
#1289 = VECTOR('',#1290,1.);
#1290 = DIRECTION('',(0.,1.));
#1291 = ( GEOMETRIC_REPRESENTATION_CONTEXT(2) 
PARAMETRIC_REPRESENTATION_CONTEXT() REPRESENTATION_CONTEXT('2D SPACE',''
  ) );
#1292 = ORIENTED_EDGE('',*,*,#196,.F.);
#1293 = ORIENTED_EDGE('',*,*,#1103,.F.);
#1294 = ORIENTED_EDGE('',*,*,#1295,.F.);
#1295 = EDGE_CURVE('',#1153,#1076,#1296,.T.);
#1296 = SURFACE_CURVE('',#1297,(#1301,#1307),.PCURVE_S1.);
#1297 = LINE('',#1298,#1299);
#1298 = CARTESIAN_POINT('',(107.,-8.75,-4.));
#1299 = VECTOR('',#1300,1.);
#1300 = DIRECTION('',(0.,1.,0.));
#1301 = PCURVE('',#213,#1302);
#1302 = DEFINITIONAL_REPRESENTATION('',(#1303),#1306);
#1303 = B_SPLINE_CURVE_WITH_KNOTS('',1,(#1304,#1305),.UNSPECIFIED.,.F.,
  .F.,(2,2),(0.75,16.75),.PIECEWISE_BEZIER_KNOTS.);
#1304 = CARTESIAN_POINT('',(8.,1.5));
#1305 = CARTESIAN_POINT('',(8.,17.5));
#1306 = ( GEOMETRIC_REPRESENTATION_CONTEXT(2) 
PARAMETRIC_REPRESENTATION_CONTEXT() REPRESENTATION_CONTEXT('2D SPACE',''
  ) );
#1307 = PCURVE('',#1091,#1308);
#1308 = DEFINITIONAL_REPRESENTATION('',(#1309),#1312);
#1309 = B_SPLINE_CURVE_WITH_KNOTS('',1,(#1310,#1311),.UNSPECIFIED.,.F.,
  .F.,(2,2),(0.75,16.75),.PIECEWISE_BEZIER_KNOTS.);
#1310 = CARTESIAN_POINT('',(7.,0.));
#1311 = CARTESIAN_POINT('',(7.,-16.));
#1312 = ( GEOMETRIC_REPRESENTATION_CONTEXT(2) 
PARAMETRIC_REPRESENTATION_CONTEXT() REPRESENTATION_CONTEXT('2D SPACE',''
  ) );
#1313 = ADVANCED_FACE('',(#1314,#1340),#184,.T.);
#1314 = FACE_BOUND('',#1315,.T.);
#1315 = EDGE_LOOP('',(#1316,#1317,#1318,#1319));
#1316 = ORIENTED_EDGE('',*,*,#483,.F.);
#1317 = ORIENTED_EDGE('',*,*,#168,.T.);
#1318 = ORIENTED_EDGE('',*,*,#1272,.T.);
#1319 = ORIENTED_EDGE('',*,*,#1320,.F.);
#1320 = EDGE_CURVE('',#455,#1249,#1321,.T.);
#1321 = SURFACE_CURVE('',#1322,(#1326,#1333),.PCURVE_S1.);
#1322 = LINE('',#1323,#1324);
#1323 = CARTESIAN_POINT('',(110.,9.5,-22.));
#1324 = VECTOR('',#1325,1.);
#1325 = DIRECTION('',(0.,0.,1.));
#1326 = PCURVE('',#184,#1327);
#1327 = DEFINITIONAL_REPRESENTATION('',(#1328),#1332);
#1328 = LINE('',#1329,#1330);
#1329 = CARTESIAN_POINT('',(0.,11.));
#1330 = VECTOR('',#1331,1.);
#1331 = DIRECTION('',(1.,0.));
#1332 = ( GEOMETRIC_REPRESENTATION_CONTEXT(2) 
PARAMETRIC_REPRESENTATION_CONTEXT() REPRESENTATION_CONTEXT('2D SPACE',''
  ) );
#1333 = PCURVE('',#471,#1334);
#1334 = DEFINITIONAL_REPRESENTATION('',(#1335),#1339);
#1335 = LINE('',#1336,#1337);
#1336 = CARTESIAN_POINT('',(1.570796326795,0.));
#1337 = VECTOR('',#1338,1.);
#1338 = DIRECTION('',(0.,1.));
#1339 = ( GEOMETRIC_REPRESENTATION_CONTEXT(2) 
PARAMETRIC_REPRESENTATION_CONTEXT() REPRESENTATION_CONTEXT('2D SPACE',''
  ) );
#1340 = FACE_BOUND('',#1341,.T.);
#1341 = EDGE_LOOP('',(#1342));
#1342 = ORIENTED_EDGE('',*,*,#1343,.F.);
#1343 = EDGE_CURVE('',#1344,#1344,#1346,.T.);
#1344 = VERTEX_POINT('',#1345);
#1345 = CARTESIAN_POINT('',(108.,9.5,-8.3));
#1346 = SURFACE_CURVE('',#1347,(#1352,#1359),.PCURVE_S1.);
#1347 = CIRCLE('',#1348,1.7);
#1348 = AXIS2_PLACEMENT_3D('',#1349,#1350,#1351);
#1349 = CARTESIAN_POINT('',(108.,9.5,-10.));
#1350 = DIRECTION('',(0.,1.,0.));
#1351 = DIRECTION('',(0.,-0.,1.));
#1352 = PCURVE('',#184,#1353);
#1353 = DEFINITIONAL_REPRESENTATION('',(#1354),#1358);
#1354 = CIRCLE('',#1355,1.7);
#1355 = AXIS2_PLACEMENT_2D('',#1356,#1357);
#1356 = CARTESIAN_POINT('',(12.,9.));
#1357 = DIRECTION('',(1.,0.));
#1358 = ( GEOMETRIC_REPRESENTATION_CONTEXT(2) 
PARAMETRIC_REPRESENTATION_CONTEXT() REPRESENTATION_CONTEXT('2D SPACE',''
  ) );
#1359 = PCURVE('',#951,#1360);
#1360 = DEFINITIONAL_REPRESENTATION('',(#1361),#1365);
#1361 = LINE('',#1362,#1363);
#1362 = CARTESIAN_POINT('',(0.,34.5));
#1363 = VECTOR('',#1364,1.);
#1364 = DIRECTION('',(1.,0.));
#1365 = ( GEOMETRIC_REPRESENTATION_CONTEXT(2) 
PARAMETRIC_REPRESENTATION_CONTEXT() REPRESENTATION_CONTEXT('2D SPACE',''
  ) );
#1366 = ADVANCED_FACE('',(#1367,#1393),#381,.F.);
#1367 = FACE_BOUND('',#1368,.F.);
#1368 = EDGE_LOOP('',(#1369,#1370,#1371,#1372));
#1369 = ORIENTED_EDGE('',*,*,#365,.F.);
#1370 = ORIENTED_EDGE('',*,*,#510,.T.);
#1371 = ORIENTED_EDGE('',*,*,#1174,.T.);
#1372 = ORIENTED_EDGE('',*,*,#1373,.F.);
#1373 = EDGE_CURVE('',#366,#1175,#1374,.T.);
#1374 = SURFACE_CURVE('',#1375,(#1379,#1386),.PCURVE_S1.);
#1375 = LINE('',#1376,#1377);
#1376 = CARTESIAN_POINT('',(110.,-9.5,-22.));
#1377 = VECTOR('',#1378,1.);
#1378 = DIRECTION('',(0.,0.,1.));
#1379 = PCURVE('',#381,#1380);
#1380 = DEFINITIONAL_REPRESENTATION('',(#1381),#1385);
#1381 = LINE('',#1382,#1383);
#1382 = CARTESIAN_POINT('',(0.,11.));
#1383 = VECTOR('',#1384,1.);
#1384 = DIRECTION('',(1.,0.));
#1385 = ( GEOMETRIC_REPRESENTATION_CONTEXT(2) 
PARAMETRIC_REPRESENTATION_CONTEXT() REPRESENTATION_CONTEXT('2D SPACE',''
  ) );
#1386 = PCURVE('',#414,#1387);
#1387 = DEFINITIONAL_REPRESENTATION('',(#1388),#1392);
#1388 = LINE('',#1389,#1390);
#1389 = CARTESIAN_POINT('',(-1.570796326795,0.));
#1390 = VECTOR('',#1391,1.);
#1391 = DIRECTION('',(-0.,1.));
#1392 = ( GEOMETRIC_REPRESENTATION_CONTEXT(2) 
PARAMETRIC_REPRESENTATION_CONTEXT() REPRESENTATION_CONTEXT('2D SPACE',''
  ) );
#1393 = FACE_BOUND('',#1394,.F.);
#1394 = EDGE_LOOP('',(#1395));
#1395 = ORIENTED_EDGE('',*,*,#1396,.F.);
#1396 = EDGE_CURVE('',#1397,#1397,#1399,.T.);
#1397 = VERTEX_POINT('',#1398);
#1398 = CARTESIAN_POINT('',(108.,-9.5,-8.3));
#1399 = SURFACE_CURVE('',#1400,(#1405,#1412),.PCURVE_S1.);
#1400 = CIRCLE('',#1401,1.7);
#1401 = AXIS2_PLACEMENT_3D('',#1402,#1403,#1404);
#1402 = CARTESIAN_POINT('',(108.,-9.5,-10.));
#1403 = DIRECTION('',(0.,1.,0.));
#1404 = DIRECTION('',(0.,-0.,1.));
#1405 = PCURVE('',#381,#1406);
#1406 = DEFINITIONAL_REPRESENTATION('',(#1407),#1411);
#1407 = CIRCLE('',#1408,1.7);
#1408 = AXIS2_PLACEMENT_2D('',#1409,#1410);
#1409 = CARTESIAN_POINT('',(12.,9.));
#1410 = DIRECTION('',(1.,0.));
#1411 = ( GEOMETRIC_REPRESENTATION_CONTEXT(2) 
PARAMETRIC_REPRESENTATION_CONTEXT() REPRESENTATION_CONTEXT('2D SPACE',''
  ) );
#1412 = PCURVE('',#1413,#1418);
#1413 = CYLINDRICAL_SURFACE('',#1414,1.7);
#1414 = AXIS2_PLACEMENT_3D('',#1415,#1416,#1417);
#1415 = CARTESIAN_POINT('',(108.,-25.,-10.));
#1416 = DIRECTION('',(0.,1.,0.));
#1417 = DIRECTION('',(0.,-0.,1.));
#1418 = DEFINITIONAL_REPRESENTATION('',(#1419),#1423);
#1419 = LINE('',#1420,#1421);
#1420 = CARTESIAN_POINT('',(0.,15.5));
#1421 = VECTOR('',#1422,1.);
#1422 = DIRECTION('',(1.,0.));
#1423 = ( GEOMETRIC_REPRESENTATION_CONTEXT(2) 
PARAMETRIC_REPRESENTATION_CONTEXT() REPRESENTATION_CONTEXT('2D SPACE',''
  ) );
#1424 = ADVANCED_FACE('',(#1425),#414,.T.);
#1425 = FACE_BOUND('',#1426,.F.);
#1426 = EDGE_LOOP('',(#1427,#1428,#1429,#1430));
#1427 = ORIENTED_EDGE('',*,*,#393,.T.);
#1428 = ORIENTED_EDGE('',*,*,#1373,.T.);
#1429 = ORIENTED_EDGE('',*,*,#1197,.F.);
#1430 = ORIENTED_EDGE('',*,*,#1431,.F.);
#1431 = EDGE_CURVE('',#394,#1198,#1432,.T.);
#1432 = SURFACE_CURVE('',#1433,(#1437,#1444),.PCURVE_S1.);
#1433 = LINE('',#1434,#1435);
#1434 = CARTESIAN_POINT('',(117.,-2.5,-22.));
#1435 = VECTOR('',#1436,1.);
#1436 = DIRECTION('',(0.,0.,1.));
#1437 = PCURVE('',#414,#1438);
#1438 = DEFINITIONAL_REPRESENTATION('',(#1439),#1443);
#1439 = LINE('',#1440,#1441);
#1440 = CARTESIAN_POINT('',(-0.,0.));
#1441 = VECTOR('',#1442,1.);
#1442 = DIRECTION('',(-0.,1.));
#1443 = ( GEOMETRIC_REPRESENTATION_CONTEXT(2) 
PARAMETRIC_REPRESENTATION_CONTEXT() REPRESENTATION_CONTEXT('2D SPACE',''
  ) );
#1444 = PCURVE('',#442,#1445);
#1445 = DEFINITIONAL_REPRESENTATION('',(#1446),#1450);
#1446 = LINE('',#1447,#1448);
#1447 = CARTESIAN_POINT('',(0.,-7.));
#1448 = VECTOR('',#1449,1.);
#1449 = DIRECTION('',(1.,0.));
#1450 = ( GEOMETRIC_REPRESENTATION_CONTEXT(2) 
PARAMETRIC_REPRESENTATION_CONTEXT() REPRESENTATION_CONTEXT('2D SPACE',''
  ) );
#1451 = ADVANCED_FACE('',(#1452),#471,.T.);
#1452 = FACE_BOUND('',#1453,.T.);
#1453 = EDGE_LOOP('',(#1454,#1455,#1456,#1457));
#1454 = ORIENTED_EDGE('',*,*,#454,.T.);
#1455 = ORIENTED_EDGE('',*,*,#1320,.T.);
#1456 = ORIENTED_EDGE('',*,*,#1248,.F.);
#1457 = ORIENTED_EDGE('',*,*,#1458,.F.);
#1458 = EDGE_CURVE('',#427,#1226,#1459,.T.);
#1459 = SURFACE_CURVE('',#1460,(#1464,#1471),.PCURVE_S1.);
#1460 = LINE('',#1461,#1462);
#1461 = CARTESIAN_POINT('',(117.,2.5,-22.));
#1462 = VECTOR('',#1463,1.);
#1463 = DIRECTION('',(0.,0.,1.));
#1464 = PCURVE('',#471,#1465);
#1465 = DEFINITIONAL_REPRESENTATION('',(#1466),#1470);
#1466 = LINE('',#1467,#1468);
#1467 = CARTESIAN_POINT('',(0.,0.));
#1468 = VECTOR('',#1469,1.);
#1469 = DIRECTION('',(0.,1.));
#1470 = ( GEOMETRIC_REPRESENTATION_CONTEXT(2) 
PARAMETRIC_REPRESENTATION_CONTEXT() REPRESENTATION_CONTEXT('2D SPACE',''
  ) );
#1471 = PCURVE('',#442,#1472);
#1472 = DEFINITIONAL_REPRESENTATION('',(#1473),#1477);
#1473 = LINE('',#1474,#1475);
#1474 = CARTESIAN_POINT('',(0.,-12.));
#1475 = VECTOR('',#1476,1.);
#1476 = DIRECTION('',(1.,0.));
#1477 = ( GEOMETRIC_REPRESENTATION_CONTEXT(2) 
PARAMETRIC_REPRESENTATION_CONTEXT() REPRESENTATION_CONTEXT('2D SPACE',''
  ) );
#1478 = ADVANCED_FACE('',(#1479),#442,.T.);
#1479 = FACE_BOUND('',#1480,.T.);
#1480 = EDGE_LOOP('',(#1481,#1482,#1483,#1484));
#1481 = ORIENTED_EDGE('',*,*,#1225,.F.);
#1482 = ORIENTED_EDGE('',*,*,#1431,.F.);
#1483 = ORIENTED_EDGE('',*,*,#426,.T.);
#1484 = ORIENTED_EDGE('',*,*,#1458,.T.);
#1485 = ADVANCED_FACE('',(#1486,#1619,#1663),#627,.T.);
#1486 = FACE_BOUND('',#1487,.T.);
#1487 = EDGE_LOOP('',(#1488,#1489,#1490,#1511,#1537,#1558,#1579,#1600));
#1488 = ORIENTED_EDGE('',*,*,#717,.F.);
#1489 = ORIENTED_EDGE('',*,*,#612,.T.);
#1490 = ORIENTED_EDGE('',*,*,#1491,.T.);
#1491 = EDGE_CURVE('',#584,#1492,#1494,.T.);
#1492 = VERTEX_POINT('',#1493);
#1493 = CARTESIAN_POINT('',(97.,-7.085106382979,-11.));
#1494 = SURFACE_CURVE('',#1495,(#1499,#1505),.PCURVE_S1.);
#1495 = LINE('',#1496,#1497);
#1496 = CARTESIAN_POINT('',(81.97091974752,-8.044409377818,-11.));
#1497 = VECTOR('',#1498,1.);
#1498 = DIRECTION('',(-0.997969082864,-6.370015422534E-02,0.));
#1499 = PCURVE('',#627,#1500);
#1500 = DEFINITIONAL_REPRESENTATION('',(#1501),#1504);
#1501 = B_SPLINE_CURVE_WITH_KNOTS('',1,(#1502,#1503),.UNSPECIFIED.,.F.,
  .F.,(2,2),(-19.73904159138,-15.05966518457),.PIECEWISE_BEZIER_KNOTS.);
#1502 = CARTESIAN_POINT('',(34.740427911448,-19.));
#1503 = CARTESIAN_POINT('',(30.061051504638,-19.));
#1504 = ( GEOMETRIC_REPRESENTATION_CONTEXT(2) 
PARAMETRIC_REPRESENTATION_CONTEXT() REPRESENTATION_CONTEXT('2D SPACE',''
  ) );
#1505 = PCURVE('',#600,#1506);
#1506 = DEFINITIONAL_REPRESENTATION('',(#1507),#1510);
#1507 = B_SPLINE_CURVE_WITH_KNOTS('',1,(#1508,#1509),.UNSPECIFIED.,.F.,
  .F.,(2,2),(-19.73904159138,-15.05966518457),.PIECEWISE_BEZIER_KNOTS.);
#1508 = CARTESIAN_POINT('',(4.669872981078,1.212970615813));
#1509 = CARTESIAN_POINT('',(2.479979335552E-15,0.914893617021));
#1510 = ( GEOMETRIC_REPRESENTATION_CONTEXT(2) 
PARAMETRIC_REPRESENTATION_CONTEXT() REPRESENTATION_CONTEXT('2D SPACE',''
  ) );
#1511 = ORIENTED_EDGE('',*,*,#1512,.T.);
#1512 = EDGE_CURVE('',#1492,#1513,#1515,.T.);
#1513 = VERTEX_POINT('',#1514);
#1514 = CARTESIAN_POINT('',(97.,-7.085106382979,-3.));
#1515 = SURFACE_CURVE('',#1516,(#1520,#1526),.PCURVE_S1.);
#1516 = LINE('',#1517,#1518);
#1517 = CARTESIAN_POINT('',(97.,-7.085106382979,-20.5));
#1518 = VECTOR('',#1519,1.);
#1519 = DIRECTION('',(0.,-0.,1.));
#1520 = PCURVE('',#627,#1521);
#1521 = DEFINITIONAL_REPRESENTATION('',(#1522),#1525);
#1522 = B_SPLINE_CURVE_WITH_KNOTS('',1,(#1523,#1524),.UNSPECIFIED.,.F.,
  .F.,(2,2),(9.5,17.5),.PIECEWISE_BEZIER_KNOTS.);
#1523 = CARTESIAN_POINT('',(30.061051504638,-19.));
#1524 = CARTESIAN_POINT('',(30.061051504638,-27.));
#1525 = ( GEOMETRIC_REPRESENTATION_CONTEXT(2) 
PARAMETRIC_REPRESENTATION_CONTEXT() REPRESENTATION_CONTEXT('2D SPACE',''
  ) );
#1526 = PCURVE('',#1527,#1532);
#1527 = PLANE('',#1528);
#1528 = AXIS2_PLACEMENT_3D('',#1529,#1530,#1531);
#1529 = CARTESIAN_POINT('',(97.,-8.,-11.));
#1530 = DIRECTION('',(1.,0.,0.));
#1531 = DIRECTION('',(0.,0.,1.));
#1532 = DEFINITIONAL_REPRESENTATION('',(#1533),#1536);
#1533 = B_SPLINE_CURVE_WITH_KNOTS('',1,(#1534,#1535),.UNSPECIFIED.,.F.,
  .F.,(2,2),(9.5,17.5),.PIECEWISE_BEZIER_KNOTS.);
#1534 = CARTESIAN_POINT('',(0.,-0.914893617021));
#1535 = CARTESIAN_POINT('',(8.,-0.914893617021));
#1536 = ( GEOMETRIC_REPRESENTATION_CONTEXT(2) 
PARAMETRIC_REPRESENTATION_CONTEXT() REPRESENTATION_CONTEXT('2D SPACE',''
  ) );
#1537 = ORIENTED_EDGE('',*,*,#1538,.F.);
#1538 = EDGE_CURVE('',#1539,#1513,#1541,.T.);
#1539 = VERTEX_POINT('',#1540);
#1540 = CARTESIAN_POINT('',(97.4,-7.059574468085,-3.));
#1541 = SURFACE_CURVE('',#1542,(#1546,#1552),.PCURVE_S1.);
#1542 = LINE('',#1543,#1544);
#1543 = CARTESIAN_POINT('',(81.97091974752,-8.044409377818,-3.));
#1544 = VECTOR('',#1545,1.);
#1545 = DIRECTION('',(-0.997969082864,-6.370015422534E-02,0.));
#1546 = PCURVE('',#627,#1547);
#1547 = DEFINITIONAL_REPRESENTATION('',(#1548),#1551);
#1548 = B_SPLINE_CURVE_WITH_KNOTS('',1,(#1549,#1550),.UNSPECIFIED.,.F.,
  .F.,(2,2),(-25.08001568611,-15.05966518457),.PIECEWISE_BEZIER_KNOTS.);
#1549 = CARTESIAN_POINT('',(40.081402006184,-27.));
#1550 = CARTESIAN_POINT('',(30.061051504638,-27.));
#1551 = ( GEOMETRIC_REPRESENTATION_CONTEXT(2) 
PARAMETRIC_REPRESENTATION_CONTEXT() REPRESENTATION_CONTEXT('2D SPACE',''
  ) );
#1552 = PCURVE('',#832,#1553);
#1553 = DEFINITIONAL_REPRESENTATION('',(#1554),#1557);
#1554 = B_SPLINE_CURVE_WITH_KNOTS('',1,(#1555,#1556),.UNSPECIFIED.,.F.,
  .F.,(2,2),(-25.08001568611,-15.05966518457),.PIECEWISE_BEZIER_KNOTS.);
#1555 = CARTESIAN_POINT('',(10.,1.553191489362));
#1556 = CARTESIAN_POINT('',(2.479979335552E-15,0.914893617021));
#1557 = ( GEOMETRIC_REPRESENTATION_CONTEXT(2) 
PARAMETRIC_REPRESENTATION_CONTEXT() REPRESENTATION_CONTEXT('2D SPACE',''
  ) );
#1558 = ORIENTED_EDGE('',*,*,#1559,.F.);
#1559 = EDGE_CURVE('',#1560,#1539,#1562,.T.);
#1560 = VERTEX_POINT('',#1561);
#1561 = CARTESIAN_POINT('',(111.,-6.191489361702,-7.));
#1562 = SURFACE_CURVE('',#1563,(#1567,#1573),.PCURVE_S1.);
#1563 = LINE('',#1564,#1565);
#1564 = CARTESIAN_POINT('',(86.349551942111,-7.764922216461,
    0.250131781732));
#1565 = VECTOR('',#1566,1.);
#1566 = DIRECTION('',(-0.957571801701,-6.11216043639E-02,0.281638765206)
  );
#1567 = PCURVE('',#627,#1568);
#1568 = DEFINITIONAL_REPRESENTATION('',(#1569),#1572);
#1569 = B_SPLINE_CURVE_WITH_KNOTS('',1,(#1570,#1571),.UNSPECIFIED.,.F.,
  .F.,(2,2),(-25.74266286256,-7.989424964581),.PIECEWISE_BEZIER_KNOTS.);
#1570 = CARTESIAN_POINT('',(44.089542206803,-23.));
#1571 = CARTESIAN_POINT('',(27.054946354174,-28.));
#1572 = ( GEOMETRIC_REPRESENTATION_CONTEXT(2) 
PARAMETRIC_REPRESENTATION_CONTEXT() REPRESENTATION_CONTEXT('2D SPACE',''
  ) );
#1573 = PCURVE('',#806,#1574);
#1574 = DEFINITIONAL_REPRESENTATION('',(#1575),#1578);
#1575 = B_SPLINE_CURVE_WITH_KNOTS('',1,(#1576,#1577),.UNSPECIFIED.,.F.,
  .F.,(2,2),(-25.74266286256,-7.989424964581),.PIECEWISE_BEZIER_KNOTS.);
#1576 = CARTESIAN_POINT('',(17.720045146669,-33.1914893617));
#1577 = CARTESIAN_POINT('',(8.149165206507E-16,-34.27659574468));
#1578 = ( GEOMETRIC_REPRESENTATION_CONTEXT(2) 
PARAMETRIC_REPRESENTATION_CONTEXT() REPRESENTATION_CONTEXT('2D SPACE',''
  ) );
#1579 = ORIENTED_EDGE('',*,*,#1580,.F.);
#1580 = EDGE_CURVE('',#1581,#1560,#1583,.T.);
#1581 = VERTEX_POINT('',#1582);
#1582 = CARTESIAN_POINT('',(114.,-6.,-12.));
#1583 = SURFACE_CURVE('',#1584,(#1588,#1594),.PCURVE_S1.);
#1584 = LINE('',#1585,#1586);
#1585 = CARTESIAN_POINT('',(110.50720869299,-6.222944125979,
    -6.178681154987));
#1586 = VECTOR('',#1587,1.);
#1587 = DIRECTION('',(-0.514218544033,-3.282246025741E-02,0.857030906721
    ));
#1588 = PCURVE('',#627,#1589);
#1589 = DEFINITIONAL_REPRESENTATION('',(#1590),#1593);
#1590 = B_SPLINE_CURVE_WITH_KNOTS('',1,(#1591,#1592),.UNSPECIFIED.,.F.,
  .F.,(2,2),(-6.79242580327,-0.958330485601),.PIECEWISE_BEZIER_KNOTS.);
#1591 = CARTESIAN_POINT('',(47.095647357266,-18.));
#1592 = CARTESIAN_POINT('',(44.089542206803,-23.));
#1593 = ( GEOMETRIC_REPRESENTATION_CONTEXT(2) 
PARAMETRIC_REPRESENTATION_CONTEXT() REPRESENTATION_CONTEXT('2D SPACE',''
  ) );
#1594 = PCURVE('',#780,#1595);
#1595 = DEFINITIONAL_REPRESENTATION('',(#1596),#1599);
#1596 = B_SPLINE_CURVE_WITH_KNOTS('',1,(#1597,#1598),.UNSPECIFIED.,.F.,
  .F.,(2,2),(-6.79242580327,-0.958330485601),.PIECEWISE_BEZIER_KNOTS.);
#1597 = CARTESIAN_POINT('',(5.830951894845,-33.));
#1598 = CARTESIAN_POINT('',(-9.814132716697E-17,-33.1914893617));
#1599 = ( GEOMETRIC_REPRESENTATION_CONTEXT(2) 
PARAMETRIC_REPRESENTATION_CONTEXT() REPRESENTATION_CONTEXT('2D SPACE',''
  ) );
#1600 = ORIENTED_EDGE('',*,*,#1601,.F.);
#1601 = EDGE_CURVE('',#690,#1581,#1602,.T.);
#1602 = SURFACE_CURVE('',#1603,(#1607,#1613),.PCURVE_S1.);
#1603 = LINE('',#1604,#1605);
#1604 = CARTESIAN_POINT('',(96.312497686436,-7.128989509376,
    -26.7395852613));
#1605 = VECTOR('',#1606,1.);
#1606 = DIRECTION('',(0.767299359097,4.897655483601E-02,0.639416132581)
  );
#1607 = PCURVE('',#627,#1608);
#1608 = DEFINITIONAL_REPRESENTATION('',(#1609),#1612);
#1609 = B_SPLINE_CURVE_WITH_KNOTS('',1,(#1610,#1611),.UNSPECIFIED.,.F.,
  .F.,(2,2),(15.231998013542,23.05163180948),.PIECEWISE_BEZIER_KNOTS.);
#1610 = CARTESIAN_POINT('',(41.083437056339,-13.));
#1611 = CARTESIAN_POINT('',(47.095647357266,-18.));
#1612 = ( GEOMETRIC_REPRESENTATION_CONTEXT(2) 
PARAMETRIC_REPRESENTATION_CONTEXT() REPRESENTATION_CONTEXT('2D SPACE',''
  ) );
#1613 = PCURVE('',#705,#1614);
#1614 = DEFINITIONAL_REPRESENTATION('',(#1615),#1618);
#1615 = B_SPLINE_CURVE_WITH_KNOTS('',1,(#1616,#1617),.UNSPECIFIED.,.F.,
  .F.,(2,2),(15.231998013542,23.05163180948),.PIECEWISE_BEZIER_KNOTS.);
#1616 = CARTESIAN_POINT('',(7.810249675907,-33.3829787234));
#1617 = CARTESIAN_POINT('',(-1.832244673448E-15,-33.));
#1618 = ( GEOMETRIC_REPRESENTATION_CONTEXT(2) 
PARAMETRIC_REPRESENTATION_CONTEXT() REPRESENTATION_CONTEXT('2D SPACE',''
  ) );
#1619 = FACE_BOUND('',#1620,.T.);
#1620 = EDGE_LOOP('',(#1621));
#1621 = ORIENTED_EDGE('',*,*,#1622,.F.);
#1622 = EDGE_CURVE('',#1623,#1623,#1625,.T.);
#1623 = VERTEX_POINT('',#1624);
#1624 = CARTESIAN_POINT('',(99.,-6.957446808511,-6.3));
#1625 = SURFACE_CURVE('',#1626,(#1631,#1638),.PCURVE_S1.);
#1626 = ELLIPSE('',#1627,1.703459585263,1.7);
#1627 = AXIS2_PLACEMENT_3D('',#1628,#1629,#1630);
#1628 = CARTESIAN_POINT('',(99.,-6.957446808511,-8.));
#1629 = DIRECTION('',(-6.370015422534E-02,0.997969082864,0.));
#1630 = DIRECTION('',(0.997969082864,6.370015422534E-02,0.));
#1631 = PCURVE('',#627,#1632);
#1632 = DEFINITIONAL_REPRESENTATION('',(#1633),#1637);
#1633 = ELLIPSE('',#1634,1.703459585263,1.7);
#1634 = AXIS2_PLACEMENT_2D('',#1635,#1636);
#1635 = CARTESIAN_POINT('',(32.065121604947,-22.));
#1636 = DIRECTION('',(1.,0.));
#1637 = ( GEOMETRIC_REPRESENTATION_CONTEXT(2) 
PARAMETRIC_REPRESENTATION_CONTEXT() REPRESENTATION_CONTEXT('2D SPACE',''
  ) );
#1638 = PCURVE('',#1639,#1644);
#1639 = CYLINDRICAL_SURFACE('',#1640,1.7);
#1640 = AXIS2_PLACEMENT_3D('',#1641,#1642,#1643);
#1641 = CARTESIAN_POINT('',(99.,-20.,-8.));
#1642 = DIRECTION('',(0.,1.,0.));
#1643 = DIRECTION('',(0.,-0.,1.));
#1644 = DEFINITIONAL_REPRESENTATION('',(#1645),#1662);
#1645 = B_SPLINE_CURVE_WITH_KNOTS('',8,(#1646,#1647,#1648,#1649,#1650,
    #1651,#1652,#1653,#1654,#1655,#1656,#1657,#1658,#1659,#1660,#1661),
  .UNSPECIFIED.,.F.,.F.,(9,7,9),(4.712388980385,7.853981633974,
    10.995574287564),.UNSPECIFIED.);
#1646 = CARTESIAN_POINT('',(0.,13.042553191489));
#1647 = CARTESIAN_POINT('',(0.392699081699,13.085165219503));
#1648 = CARTESIAN_POINT('',(0.785398163397,13.127777587283));
#1649 = CARTESIAN_POINT('',(1.178097245091,13.16037288441));
#1650 = CARTESIAN_POINT('',(1.570796326795,13.172961118836));
#1651 = CARTESIAN_POINT('',(1.96349540849,13.160372884385));
#1652 = CARTESIAN_POINT('',(2.356194490192,13.127777587285));
#1653 = CARTESIAN_POINT('',(2.748893571891,13.085165219503));
#1654 = CARTESIAN_POINT('',(3.534291735289,12.999941163475));
#1655 = CARTESIAN_POINT('',(3.926990816989,12.9573287957));
#1656 = CARTESIAN_POINT('',(4.319689898666,12.924733498521));
#1657 = CARTESIAN_POINT('',(4.712388980393,12.912145264137));
#1658 = CARTESIAN_POINT('',(5.105088062059,12.924733498514));
#1659 = CARTESIAN_POINT('',(5.497787143785,12.957328795695));
#1660 = CARTESIAN_POINT('',(5.890486225481,12.999941163475));
#1661 = CARTESIAN_POINT('',(6.28318530718,13.042553191489));
#1662 = ( GEOMETRIC_REPRESENTATION_CONTEXT(2) 
PARAMETRIC_REPRESENTATION_CONTEXT() REPRESENTATION_CONTEXT('2D SPACE',''
  ) );
#1663 = FACE_BOUND('',#1664,.T.);
#1664 = EDGE_LOOP('',(#1665));
#1665 = ORIENTED_EDGE('',*,*,#1666,.F.);
#1666 = EDGE_CURVE('',#1667,#1667,#1669,.T.);
#1667 = VERTEX_POINT('',#1668);
#1668 = CARTESIAN_POINT('',(108.,-6.382978723404,-8.3));
#1669 = SURFACE_CURVE('',#1670,(#1675,#1682),.PCURVE_S1.);
#1670 = ELLIPSE('',#1671,1.703459585263,1.7);
#1671 = AXIS2_PLACEMENT_3D('',#1672,#1673,#1674);
#1672 = CARTESIAN_POINT('',(108.,-6.382978723404,-10.));
#1673 = DIRECTION('',(-6.370015422534E-02,0.997969082864,0.));
#1674 = DIRECTION('',(0.997969082864,6.370015422534E-02,0.));
#1675 = PCURVE('',#627,#1676);
#1676 = DEFINITIONAL_REPRESENTATION('',(#1677),#1681);
#1677 = ELLIPSE('',#1678,1.703459585263,1.7);
#1678 = AXIS2_PLACEMENT_2D('',#1679,#1680);
#1679 = CARTESIAN_POINT('',(41.083437056339,-20.));
#1680 = DIRECTION('',(1.,0.));
#1681 = ( GEOMETRIC_REPRESENTATION_CONTEXT(2) 
PARAMETRIC_REPRESENTATION_CONTEXT() REPRESENTATION_CONTEXT('2D SPACE',''
  ) );
#1682 = PCURVE('',#1413,#1683);
#1683 = DEFINITIONAL_REPRESENTATION('',(#1684),#1701);
#1684 = B_SPLINE_CURVE_WITH_KNOTS('',8,(#1685,#1686,#1687,#1688,#1689,
    #1690,#1691,#1692,#1693,#1694,#1695,#1696,#1697,#1698,#1699,#1700),
  .UNSPECIFIED.,.F.,.F.,(9,7,9),(4.712388980385,7.853981633974,
    10.995574287564),.UNSPECIFIED.);
#1685 = CARTESIAN_POINT('',(0.,18.617021276596));
#1686 = CARTESIAN_POINT('',(0.392699081699,18.65963330461));
#1687 = CARTESIAN_POINT('',(0.785398163397,18.702245672382));
#1688 = CARTESIAN_POINT('',(1.178097245091,18.734840969518));
#1689 = CARTESIAN_POINT('',(1.570796326795,18.747429203911));
#1690 = CARTESIAN_POINT('',(1.96349540849,18.734840969537));
#1691 = CARTESIAN_POINT('',(2.356194490192,18.702245672379));
#1692 = CARTESIAN_POINT('',(2.748893571891,18.65963330461));
#1693 = CARTESIAN_POINT('',(3.534291735289,18.574409248582));
#1694 = CARTESIAN_POINT('',(3.926990816989,18.531796880779));
#1695 = CARTESIAN_POINT('',(4.319689898666,18.499201583691));
#1696 = CARTESIAN_POINT('',(4.712388980393,18.486613349084));
#1697 = CARTESIAN_POINT('',(5.105088062059,18.499201583707));
#1698 = CARTESIAN_POINT('',(5.497787143785,18.531796880778));
#1699 = CARTESIAN_POINT('',(5.890486225481,18.574409248582));
#1700 = CARTESIAN_POINT('',(6.28318530718,18.617021276596));
#1701 = ( GEOMETRIC_REPRESENTATION_CONTEXT(2) 
PARAMETRIC_REPRESENTATION_CONTEXT() REPRESENTATION_CONTEXT('2D SPACE',''
  ) );
#1702 = ADVANCED_FACE('',(#1703),#600,.F.);
#1703 = FACE_BOUND('',#1704,.F.);
#1704 = EDGE_LOOP('',(#1705,#1706,#1729,#1750));
#1705 = ORIENTED_EDGE('',*,*,#1491,.T.);
#1706 = ORIENTED_EDGE('',*,*,#1707,.F.);
#1707 = EDGE_CURVE('',#1708,#1492,#1710,.T.);
#1708 = VERTEX_POINT('',#1709);
#1709 = CARTESIAN_POINT('',(97.,-8.,-11.));
#1710 = SURFACE_CURVE('',#1711,(#1715,#1722),.PCURVE_S1.);
#1711 = LINE('',#1712,#1713);
#1712 = CARTESIAN_POINT('',(97.,-8.,-11.));
#1713 = VECTOR('',#1714,1.);
#1714 = DIRECTION('',(0.,1.,0.));
#1715 = PCURVE('',#600,#1716);
#1716 = DEFINITIONAL_REPRESENTATION('',(#1717),#1721);
#1717 = LINE('',#1718,#1719);
#1718 = CARTESIAN_POINT('',(0.,0.));
#1719 = VECTOR('',#1720,1.);
#1720 = DIRECTION('',(0.,1.));
#1721 = ( GEOMETRIC_REPRESENTATION_CONTEXT(2) 
PARAMETRIC_REPRESENTATION_CONTEXT() REPRESENTATION_CONTEXT('2D SPACE',''
  ) );
#1722 = PCURVE('',#1527,#1723);
#1723 = DEFINITIONAL_REPRESENTATION('',(#1724),#1728);
#1724 = LINE('',#1725,#1726);
#1725 = CARTESIAN_POINT('',(0.,0.));
#1726 = VECTOR('',#1727,1.);
#1727 = DIRECTION('',(0.,-1.));
#1728 = ( GEOMETRIC_REPRESENTATION_CONTEXT(2) 
PARAMETRIC_REPRESENTATION_CONTEXT() REPRESENTATION_CONTEXT('2D SPACE',''
  ) );
#1729 = ORIENTED_EDGE('',*,*,#1730,.T.);
#1730 = EDGE_CURVE('',#1708,#558,#1731,.T.);
#1731 = SURFACE_CURVE('',#1732,(#1736,#1743),.PCURVE_S1.);
#1732 = LINE('',#1733,#1734);
#1733 = CARTESIAN_POINT('',(97.,-8.,-11.));
#1734 = VECTOR('',#1735,1.);
#1735 = DIRECTION('',(1.,0.,0.));
#1736 = PCURVE('',#600,#1737);
#1737 = DEFINITIONAL_REPRESENTATION('',(#1738),#1742);
#1738 = LINE('',#1739,#1740);
#1739 = CARTESIAN_POINT('',(0.,0.));
#1740 = VECTOR('',#1741,1.);
#1741 = DIRECTION('',(1.,0.));
#1742 = ( GEOMETRIC_REPRESENTATION_CONTEXT(2) 
PARAMETRIC_REPRESENTATION_CONTEXT() REPRESENTATION_CONTEXT('2D SPACE',''
  ) );
#1743 = PCURVE('',#572,#1744);
#1744 = DEFINITIONAL_REPRESENTATION('',(#1745),#1749);
#1745 = LINE('',#1746,#1747);
#1746 = CARTESIAN_POINT('',(0.,0.));
#1747 = VECTOR('',#1748,1.);
#1748 = DIRECTION('',(0.,1.));
#1749 = ( GEOMETRIC_REPRESENTATION_CONTEXT(2) 
PARAMETRIC_REPRESENTATION_CONTEXT() REPRESENTATION_CONTEXT('2D SPACE',''
  ) );
#1750 = ORIENTED_EDGE('',*,*,#583,.F.);
#1751 = ADVANCED_FACE('',(#1752,#1824),#572,.F.);
#1752 = FACE_BOUND('',#1753,.F.);
#1753 = EDGE_LOOP('',(#1754,#1755,#1778,#1801,#1822,#1823));
#1754 = ORIENTED_EDGE('',*,*,#1730,.F.);
#1755 = ORIENTED_EDGE('',*,*,#1756,.T.);
#1756 = EDGE_CURVE('',#1708,#1757,#1759,.T.);
#1757 = VERTEX_POINT('',#1758);
#1758 = CARTESIAN_POINT('',(97.,-8.,-3.));
#1759 = SURFACE_CURVE('',#1760,(#1764,#1771),.PCURVE_S1.);
#1760 = LINE('',#1761,#1762);
#1761 = CARTESIAN_POINT('',(97.,-8.,-11.));
#1762 = VECTOR('',#1763,1.);
#1763 = DIRECTION('',(0.,0.,1.));
#1764 = PCURVE('',#572,#1765);
#1765 = DEFINITIONAL_REPRESENTATION('',(#1766),#1770);
#1766 = LINE('',#1767,#1768);
#1767 = CARTESIAN_POINT('',(0.,0.));
#1768 = VECTOR('',#1769,1.);
#1769 = DIRECTION('',(1.,0.));
#1770 = ( GEOMETRIC_REPRESENTATION_CONTEXT(2) 
PARAMETRIC_REPRESENTATION_CONTEXT() REPRESENTATION_CONTEXT('2D SPACE',''
  ) );
#1771 = PCURVE('',#1527,#1772);
#1772 = DEFINITIONAL_REPRESENTATION('',(#1773),#1777);
#1773 = LINE('',#1774,#1775);
#1774 = CARTESIAN_POINT('',(0.,0.));
#1775 = VECTOR('',#1776,1.);
#1776 = DIRECTION('',(1.,0.));
#1777 = ( GEOMETRIC_REPRESENTATION_CONTEXT(2) 
PARAMETRIC_REPRESENTATION_CONTEXT() REPRESENTATION_CONTEXT('2D SPACE',''
  ) );
#1778 = ORIENTED_EDGE('',*,*,#1779,.T.);
#1779 = EDGE_CURVE('',#1757,#1780,#1782,.T.);
#1780 = VERTEX_POINT('',#1781);
#1781 = CARTESIAN_POINT('',(107.,-8.,-3.));
#1782 = SURFACE_CURVE('',#1783,(#1787,#1794),.PCURVE_S1.);
#1783 = LINE('',#1784,#1785);
#1784 = CARTESIAN_POINT('',(97.,-8.,-3.));
#1785 = VECTOR('',#1786,1.);
#1786 = DIRECTION('',(1.,0.,0.));
#1787 = PCURVE('',#572,#1788);
#1788 = DEFINITIONAL_REPRESENTATION('',(#1789),#1793);
#1789 = LINE('',#1790,#1791);
#1790 = CARTESIAN_POINT('',(8.,0.));
#1791 = VECTOR('',#1792,1.);
#1792 = DIRECTION('',(0.,1.));
#1793 = ( GEOMETRIC_REPRESENTATION_CONTEXT(2) 
PARAMETRIC_REPRESENTATION_CONTEXT() REPRESENTATION_CONTEXT('2D SPACE',''
  ) );
#1794 = PCURVE('',#832,#1795);
#1795 = DEFINITIONAL_REPRESENTATION('',(#1796),#1800);
#1796 = LINE('',#1797,#1798);
#1797 = CARTESIAN_POINT('',(0.,0.));
#1798 = VECTOR('',#1799,1.);
#1799 = DIRECTION('',(1.,0.));
#1800 = ( GEOMETRIC_REPRESENTATION_CONTEXT(2) 
PARAMETRIC_REPRESENTATION_CONTEXT() REPRESENTATION_CONTEXT('2D SPACE',''
  ) );
#1801 = ORIENTED_EDGE('',*,*,#1802,.F.);
#1802 = EDGE_CURVE('',#1153,#1780,#1803,.T.);
#1803 = SURFACE_CURVE('',#1804,(#1808,#1815),.PCURVE_S1.);
#1804 = LINE('',#1805,#1806);
#1805 = CARTESIAN_POINT('',(107.,-8.,-11.));
#1806 = VECTOR('',#1807,1.);
#1807 = DIRECTION('',(0.,0.,1.));
#1808 = PCURVE('',#572,#1809);
#1809 = DEFINITIONAL_REPRESENTATION('',(#1810),#1814);
#1810 = LINE('',#1811,#1812);
#1811 = CARTESIAN_POINT('',(0.,10.));
#1812 = VECTOR('',#1813,1.);
#1813 = DIRECTION('',(1.,0.));
#1814 = ( GEOMETRIC_REPRESENTATION_CONTEXT(2) 
PARAMETRIC_REPRESENTATION_CONTEXT() REPRESENTATION_CONTEXT('2D SPACE',''
  ) );
#1815 = PCURVE('',#1091,#1816);
#1816 = DEFINITIONAL_REPRESENTATION('',(#1817),#1821);
#1817 = LINE('',#1818,#1819);
#1818 = CARTESIAN_POINT('',(0.,0.));
#1819 = VECTOR('',#1820,1.);
#1820 = DIRECTION('',(1.,0.));
#1821 = ( GEOMETRIC_REPRESENTATION_CONTEXT(2) 
PARAMETRIC_REPRESENTATION_CONTEXT() REPRESENTATION_CONTEXT('2D SPACE',''
  ) );
#1822 = ORIENTED_EDGE('',*,*,#1152,.T.);
#1823 = ORIENTED_EDGE('',*,*,#557,.F.);
#1824 = FACE_BOUND('',#1825,.F.);
#1825 = EDGE_LOOP('',(#1826));
#1826 = ORIENTED_EDGE('',*,*,#1827,.F.);
#1827 = EDGE_CURVE('',#1828,#1828,#1830,.T.);
#1828 = VERTEX_POINT('',#1829);
#1829 = CARTESIAN_POINT('',(99.,-8.,-6.3));
#1830 = SURFACE_CURVE('',#1831,(#1836,#1843),.PCURVE_S1.);
#1831 = CIRCLE('',#1832,1.7);
#1832 = AXIS2_PLACEMENT_3D('',#1833,#1834,#1835);
#1833 = CARTESIAN_POINT('',(99.,-8.,-8.));
#1834 = DIRECTION('',(0.,1.,0.));
#1835 = DIRECTION('',(0.,-0.,1.));
#1836 = PCURVE('',#572,#1837);
#1837 = DEFINITIONAL_REPRESENTATION('',(#1838),#1842);
#1838 = CIRCLE('',#1839,1.7);
#1839 = AXIS2_PLACEMENT_2D('',#1840,#1841);
#1840 = CARTESIAN_POINT('',(3.,2.));
#1841 = DIRECTION('',(1.,0.));
#1842 = ( GEOMETRIC_REPRESENTATION_CONTEXT(2) 
PARAMETRIC_REPRESENTATION_CONTEXT() REPRESENTATION_CONTEXT('2D SPACE',''
  ) );
#1843 = PCURVE('',#1639,#1844);
#1844 = DEFINITIONAL_REPRESENTATION('',(#1845),#1849);
#1845 = LINE('',#1846,#1847);
#1846 = CARTESIAN_POINT('',(0.,12.));
#1847 = VECTOR('',#1848,1.);
#1848 = DIRECTION('',(1.,0.));
#1849 = ( GEOMETRIC_REPRESENTATION_CONTEXT(2) 
PARAMETRIC_REPRESENTATION_CONTEXT() REPRESENTATION_CONTEXT('2D SPACE',''
  ) );
#1850 = ADVANCED_FACE('',(#1851),#705,.F.);
#1851 = FACE_BOUND('',#1852,.F.);
#1852 = EDGE_LOOP('',(#1853,#1874,#1875,#1876));
#1853 = ORIENTED_EDGE('',*,*,#1854,.T.);
#1854 = EDGE_CURVE('',#745,#1581,#1855,.T.);
#1855 = SURFACE_CURVE('',#1856,(#1860,#1867),.PCURVE_S1.);
#1856 = LINE('',#1857,#1858);
#1857 = CARTESIAN_POINT('',(114.,27.,-12.));
#1858 = VECTOR('',#1859,1.);
#1859 = DIRECTION('',(0.,-1.,0.));
#1860 = PCURVE('',#705,#1861);
#1861 = DEFINITIONAL_REPRESENTATION('',(#1862),#1866);
#1862 = LINE('',#1863,#1864);
#1863 = CARTESIAN_POINT('',(0.,0.));
#1864 = VECTOR('',#1865,1.);
#1865 = DIRECTION('',(-0.,-1.));
#1866 = ( GEOMETRIC_REPRESENTATION_CONTEXT(2) 
PARAMETRIC_REPRESENTATION_CONTEXT() REPRESENTATION_CONTEXT('2D SPACE',''
  ) );
#1867 = PCURVE('',#780,#1868);
#1868 = DEFINITIONAL_REPRESENTATION('',(#1869),#1873);
#1869 = LINE('',#1870,#1871);
#1870 = CARTESIAN_POINT('',(5.830951894845,0.));
#1871 = VECTOR('',#1872,1.);
#1872 = DIRECTION('',(0.,-1.));
#1873 = ( GEOMETRIC_REPRESENTATION_CONTEXT(2) 
PARAMETRIC_REPRESENTATION_CONTEXT() REPRESENTATION_CONTEXT('2D SPACE',''
  ) );
#1874 = ORIENTED_EDGE('',*,*,#1601,.F.);
#1875 = ORIENTED_EDGE('',*,*,#689,.F.);
#1876 = ORIENTED_EDGE('',*,*,#744,.F.);
#1877 = ADVANCED_FACE('',(#1878),#858,.F.);
#1878 = FACE_BOUND('',#1879,.F.);
#1879 = EDGE_LOOP('',(#1880,#1901,#1902,#1903));
#1880 = ORIENTED_EDGE('',*,*,#1881,.F.);
#1881 = EDGE_CURVE('',#818,#1030,#1882,.T.);
#1882 = SURFACE_CURVE('',#1883,(#1887,#1894),.PCURVE_S1.);
#1883 = LINE('',#1884,#1885);
#1884 = CARTESIAN_POINT('',(97.,-8.,-3.));
#1885 = VECTOR('',#1886,1.);
#1886 = DIRECTION('',(0.,1.,0.));
#1887 = PCURVE('',#858,#1888);
#1888 = DEFINITIONAL_REPRESENTATION('',(#1889),#1893);
#1889 = LINE('',#1890,#1891);
#1890 = CARTESIAN_POINT('',(8.,0.));
#1891 = VECTOR('',#1892,1.);
#1892 = DIRECTION('',(0.,-1.));
#1893 = ( GEOMETRIC_REPRESENTATION_CONTEXT(2) 
PARAMETRIC_REPRESENTATION_CONTEXT() REPRESENTATION_CONTEXT('2D SPACE',''
  ) );
#1894 = PCURVE('',#832,#1895);
#1895 = DEFINITIONAL_REPRESENTATION('',(#1896),#1900);
#1896 = LINE('',#1897,#1898);
#1897 = CARTESIAN_POINT('',(0.,0.));
#1898 = VECTOR('',#1899,1.);
#1899 = DIRECTION('',(0.,1.));
#1900 = ( GEOMETRIC_REPRESENTATION_CONTEXT(2) 
PARAMETRIC_REPRESENTATION_CONTEXT() REPRESENTATION_CONTEXT('2D SPACE',''
  ) );
#1901 = ORIENTED_EDGE('',*,*,#843,.T.);
#1902 = ORIENTED_EDGE('',*,*,#1002,.T.);
#1903 = ORIENTED_EDGE('',*,*,#1029,.T.);
#1904 = ADVANCED_FACE('',(#1905),#780,.F.);
#1905 = FACE_BOUND('',#1906,.F.);
#1906 = EDGE_LOOP('',(#1907,#1908,#1929,#1930));
#1907 = ORIENTED_EDGE('',*,*,#765,.F.);
#1908 = ORIENTED_EDGE('',*,*,#1909,.T.);
#1909 = EDGE_CURVE('',#766,#1560,#1910,.T.);
#1910 = SURFACE_CURVE('',#1911,(#1915,#1922),.PCURVE_S1.);
#1911 = LINE('',#1912,#1913);
#1912 = CARTESIAN_POINT('',(111.,27.,-7.));
#1913 = VECTOR('',#1914,1.);
#1914 = DIRECTION('',(0.,-1.,0.));
#1915 = PCURVE('',#780,#1916);
#1916 = DEFINITIONAL_REPRESENTATION('',(#1917),#1921);
#1917 = LINE('',#1918,#1919);
#1918 = CARTESIAN_POINT('',(0.,0.));
#1919 = VECTOR('',#1920,1.);
#1920 = DIRECTION('',(0.,-1.));
#1921 = ( GEOMETRIC_REPRESENTATION_CONTEXT(2) 
PARAMETRIC_REPRESENTATION_CONTEXT() REPRESENTATION_CONTEXT('2D SPACE',''
  ) );
#1922 = PCURVE('',#806,#1923);
#1923 = DEFINITIONAL_REPRESENTATION('',(#1924),#1928);
#1924 = LINE('',#1925,#1926);
#1925 = CARTESIAN_POINT('',(17.720045146669,0.));
#1926 = VECTOR('',#1927,1.);
#1927 = DIRECTION('',(0.,-1.));
#1928 = ( GEOMETRIC_REPRESENTATION_CONTEXT(2) 
PARAMETRIC_REPRESENTATION_CONTEXT() REPRESENTATION_CONTEXT('2D SPACE',''
  ) );
#1929 = ORIENTED_EDGE('',*,*,#1580,.F.);
#1930 = ORIENTED_EDGE('',*,*,#1854,.F.);
#1931 = ADVANCED_FACE('',(#1932),#832,.T.);
#1932 = FACE_BOUND('',#1933,.T.);
#1933 = EDGE_LOOP('',(#1934,#1955,#1956,#1977,#1978,#1979,#1980,#1999));
#1934 = ORIENTED_EDGE('',*,*,#1935,.F.);
#1935 = EDGE_CURVE('',#1757,#1513,#1936,.T.);
#1936 = SURFACE_CURVE('',#1937,(#1941,#1948),.PCURVE_S1.);
#1937 = LINE('',#1938,#1939);
#1938 = CARTESIAN_POINT('',(97.,-8.,-3.));
#1939 = VECTOR('',#1940,1.);
#1940 = DIRECTION('',(0.,1.,0.));
#1941 = PCURVE('',#832,#1942);
#1942 = DEFINITIONAL_REPRESENTATION('',(#1943),#1947);
#1943 = LINE('',#1944,#1945);
#1944 = CARTESIAN_POINT('',(0.,0.));
#1945 = VECTOR('',#1946,1.);
#1946 = DIRECTION('',(0.,1.));
#1947 = ( GEOMETRIC_REPRESENTATION_CONTEXT(2) 
PARAMETRIC_REPRESENTATION_CONTEXT() REPRESENTATION_CONTEXT('2D SPACE',''
  ) );
#1948 = PCURVE('',#1527,#1949);
#1949 = DEFINITIONAL_REPRESENTATION('',(#1950),#1954);
#1950 = LINE('',#1951,#1952);
#1951 = CARTESIAN_POINT('',(8.,0.));
#1952 = VECTOR('',#1953,1.);
#1953 = DIRECTION('',(0.,-1.));
#1954 = ( GEOMETRIC_REPRESENTATION_CONTEXT(2) 
PARAMETRIC_REPRESENTATION_CONTEXT() REPRESENTATION_CONTEXT('2D SPACE',''
  ) );
#1955 = ORIENTED_EDGE('',*,*,#1779,.T.);
#1956 = ORIENTED_EDGE('',*,*,#1957,.T.);
#1957 = EDGE_CURVE('',#1780,#1053,#1958,.T.);
#1958 = SURFACE_CURVE('',#1959,(#1963,#1970),.PCURVE_S1.);
#1959 = LINE('',#1960,#1961);
#1960 = CARTESIAN_POINT('',(107.,-8.,-3.));
#1961 = VECTOR('',#1962,1.);
#1962 = DIRECTION('',(0.,1.,0.));
#1963 = PCURVE('',#832,#1964);
#1964 = DEFINITIONAL_REPRESENTATION('',(#1965),#1969);
#1965 = LINE('',#1966,#1967);
#1966 = CARTESIAN_POINT('',(10.,0.));
#1967 = VECTOR('',#1968,1.);
#1968 = DIRECTION('',(0.,1.));
#1969 = ( GEOMETRIC_REPRESENTATION_CONTEXT(2) 
PARAMETRIC_REPRESENTATION_CONTEXT() REPRESENTATION_CONTEXT('2D SPACE',''
  ) );
#1970 = PCURVE('',#1091,#1971);
#1971 = DEFINITIONAL_REPRESENTATION('',(#1972),#1976);
#1972 = LINE('',#1973,#1974);
#1973 = CARTESIAN_POINT('',(8.,0.));
#1974 = VECTOR('',#1975,1.);
#1975 = DIRECTION('',(0.,-1.));
#1976 = ( GEOMETRIC_REPRESENTATION_CONTEXT(2) 
PARAMETRIC_REPRESENTATION_CONTEXT() REPRESENTATION_CONTEXT('2D SPACE',''
  ) );
#1977 = ORIENTED_EDGE('',*,*,#1052,.F.);
#1978 = ORIENTED_EDGE('',*,*,#1881,.F.);
#1979 = ORIENTED_EDGE('',*,*,#817,.T.);
#1980 = ORIENTED_EDGE('',*,*,#1981,.F.);
#1981 = EDGE_CURVE('',#1539,#792,#1982,.T.);
#1982 = SURFACE_CURVE('',#1983,(#1987,#1993),.PCURVE_S1.);
#1983 = LINE('',#1984,#1985);
#1984 = CARTESIAN_POINT('',(97.4,9.5,-3.));
#1985 = VECTOR('',#1986,1.);
#1986 = DIRECTION('',(0.,1.,0.));
#1987 = PCURVE('',#832,#1988);
#1988 = DEFINITIONAL_REPRESENTATION('',(#1989),#1992);
#1989 = B_SPLINE_CURVE_WITH_KNOTS('',1,(#1990,#1991),.UNSPECIFIED.,.F.,
  .F.,(2,2),(-16.77659574468,-2.15306122449),.PIECEWISE_BEZIER_KNOTS.);
#1990 = CARTESIAN_POINT('',(0.4,0.723404255319));
#1991 = CARTESIAN_POINT('',(0.4,15.34693877551));
#1992 = ( GEOMETRIC_REPRESENTATION_CONTEXT(2) 
PARAMETRIC_REPRESENTATION_CONTEXT() REPRESENTATION_CONTEXT('2D SPACE',''
  ) );
#1993 = PCURVE('',#806,#1994);
#1994 = DEFINITIONAL_REPRESENTATION('',(#1995),#1998);
#1995 = B_SPLINE_CURVE_WITH_KNOTS('',1,(#1996,#1997),.UNSPECIFIED.,.F.,
  .F.,(2,2),(-16.77659574468,-2.15306122449),.PIECEWISE_BEZIER_KNOTS.);
#1996 = CARTESIAN_POINT('',(3.544009029334,-34.27659574468));
#1997 = CARTESIAN_POINT('',(3.544009029334,-19.65306122449));
#1998 = ( GEOMETRIC_REPRESENTATION_CONTEXT(2) 
PARAMETRIC_REPRESENTATION_CONTEXT() REPRESENTATION_CONTEXT('2D SPACE',''
  ) );
#1999 = ORIENTED_EDGE('',*,*,#1538,.T.);
#2000 = ADVANCED_FACE('',(#2001),#806,.F.);
#2001 = FACE_BOUND('',#2002,.F.);
#2002 = EDGE_LOOP('',(#2003,#2004,#2005,#2006));
#2003 = ORIENTED_EDGE('',*,*,#791,.F.);
#2004 = ORIENTED_EDGE('',*,*,#1981,.F.);
#2005 = ORIENTED_EDGE('',*,*,#1559,.F.);
#2006 = ORIENTED_EDGE('',*,*,#1909,.F.);
#2007 = ADVANCED_FACE('',(#2008),#907,.F.);
#2008 = FACE_BOUND('',#2009,.F.);
#2009 = EDGE_LOOP('',(#2010,#2011,#2032,#2033));
#2010 = ORIENTED_EDGE('',*,*,#1125,.F.);
#2011 = ORIENTED_EDGE('',*,*,#2012,.F.);
#2012 = EDGE_CURVE('',#891,#1126,#2013,.T.);
#2013 = SEAM_CURVE('',#2014,(#2018,#2025),.PCURVE_S1.);
#2014 = LINE('',#2015,#2016);
#2015 = CARTESIAN_POINT('',(99.,-20.,-6.3));
#2016 = VECTOR('',#2017,1.);
#2017 = DIRECTION('',(0.,1.,0.));
#2018 = PCURVE('',#907,#2019);
#2019 = DEFINITIONAL_REPRESENTATION('',(#2020),#2024);
#2020 = LINE('',#2021,#2022);
#2021 = CARTESIAN_POINT('',(6.28318530718,-0.));
#2022 = VECTOR('',#2023,1.);
#2023 = DIRECTION('',(0.,1.));
#2024 = ( GEOMETRIC_REPRESENTATION_CONTEXT(2) 
PARAMETRIC_REPRESENTATION_CONTEXT() REPRESENTATION_CONTEXT('2D SPACE',''
  ) );
#2025 = PCURVE('',#907,#2026);
#2026 = DEFINITIONAL_REPRESENTATION('',(#2027),#2031);
#2027 = LINE('',#2028,#2029);
#2028 = CARTESIAN_POINT('',(0.,-0.));
#2029 = VECTOR('',#2030,1.);
#2030 = DIRECTION('',(0.,1.));
#2031 = ( GEOMETRIC_REPRESENTATION_CONTEXT(2) 
PARAMETRIC_REPRESENTATION_CONTEXT() REPRESENTATION_CONTEXT('2D SPACE',''
  ) );
#2032 = ORIENTED_EDGE('',*,*,#890,.F.);
#2033 = ORIENTED_EDGE('',*,*,#2012,.T.);
#2034 = ADVANCED_FACE('',(#2035),#951,.F.);
#2035 = FACE_BOUND('',#2036,.F.);
#2036 = EDGE_LOOP('',(#2037,#2038,#2059,#2060));
#2037 = ORIENTED_EDGE('',*,*,#1343,.F.);
#2038 = ORIENTED_EDGE('',*,*,#2039,.F.);
#2039 = EDGE_CURVE('',#935,#1344,#2040,.T.);
#2040 = SEAM_CURVE('',#2041,(#2045,#2052),.PCURVE_S1.);
#2041 = LINE('',#2042,#2043);
#2042 = CARTESIAN_POINT('',(108.,-25.,-8.3));
#2043 = VECTOR('',#2044,1.);
#2044 = DIRECTION('',(0.,1.,0.));
#2045 = PCURVE('',#951,#2046);
#2046 = DEFINITIONAL_REPRESENTATION('',(#2047),#2051);
#2047 = LINE('',#2048,#2049);
#2048 = CARTESIAN_POINT('',(6.28318530718,-0.));
#2049 = VECTOR('',#2050,1.);
#2050 = DIRECTION('',(0.,1.));
#2051 = ( GEOMETRIC_REPRESENTATION_CONTEXT(2) 
PARAMETRIC_REPRESENTATION_CONTEXT() REPRESENTATION_CONTEXT('2D SPACE',''
  ) );
#2052 = PCURVE('',#951,#2053);
#2053 = DEFINITIONAL_REPRESENTATION('',(#2054),#2058);
#2054 = LINE('',#2055,#2056);
#2055 = CARTESIAN_POINT('',(0.,-0.));
#2056 = VECTOR('',#2057,1.);
#2057 = DIRECTION('',(0.,1.));
#2058 = ( GEOMETRIC_REPRESENTATION_CONTEXT(2) 
PARAMETRIC_REPRESENTATION_CONTEXT() REPRESENTATION_CONTEXT('2D SPACE',''
  ) );
#2059 = ORIENTED_EDGE('',*,*,#934,.F.);
#2060 = ORIENTED_EDGE('',*,*,#2039,.T.);
#2061 = ADVANCED_FACE('',(#2062),#1091,.T.);
#2062 = FACE_BOUND('',#2063,.T.);
#2063 = EDGE_LOOP('',(#2064,#2065,#2066,#2067));
#2064 = ORIENTED_EDGE('',*,*,#1802,.F.);
#2065 = ORIENTED_EDGE('',*,*,#1295,.T.);
#2066 = ORIENTED_EDGE('',*,*,#1075,.T.);
#2067 = ORIENTED_EDGE('',*,*,#1957,.F.);
#2068 = ADVANCED_FACE('',(#2069),#1413,.F.);
#2069 = FACE_BOUND('',#2070,.F.);
#2070 = EDGE_LOOP('',(#2071,#2072,#2093,#2094));
#2071 = ORIENTED_EDGE('',*,*,#1666,.F.);
#2072 = ORIENTED_EDGE('',*,*,#2073,.F.);
#2073 = EDGE_CURVE('',#1397,#1667,#2074,.T.);
#2074 = SEAM_CURVE('',#2075,(#2079,#2086),.PCURVE_S1.);
#2075 = LINE('',#2076,#2077);
#2076 = CARTESIAN_POINT('',(108.,-25.,-8.3));
#2077 = VECTOR('',#2078,1.);
#2078 = DIRECTION('',(0.,1.,0.));
#2079 = PCURVE('',#1413,#2080);
#2080 = DEFINITIONAL_REPRESENTATION('',(#2081),#2085);
#2081 = LINE('',#2082,#2083);
#2082 = CARTESIAN_POINT('',(6.28318530718,-0.));
#2083 = VECTOR('',#2084,1.);
#2084 = DIRECTION('',(0.,1.));
#2085 = ( GEOMETRIC_REPRESENTATION_CONTEXT(2) 
PARAMETRIC_REPRESENTATION_CONTEXT() REPRESENTATION_CONTEXT('2D SPACE',''
  ) );
#2086 = PCURVE('',#1413,#2087);
#2087 = DEFINITIONAL_REPRESENTATION('',(#2088),#2092);
#2088 = LINE('',#2089,#2090);
#2089 = CARTESIAN_POINT('',(0.,-0.));
#2090 = VECTOR('',#2091,1.);
#2091 = DIRECTION('',(0.,1.));
#2092 = ( GEOMETRIC_REPRESENTATION_CONTEXT(2) 
PARAMETRIC_REPRESENTATION_CONTEXT() REPRESENTATION_CONTEXT('2D SPACE',''
  ) );
#2093 = ORIENTED_EDGE('',*,*,#1396,.T.);
#2094 = ORIENTED_EDGE('',*,*,#2073,.T.);
#2095 = ADVANCED_FACE('',(#2096),#1527,.F.);
#2096 = FACE_BOUND('',#2097,.F.);
#2097 = EDGE_LOOP('',(#2098,#2099,#2100,#2101));
#2098 = ORIENTED_EDGE('',*,*,#1935,.F.);
#2099 = ORIENTED_EDGE('',*,*,#1756,.F.);
#2100 = ORIENTED_EDGE('',*,*,#1707,.T.);
#2101 = ORIENTED_EDGE('',*,*,#1512,.T.);
#2102 = ADVANCED_FACE('',(#2103),#1639,.F.);
#2103 = FACE_BOUND('',#2104,.F.);
#2104 = EDGE_LOOP('',(#2105,#2106,#2127,#2128));
#2105 = ORIENTED_EDGE('',*,*,#1622,.F.);
#2106 = ORIENTED_EDGE('',*,*,#2107,.F.);
#2107 = EDGE_CURVE('',#1828,#1623,#2108,.T.);
#2108 = SEAM_CURVE('',#2109,(#2113,#2120),.PCURVE_S1.);
#2109 = LINE('',#2110,#2111);
#2110 = CARTESIAN_POINT('',(99.,-20.,-6.3));
#2111 = VECTOR('',#2112,1.);
#2112 = DIRECTION('',(0.,1.,0.));
#2113 = PCURVE('',#1639,#2114);
#2114 = DEFINITIONAL_REPRESENTATION('',(#2115),#2119);
#2115 = LINE('',#2116,#2117);
#2116 = CARTESIAN_POINT('',(6.28318530718,-0.));
#2117 = VECTOR('',#2118,1.);
#2118 = DIRECTION('',(0.,1.));
#2119 = ( GEOMETRIC_REPRESENTATION_CONTEXT(2) 
PARAMETRIC_REPRESENTATION_CONTEXT() REPRESENTATION_CONTEXT('2D SPACE',''
  ) );
#2120 = PCURVE('',#1639,#2121);
#2121 = DEFINITIONAL_REPRESENTATION('',(#2122),#2126);
#2122 = LINE('',#2123,#2124);
#2123 = CARTESIAN_POINT('',(0.,-0.));
#2124 = VECTOR('',#2125,1.);
#2125 = DIRECTION('',(0.,1.));
#2126 = ( GEOMETRIC_REPRESENTATION_CONTEXT(2) 
PARAMETRIC_REPRESENTATION_CONTEXT() REPRESENTATION_CONTEXT('2D SPACE',''
  ) );
#2127 = ORIENTED_EDGE('',*,*,#1827,.T.);
#2128 = ORIENTED_EDGE('',*,*,#2107,.T.);
#2129 = ( GEOMETRIC_REPRESENTATION_CONTEXT(3) 
GLOBAL_UNCERTAINTY_ASSIGNED_CONTEXT((#2133)) 
GLOBAL_UNIT_ASSIGNED_CONTEXT((#2130,#2131,#2132)) REPRESENTATION_CONTEXT
('Context #1','3D Context with UNIT and UNCERTAINTY') );
#2130 = ( LENGTH_UNIT() NAMED_UNIT(*) SI_UNIT(.MILLI.,.METRE.) );
#2131 = ( NAMED_UNIT(*) PLANE_ANGLE_UNIT() SI_UNIT($,.RADIAN.) );
#2132 = ( NAMED_UNIT(*) SI_UNIT($,.STERADIAN.) SOLID_ANGLE_UNIT() );
#2133 = UNCERTAINTY_MEASURE_WITH_UNIT(LENGTH_MEASURE(1.E-07),#2130,
  'distance_accuracy_value','confusion accuracy');
#2134 = PRODUCT_RELATED_PRODUCT_CATEGORY('part',$,(#7));
ENDSEC;
END-ISO-10303-21;
